partnerCode,year,ctry_total_value,ctry_hs_diversity,ctry_max_hs_share,ctry_hhi,ctry_entropy,ctry_log_total_value,ctry_pc1,ctry_pc2,ctry_pca_var1,ctry_pca_var2,prev_year,prev_pc1,prev_pc2,ctry_dx,ctry_dy,ctry_drift,year_pair,ctry_hs_js_similarity,ctry_hs_js_distance,ctry_common_hs_count,ctry_new_hs_count,ctry_lost_hs_count,ctry_filtered_hs_count,ctry_trajectory_cluster,ctry_quadrant_type
0,2019,2026874783.134,63,0.14608519495968517,0.08380767914962864,2.8356901079430115,21.42976092852397,3.7586948532439717,0.9199751408184718,0.8257894310170636,0.1389884275239703,2018,3.75544939387072,0.9442384902745855,0.0032454593732516024,-0.024263349456113747,0.024479443077262235,2018-2019,0.8160095255165897,0.18399047448341033,50,2,3,55,1,C_low_drift_high_JS
0,2020,1997990346.9980001,63,0.15587113711231143,0.08828494116807978,2.82670802974861,21.415407686329274,3.7228417435945365,0.8252283846720212,0.829907087217483,0.135658343738884,2019,3.7586948532439717,0.9199751408184718,-0.03585310964943522,-0.09474675614645056,0.10130347117354564,2019-2020,0.7371484909054833,0.2628515090945167,49,4,3,56,1,C_low_drift_high_JS
0,2021,2314508249.803,64,0.134852668598423,0.0818717944261651,2.8624059434478912,21.56246308326096,3.7142416254387807,0.7547208556797824,0.8221884761128052,0.14222676506674978,2020,3.7228417435945365,0.8252283846720212,-0.008600118155755787,-0.07050752899223878,0.07103008993999903,2020-2021,0.7629112913137568,0.2370887086862432,50,3,2,55,1,C_low_drift_high_JS
0,2022,2272327257.098,63,0.14790973323940762,0.0842789833189107,2.84177146842603,21.54407036708841,3.748222938241119,0.7627523577164478,0.8376904997283527,0.12527962862764733,2021,3.7142416254387807,0.7547208556797824,0.033981312802338515,0.008031502036665361,0.03491754064557433,2021-2022,0.9400696002753348,0.059930399724665184,52,1,3,56,1,C_low_drift_high_JS
0,2023,2315217745.554,65,0.14633997439317642,0.08616887633821918,2.819843220585578,21.56276957904795,3.7657402464614065,0.7838657942869973,0.8236356131357486,0.139597998005302,2022,3.748222938241119,0.7627523577164478,0.017517308220287298,0.021113436570549537,0.02743416284677124,2022-2023,0.9048508970240019,0.0951491029759981,55,3,0,58,1,C_low_drift_high_JS
0,2024,2492032486.066,64,0.1595878243199865,0.09237498340576562,2.729778203379291,21.63636447432998,3.5779040790885284,0.832194302285385,0.8109872782354558,0.15098935707232974,2023,3.7657402464614065,0.7838657942869973,-0.18783616737287812,0.048328507998387726,0.1939537843370995,2023-2024,0.9103466963593593,0.08965330364064072,51,1,3,55,1,C_low_drift_high_JS
4,2019,647614.33,15,0.5644753104830155,0.409727961827392,1.0857584362450532,13.381052172525205,-0.4199271255985362,-0.044872496718931267,0.8257894310170636,0.1389884275239703,2018,-2.0172689100982426,0.868789937413679,1.5973417844997064,-0.9136624341326103,1.8401847244376943,2018-2019,0.4924279011775654,0.5075720988224346,9,2,2,13,2,B_high_drift_low_JS
4,2020,648386.058,20,0.4739398637717161,0.42243131622480895,1.0102314910251686,13.382243108743161,-0.10389727570340955,-0.06260590032963602,0.829907087217483,0.135658343738884,2019,-0.4199271255985362,-0.044872496718931267,0.3160298498951266,-0.017733403610704752,0.3165269966817308,2019-2020,0.8018173784369023,0.19818262156309774,10,1,0,11,2,C_low_drift_high_JS
4,2021,726607.0,11,0.5082527418535742,0.4809868075949945,0.7967205455023894,13.496142408893048,-0.5874999263878183,-0.06645239550045909,0.8221884761128052,0.14222676506674978,2020,-0.10389727570340955,-0.06260590032963602,-0.4836026506844088,-0.0038464951708230694,0.4836179476343754,2020-2021,0.7930192679918299,0.20698073200817013,8,1,4,13,2,C_low_drift_high_JS
4,2022,1043432.26,9,0.7412784994782508,0.5765691383497537,0.8497744678515396,13.85802704561979,-1.1263908074792333,0.46101389043662333,0.8376904997283527,0.12527962862764733,2021,-0.5874999263878183,-0.06645239550045909,-0.5388908810914149,0.5274662859370824,0.7540716574197319,2021-2022,0.577870738773546,0.422129261226454,6,2,2,10,2,B_high_drift_low_JS
4,2023,1069710.18,14,0.9241545219285471,0.8559466230484524,0.3757152577012963,13.88289924476807,-2.1273176179682918,1.3197460061572979,0.8236356131357486,0.139597998005302,2022,-1.1263908074792333,0.46101389043662333,-1.0009268104890585,0.8587321157206745,1.3188158804495438,2022-2023,0.7476166988838295,0.25238330111617047,6,4,1,11,2,A_high_drift_high_JS
4,2024,1244231.4600000002,7,0.9522159164822916,0.9081197615730533,0.2261481612292739,14.03402939977595,-2.577639276381911,1.3518957286590574,0.8109872782354558,0.15098935707232974,2023,-2.1273176179682918,1.3197460061572979,-0.4503216584136194,0.032149722501759515,0.45146782907903044,2023-2024,0.837517208747065,0.16248279125293497,5,1,5,11,2,C_low_drift_high_JS
8,2019,78156.86,22,0.43954311879980845,0.26117143318118796,1.7125772951128215,11.266485906607953,0.3347892367092806,-0.799022214650196,0.8257894310170636,0.1389884275239703,2018,0.2902412110648613,-0.9820991777903053,0.04454802564441934,0.18307696314010935,0.18841895080225024,2018-2019,0.5926302369681533,0.4073697630318467,16,3,4,23,1,D_low_drift_low_JS
8,2020,135547.231,23,0.34852700163236827,0.24168840847740644,1.6312078684781128,11.817082804306795,0.6697349282580454,-0.8405482256662203,0.829907087217483,0.135658343738884,2019,0.3347892367092806,-0.799022214650196,0.33494569154876475,-0.04152601101602438,0.33751003818847114,2019-2020,0.43933925089828707,0.5606607491017129,15,2,4,21,1,D_low_drift_low_JS
8,2021,280817.65,27,0.35868710531549564,0.27644520018440644,1.4749675107056541,12.545464366307174,0.6175873912145675,-0.5420601087334296,0.8221884761128052,0.14222676506674978,2020,0.6697349282580454,-0.8405482256662203,-0.052147537043477854,0.29848811693279076,0.3030091113643025,2020-2021,0.7306616917498737,0.2693383082501263,18,1,1,20,1,C_low_drift_high_JS
8,2022,345538.939,30,0.37156843559098846,0.2806991850493202,1.4626118749484174,12.75286351319348,0.679933016350055,-0.45059236761321775,0.8376904997283527,0.12527962862764733,2021,0.6175873912145675,-0.5420601087334296,0.06234562513548747,0.09146774112021183,0.11069473627579958,2021-2022,0.8931686114040636,0.10683138859593644,19,1,1,21,1,C_low_drift_high_JS
8,2023,471934.962,38,0.29118312493237153,0.23006222949617477,1.6313795945869258,13.064598581634366,1.1755322227729967,-0.49013127923665906,0.8236356131357486,0.139597998005302,2022,0.679933016350055,-0.45059236761321775,0.49559920642294175,-0.03953891162344131,0.49717391216697593,2022-2023,0.8495053413907537,0.15049465860924627,20,2,1,23,1,A_high_drift_high_JS
8,2024,628332.221,36,0.33274584210762603,0.24263641730100458,1.5540225175194555,13.350825911416281,0.9502770466198589,-0.33831573553184924,0.8109872782354558,0.15098935707232974,2023,1.1755322227729967,-0.49013127923665906,-0.22525517615313784,0.15181554370480982,0.27163919763938377,2023-2024,0.8848538750202845,0.11514612497971555,21,0,1,22,1,C_low_drift_high_JS
10,2022,5894.71,11,0.7244817811223961,0.5456382839950369,0.9907532378844697,8.681980246770769,-1.4394452876073172,-0.49790208311806794,0.8376904997283527,0.12527962862764733,2020,-1.1925665332485293,-2.0347358380073635,-0.2468787543587878,1.5368337548892956,1.5565368962928179,2020-2022,0.01121668216913041,0.9887833178308696,2,9,5,16,0,B_high_drift_low_JS
10,2023,71064.05,19,0.8616452341233014,0.7495105962762079,0.5698499206301691,11.171350933754093,-1.8930153744913902,0.6784214039072328,0.8236356131357486,0.139597998005302,2022,-1.4394452876073172,-0.49790208311806794,-0.4535700868840731,1.1763234870253008,1.2607389776807048,2022-2023,0.2339717160813929,0.7660282839186071,8,8,3,19,0,B_high_drift_low_JS
10,2024,69892.8,22,0.8883819220291647,0.7919481032123922,0.5529258369668053,11.15473222614779,-2.0497600803098526,0.8638997451771515,0.8109872782354558,0.15098935707232974,2023,-1.8930153744913902,0.6784214039072328,-0.15674470581846234,0.1854783412699187,0.24283969585378073,2023-2024,0.8447383539432622,0.15526164605673776,15,3,1,19,0,C_low_drift_high_JS
12,2019,2681318.9,35,0.7765168514644044,0.6150147779750398,0.9269063565425515,14.801819731248719,-0.6498757456261114,1.3232959814868457,0.8257894310170636,0.1389884275239703,2018,-0.9651238232488231,1.6735101069709175,0.3152480776227117,-0.3502141254840718,0.47120195684375976,2018-2019,0.8579617822649697,0.14203821773503034,24,2,2,28,3,C_low_drift_high_JS
12,2020,817016.199,38,0.5818364844930082,0.3819235480322062,1.460401759910441,13.613415425028151,0.4276639647509087,0.37218911765698254,0.829907087217483,0.135658343738884,2019,-0.6498757456261114,1.3232959814868457,1.0775397103770201,-0.9511068638298632,1.4372529679439423,2019-2020,0.7697960445394525,0.2302039554605475,26,3,0,29,3,A_high_drift_high_JS
12,2021,588696.059,38,0.3668523896131603,0.2195942078838775,1.8660943141736084,13.28566699925052,1.2097431067641522,-0.3480862142847303,0.8221884761128052,0.14222676506674978,2020,0.4276639647509087,0.37218911765698254,0.7820791420132436,-0.7202753319417128,1.0632235598292186,2020-2021,0.6867142778377888,0.3132857221622112,26,0,3,29,3,B_high_drift_low_JS
12,2022,752975.871,38,0.5817774365308978,0.3867676673260015,1.390668557242565,13.531789790506839,0.3351206517156281,0.3333892269056802,0.8376904997283527,0.12527962862764733,2021,1.2097431067641522,-0.3480862142847303,-0.8746224550485241,0.6814754411904105,1.1087710385019858,2021-2022,0.6795041385209412,0.32049586147905884,25,3,1,29,3,B_high_drift_low_JS
12,2023,429883.369,38,0.4605176270496754,0.3083324326804231,1.574817088229532,12.97127154220483,0.7050413715160445,-0.10856028224113805,0.8236356131357486,0.139597998005302,2022,0.3351206517156281,0.3333892269056802,0.3699207198004164,-0.44194950914681824,0.5763338507955018,2022-2023,0.7774057951259098,0.2225942048740902,27,1,2,30,3,A_high_drift_high_JS
12,2024,366322.526,37,0.4021920289990575,0.29256370969307127,1.5168949222084789,12.811272172748728,0.6894986650907133,-0.22003975979325238,0.8109872782354558,0.15098935707232974,2023,0.7050413715160445,-0.10856028224113805,-0.015542706425331176,-0.11147947755211433,0.1125577613419723,2023-2024,0.7052282166850601,0.2947717833149399,23,3,5,31,3,D_low_drift_low_JS
16,2019,312757.18,9,0.6881421555214176,0.5422294290331544,0.798001759142597,12.653185583063058,-1.2287194082474115,0.13853630477943837,0.8257894310170636,0.1389884275239703,2018,-1.6511031605233304,0.517838447850691,0.42238375227591884,-0.37930214307125265,0.5676954728770786,2018-2019,0.8274834543455314,0.1725165456544686,5,1,2,8,1,A_high_drift_high_JS
16,2020,349411.44,12,0.6506713117349564,0.4857481108956479,1.0020099735345132,12.764008279940677,-0.7412025044533307,0.024444506727549175,0.829907087217483,0.135658343738884,2019,-1.2287194082474115,0.13853630477943837,0.48751690379408086,-0.1140917980518892,0.5006891948781002,2019-2020,0.8064703303945087,0.19352966960549134,6,2,0,8,1,A_high_drift_high_JS
16,2021,351173.026,14,0.6660705198923792,0.4983873797963655,1.0130399436795055,12.769037180149311,-0.7733849155200626,0.09032914271784372,0.8221884761128052,0.14222676506674978,2020,-0.7412025044533307,0.024444506727549175,-0.03218241106673192,0.06588463599029454,0.07332457188174864,2020-2021,0.8888721032292843,0.11112789677071566,8,2,0,10,1,C_low_drift_high_JS
16,2022,392870.68,21,0.726501147909536,0.5534737485496941,0.9895817577073033,12.881238323539186,-0.8357464212797786,0.43767776754999616,0.8376904997283527,0.12527962862764733,2021,-0.7733849155200626,0.09032914271784372,-0.062361505759715996,0.34734862483215245,0.3529022875717958,2021-2022,0.8440007237526939,0.15599927624730614,9,5,2,16,1,C_low_drift_high_JS
16,2023,400112.322,19,0.7233743728592293,0.549963351062799,1.030835574440797,12.899503090966835,-0.8704897558910734,0.370646869867763,0.8236356131357486,0.139597998005302,2022,-0.8357464212797786,0.43767776754999616,-0.03474333461129475,-0.06703089768223314,0.07549993737744687,2022-2023,0.8125364654841067,0.18746353451589326,10,3,5,18,1,C_low_drift_high_JS
16,2024,435633.274,23,0.6891663651936744,0.5121042734129367,1.0393231653428188,12.984558349222972,-0.7383290119818805,0.3762103971956519,0.8109872782354558,0.15098935707232974,2023,-0.8704897558910734,0.370646869867763,0.13216074390919286,0.005563527327888895,0.13227779506387088,2023-2024,0.7992022346087317,0.20079776539126826,11,3,3,17,1,C_low_drift_high_JS
20,2019,55.61900000000001,6,0.5109764648771103,0.44985629697532065,0.9397976790003548,4.0363446179241125,-1.6666740257817367,-1.8613796583773816,0.8257894310170636,0.1389884275239703,2018,-1.855035165655571,-0.8698890490299629,0.1883611398738343,-0.9914906093474187,1.0092242305051369,2018-2019,0.05833716387383603,0.941662836126164,2,4,5,11,3,B_high_drift_low_JS
20,2020,4234.79,6,0.8650162109573319,0.756780995800788,0.509553229869367,8.351325130421591,-2.3951397544691053,-0.030417367041556717,0.829907087217483,0.135658343738884,2019,-1.6666740257817367,-1.8613796583773816,-0.7284657286873686,1.830962291335825,1.9705545488937253,2019-2020,0.08249561560224627,0.9175043843977537,2,4,4,10,3,B_high_drift_low_JS
20,2021,58.366,6,0.8943563033272797,0.8033573237013326,0.48189714412458595,4.0837216719181875,-2.947366885515654,-0.6029315819592844,0.8221884761128052,0.14222676506674978,2020,-2.3951397544691053,-0.030417367041556717,-0.5522271310465485,-0.5725142149177277,0.795441594679813,2020-2021,0.09423379636409723,0.9057662036359028,3,3,3,9,3,B_high_drift_low_JS
20,2022,51.369,7,0.7722361735677159,0.6179458572468567,0.8025478667163168,3.958314813207425,-2.30466837752855,-1.1764664922193675,0.8376904997283527,0.12527962862764733,2021,-2.947366885515654,-0.6029315819592844,0.6426985079871037,-0.5735349102600831,0.8613963463214195,2021-2022,0.7124073570734675,0.2875926429265325,3,4,3,10,3,B_high_drift_low_JS
20,2023,85.51,7,0.3875570108759209,0.3143359740160507,1.2648227852605682,4.460260014192283,-0.822890623742608,-2.2126643690086905,0.8236356131357486,0.139597998005302,2022,-2.30466837752855,-1.1764664922193675,1.4817777537859422,-1.036197876789323,1.8081403019338995,2022-2023,0.48101561805100523,0.5189843819489948,4,3,3,10,3,B_high_drift_low_JS
20,2024,257.4,9,0.46400543900543906,0.3204604688025435,1.3284474236135917,5.554508771908447,-0.8300146537523279,-1.815590663369267,0.8109872782354558,0.15098935707232974,2023,-0.822890623742608,-2.2126643690086905,-0.0071240300097198395,0.39707370563942335,0.3971376077807323,2023-2024,0.5699063142132725,0.43009368578672746,7,2,0,9,3,D_low_drift_low_JS
24,2019,528361.02,22,0.875946526108228,0.7724874529883042,0.5771655495328187,13.177536971681374,-1.7362840223176448,1.198814638658414,0.8257894310170636,0.1389884275239703,2018,-1.3029810366955312,0.9288671253019338,-0.43330298562211356,0.26994751335648015,0.510512622093112,2018-2019,0.8470279386977194,0.15297206130228058,14,4,4,22,3,A_high_drift_high_JS
24,2020,49253.424,20,0.644848569309618,0.436557168829757,1.3843893144492452,10.804754469977162,-0.46104578108056904,-0.29452037518482854,0.829907087217483,0.135658343738884,2019,-1.7362840223176448,1.198814638658414,1.2752382412370757,-1.4933350138432426,1.963741845427659,2019-2020,0.12411044787009051,0.8758895521299095,13,5,7,25,3,B_high_drift_low_JS
24,2021,59917.356,25,0.48783861557576075,0.35603975309450897,1.348959841465021,11.000738181232602,0.007196324791255792,-0.5015254356674826,0.8221884761128052,0.14222676506674978,2020,-0.46104578108056904,-0.29452037518482854,0.46824210587182485,-0.2070050604826541,0.5119587530033143,2020-2021,0.5356412874682417,0.4643587125317583,14,4,4,22,3,B_high_drift_low_JS
24,2022,234978.317,33,0.8000227527376493,0.6603430372042094,0.7605333849585745,12.367252776486987,-1.0839889397197586,0.8961183068538205,0.8376904997283527,0.12527962862764733,2021,0.007196324791255792,-0.5015254356674826,-1.0911852645110145,1.397643742521303,1.7731591334380925,2021-2022,0.660929472364757,0.33907052763524304,17,4,2,23,3,B_high_drift_low_JS
24,2023,77712.265,26,0.7742098367612885,0.6094408864823464,0.9825947806627547,11.260781242505336,-1.1100475780188148,0.41212418771960824,0.8236356131357486,0.139597998005302,2022,-1.0839889397197586,0.8961183068538205,-0.02605863829905619,-0.4839941191342123,0.48469512065472986,2022-2023,0.6264964855033892,0.3735035144966108,15,5,4,24,3,D_low_drift_low_JS
24,2024,102614.059,22,0.5185147193134617,0.34832275241243843,1.3802191641113812,11.538739974827717,-0.1118991036655233,-0.4537902966758284,0.8109872782354558,0.15098935707232974,2023,-1.1100475780188148,0.41212418771960824,0.9981484743532916,-0.8659144843954366,1.321403901590887,2023-2024,0.5220486128555946,0.47795138714440544,14,3,6,23,3,B_high_drift_low_JS
28,2019,34.75,2,0.9956834532374101,0.9914041716267274,0.02781210721253069,3.5765502691400166,-4.0779860456173,-0.29867640782813515,0.8257894310170636,0.1389884275239703,2018,-3.7812715235537793,-0.04807459424317106,-0.296714522063521,-0.2506018135849641,0.3883822557422736,2018-2019,0.010088708611595165,0.9899112913884048,1,1,0,2,2,D_low_drift_low_JS
28,2020,1356.0,1,1.0,1.0,-1.000088900581841e-12,7.213031659834869,-3.5300257959599337,0.32378360364852,0.829907087217483,0.135658343738884,2019,-4.0779860456173,-0.29867640782813515,0.5479602496573666,0.6224600114766552,0.8292869835539933,2019-2020,0.0,1.0,0,1,2,3,2,B_high_drift_low_JS
28,2021,18.0,2,0.7222222222222222,0.5987654320987654,0.5908422462735826,2.9444389791664403,-2.4492627693394264,-1.4252150415408524,0.8221884761128052,0.14222676506674978,2020,-3.5300257959599337,0.32378360364852,1.0807630266205073,-1.7489986451893724,2.055977864808904,2020-2021,1.1102230246251565e-16,0.9999999999999999,0,2,1,3,2,B_high_drift_low_JS
28,2022,11.125,1,1.0,1.0,-1.000088900581841e-12,2.495269436823547,-4.070311051775827,-0.48538950299980754,0.8376904997283527,0.12527962862764733,2021,-2.4492627693394264,-1.4252150415408524,-1.621048282436401,0.9398255385410449,1.8737848267301054,2021-2022,1.1102230246251565e-16,0.9999999999999999,0,1,2,3,2,B_high_drift_low_JS
28,2024,68.72,1,1.0,1.0,-1.000088900581841e-12,4.24448722065182,-4.00882722783208,-0.11771001527619014,0.8109872782354558,0.15098935707232974,2022,-4.070311051775827,-0.48538950299980754,0.06148382394374785,0.3676794877236174,0.3727847452611862,2022-2024,0.0,1.0,0,1,1,2,2,D_low_drift_low_JS
31,2019,137268.9,31,0.47673507983235824,0.2816373266731343,1.6969255516642288,11.829704339754146,0.4761067463500271,-0.4013063771921525,0.8257894310170636,0.1389884275239703,2018,-0.38395316385579475,-0.023678405488377567,0.8600599102058218,-0.37762797170377493,0.9393114148972924,2018-2019,0.6980769302346403,0.30192306976535965,17,4,2,23,3,B_high_drift_low_JS
31,2020,230207.44400000002,32,0.7466043626286907,0.5707471664285412,1.0533412668655129,12.346740455744012,-0.6456965307301596,0.6350957695101438,0.829907087217483,0.135658343738884,2019,0.4761067463500271,-0.4013063771921525,-1.1218032770801867,1.0364021467022964,1.5272760071961369,2019-2020,0.5655150366142185,0.43448496338578146,19,2,1,22,3,B_high_drift_low_JS
31,2021,115167.618,36,0.3703426253028868,0.22542335193415064,1.8674947886473316,11.65415257693827,0.9999997442725418,-0.6405132208607228,0.8221884761128052,0.14222676506674978,2020,-0.6456965307301596,0.6350957695101438,1.6456962750027015,-1.2756089903708667,2.082185036415532,2020-2021,0.288309142072534,0.711690857927466,21,2,0,23,3,B_high_drift_low_JS
31,2022,162973.325,30,0.3765836648420838,0.2572336441533456,1.6934594160102288,12.001347952044632,0.7706174965496306,-0.6596180100845018,0.8376904997283527,0.12527962862764733,2021,0.9999997442725418,-0.6405132208607228,-0.22938224772291116,-0.019104789223779006,0.23017647260678056,2021-2022,0.6642068974969375,0.3357931025030625,20,2,3,25,3,D_low_drift_low_JS
31,2023,249024.95799999998,36,0.49692563345397694,0.289232114538337,1.7908542404795078,12.425312419009279,0.7096292543346462,-0.2555407010797586,0.8236356131357486,0.139597998005302,2022,0.7706174965496306,-0.6596180100845018,-0.060988242214984445,0.4040773090047432,0.4086539334705936,2022-2023,0.5604735713772182,0.4395264286227818,21,8,2,31,3,D_low_drift_low_JS
31,2024,233289.247,41,0.38693860587582074,0.2029351156771673,2.0324441767761723,12.36003865259218,1.2186886272030661,-0.4834692860925443,0.8109872782354558,0.15098935707232974,2023,0.7096292543346462,-0.2555407010797586,0.50905937286842,-0.22792858501278568,0.5577570124804525,2023-2024,0.6384566307380712,0.36154336926192876,30,2,1,33,3,B_high_drift_low_JS
32,2019,1781489.05,36,0.6138782048646327,0.39674732816587144,1.5784156422903246,14.392960678831404,0.35578611529316223,0.5624964891295257,0.8257894310170636,0.1389884275239703,2018,1.1814228016405781,0.20618290845184795,-0.8256366863474158,0.3563135806776777,0.8992415168452184,2018-2019,0.8516141081204103,0.14838589187958973,27,2,2,31,1,A_high_drift_high_JS
32,2020,793472.838,34,0.38546764092257435,0.1851891738435872,2.2407850507502367,13.584175848020692,1.4534041010489027,-0.472619466538289,0.829907087217483,0.135658343738884,2019,0.35578611529316223,0.5624964891295257,1.0976179857557404,-1.0351159556678147,1.5087180930619817,2019-2020,0.7431945697013003,0.25680543029869973,27,1,2,30,1,A_high_drift_high_JS
32,2021,668430.87,39,0.2594211574938183,0.11685904896043353,2.5211532627142232,13.412689755595995,1.970321925351937,-0.7654349616377574,0.8221884761128052,0.14222676506674978,2020,1.4534041010489027,-0.472619466538289,0.5169178243030343,-0.29281549509946836,0.5940917027299149,2020-2021,0.6445936682190889,0.3554063317809111,28,1,1,30,1,B_high_drift_low_JS
32,2022,984098.726,36,0.23825578044697113,0.1407503080006321,2.307824703880829,13.79948251846005,1.8658121573636635,-0.7552679010287701,0.8376904997283527,0.12527962862764733,2021,1.970321925351937,-0.7654349616377574,-0.1045097679882736,0.01016706060898731,0.10500314626900281,2021-2022,0.7723462906720229,0.22765370932797713,29,0,0,29,1,C_low_drift_high_JS
32,2023,999304.423,38,0.22687106629568077,0.1303389938700315,2.3791426643116353,13.814815739633914,1.9805867110344864,-0.774824475616261,0.8236356131357486,0.139597998005302,2022,1.8658121573636635,-0.7552679010287701,0.1147745536708229,-0.019556574587490938,0.11642876697763617,2022-2023,0.7605912633658501,0.23940873663414985,28,1,1,30,1,C_low_drift_high_JS
32,2024,815365.074,41,0.3413950129534246,0.16650944248229543,2.2236385827660863,13.611392461928252,1.5976081146514105,-0.4488865599436667,0.8109872782354558,0.15098935707232974,2023,1.9805867110344864,-0.774824475616261,-0.38297859638307585,0.3259379156725943,0.5028997217741784,2023-2024,0.7172722607565474,0.2827277392434526,27,2,1,30,1,A_high_drift_high_JS
36,2019,42281661.593,67,0.20400660652910685,0.10875030966902327,2.568379798947301,17.55986404158484,3.1270949265218753,0.5377190400964559,0.8257894310170636,0.1389884275239703,2018,3.1594158051131753,0.4588524189474265,-0.03232087859130006,0.07886662114902937,0.08523252386488438,2018-2019,0.9006934909869623,0.09930650901303772,40,0,0,40,1,C_low_drift_high_JS
36,2020,46602908.656,67,0.2243364738705849,0.11885863026685772,2.520945409980814,17.6571735361166,3.0831632106419566,0.5084564880062071,0.829907087217483,0.135658343738884,2019,3.1270949265218753,0.5377190400964559,-0.04393171587991862,-0.02926255209024875,0.052785344698963704,2019-2020,0.8940025983684372,0.1059974016315628,39,0,0,39,1,C_low_drift_high_JS
36,2021,43169273.946,67,0.2112747462792364,0.11442865031133526,2.5110824188546745,17.580639572069792,3.0072377416581415,0.42277942824126713,0.8221884761128052,0.14222676506674978,2020,3.0831632106419566,0.5084564880062071,-0.07592546898381514,-0.08567705976494,0.11447810013438105,2020-2021,0.8897580215579427,0.1102419784420573,41,0,0,41,1,C_low_drift_high_JS
36,2022,44946230.758,66,0.24189347174712425,0.12601857417607878,2.4677972876085357,17.6209774835102,2.9643679594744334,0.4382730482097043,0.8376904997283527,0.12527962862764733,2021,3.0072377416581415,0.42277942824126713,-0.04286978218370807,0.015493619968437178,0.045583664664054044,2021-2022,0.89604981718839,0.10395018281160995,42,0,0,42,1,C_low_drift_high_JS
36,2023,47495304.641,66,0.28396859651590245,0.13929714634534324,2.4128032053532413,17.676141435510473,2.8246451456852197,0.5445053088935794,0.8236356131357486,0.139597998005302,2022,2.9643679594744334,0.4382730482097043,-0.1397228137892137,0.10623226068387509,0.17552138873419978,2022-2023,0.9407253898890545,0.05927461011094548,40,0,0,40,1,C_low_drift_high_JS
36,2024,52704087.239,67,0.30059730671659757,0.1417893017531865,2.4146742500422507,17.780203586195352,2.741197007552233,0.6374270347422328,0.8109872782354558,0.15098935707232974,2023,2.8246451456852197,0.5445053088935794,-0.08344813813298657,0.09292172584865344,0.12489210900835294,2023-2024,0.9325605768897397,0.0674394231102603,38,0,0,38,1,C_low_drift_high_JS
40,2019,1970938.919,46,0.23681662353941269,0.12490990132619678,2.4406600980711577,14.494021103174061,2.1969608069849564,-0.3723713440524481,0.8257894310170636,0.1389884275239703,2018,2.674283009922035,-0.42216490204771917,-0.4773222029370787,0.049793557995271076,0.47991237099551226,2018-2019,0.7408692905829054,0.2591307094170946,28,0,1,29,1,C_low_drift_high_JS
40,2020,2058311.445,58,0.23348800356109375,0.13319778276987818,2.3546435852833936,14.537397003580574,2.4519553264107063,-0.13091646685296,0.829907087217483,0.135658343738884,2019,2.1969608069849564,-0.3723713440524481,0.2549945194257499,0.2414548771994881,0.3511732658682734,2019-2020,0.8092413991780542,0.19075860082194585,31,1,0,32,1,C_low_drift_high_JS
40,2021,2308294.265,61,0.27400641659524283,0.13298432789473305,2.3923991086794194,14.652019829536826,2.401655962377125,-0.02622112109928571,0.8221884761128052,0.14222676506674978,2020,2.4519553264107063,-0.13091646685296,-0.05029936403358137,0.10469534575367428,0.11615137297795555,2020-2021,0.8598381491855601,0.14016185081443988,33,1,0,34,1,C_low_drift_high_JS
40,2022,2355677.275,60,0.22386649716268966,0.11533080053371443,2.4673798167541947,14.672339258826332,2.597879194144454,-0.23186953737716123,0.8376904997283527,0.12527962862764733,2021,2.401655962377125,-0.02622112109928571,0.19622323176732914,-0.20564841627787553,0.2842443100623359,2021-2022,0.774468541734559,0.22553145826544096,38,0,0,38,1,C_low_drift_high_JS
40,2023,2083784.188,64,0.2876812980212517,0.1443390433200627,2.364790061412329,14.549696599767186,2.431657231363897,0.002621767482073939,0.8236356131357486,0.139597998005302,2022,2.597879194144454,-0.23186953737716123,-0.16622196278055723,0.23449130485923517,0.28742984007442185,2022-2023,0.8358236057511217,0.1641763942488783,40,0,0,40,1,C_low_drift_high_JS
40,2024,2272291.319,64,0.33148740379446034,0.16489277276442038,2.2594044367049566,14.636299712078685,2.192247588891096,0.18045139335762964,0.8109872782354558,0.15098935707232974,2023,2.431657231363897,0.002621767482073939,-0.23940964247280094,0.1778296258755557,0.29822869202676405,2023-2024,0.7996064618024479,0.20039353819755212,44,0,0,44,1,C_low_drift_high_JS
44,2019,3144.2200000000003,5,0.5988766689353798,0.5058855182500184,0.7546561381080854,8.053639118993239,-1.613931474971976,-0.9302541537537029,0.8257894310170636,0.1389884275239703,2018,-1.7579746890056407,-1.5847093958758796,0.1440432140336647,0.6544552421221767,0.6701194755044394,2018-2019,0.0053706523260298455,0.9946293476739702,2,3,3,8,3,B_high_drift_low_JS
44,2020,2282.5299999999997,6,0.8692109194621759,0.7693191165323288,0.4467867723967137,7.733477770265927,-2.520740898636393,-0.09504197534889629,0.829907087217483,0.135658343738884,2019,-1.613931474971976,-0.9302541537537029,-0.9068094236644169,0.8352121784048067,1.2328352338420145,2019-2020,0.012795140572606223,0.9872048594273938,2,4,3,9,3,B_high_drift_low_JS
44,2021,18.8,2,0.9308510638297872,0.8712652784065187,0.25143192514914636,2.9856819377004897,-3.4361178862298103,-0.6637710780322665,0.8221884761128052,0.14222676506674978,2020,-2.520740898636393,-0.09504197534889629,-0.9153769875934175,-0.5687291026833703,1.0776677696092758,2020-2021,0.15153798826797948,0.8484620117320205,2,0,4,6,3,B_high_drift_low_JS
44,2022,30.692999999999998,4,0.6937412439318411,0.5277495250731039,0.8728107211410671,3.4560958363095926,-2.0884811302378727,-1.582980398978296,0.8376904997283527,0.12527962862764733,2021,-3.4361178862298103,-0.6637710780322665,1.3476367559919376,-0.9192093209460295,1.6312788240563088,2021-2022,0.0985132958656505,0.9014867041343495,2,2,0,4,3,B_high_drift_low_JS
44,2023,1075.5690000000002,9,0.2571662069100169,0.2437102803812754,1.4611814811016253,6.9815344113597,-0.06882868568583789,-2.1033112066943422,0.8236356131357486,0.139597998005302,2022,-2.0884811302378727,-1.582980398978296,2.019652444552035,-0.5203308077160462,2.0856030653610587,2022-2023,0.012491494705125783,0.9875085052948742,4,5,0,9,3,B_high_drift_low_JS
44,2024,1128.121,13,0.26592892074520375,0.23119541825076037,1.629045775922344,7.029194732897587,0.0755083262936126,-1.9989947838578341,0.8109872782354558,0.15098935707232974,2023,-0.06882868568583789,-2.1033112066943422,0.14433701197945048,0.1043164228365081,0.17808730752235313,2023-2024,0.4659861964280466,0.5340138035719534,8,5,1,14,3,D_low_drift_low_JS
48,2019,9591596.09,43,0.9592891510092769,0.9205803348181527,0.24786064613748515,16.076397970011598,-1.5671737566971575,2.599096315536391,0.8257894310170636,0.1389884275239703,2018,-1.207763952380742,2.0867312033404435,-0.35940980431641556,0.5123651121959476,0.625854148851256,2018-2019,0.9076445516224896,0.09235544837751042,22,0,0,22,2,A_high_drift_high_JS
48,2020,3380400.872,49,0.8639173232943126,0.7486305062239151,0.7247044324791703,15.033505157432929,-0.7089918829988632,1.9433383910790032,0.829907087217483,0.135658343738884,2019,-1.5671737566971575,2.599096315536391,0.8581818736982944,-0.6557579244573879,1.0800437879238862,2019-2020,0.8150735557127268,0.18492644428727323,22,1,0,23,2,A_high_drift_high_JS
48,2021,3719985.9050000003,51,0.9061452841714462,0.8226913152129693,0.5113484299636278,15.129230706081843,-1.0322201490774694,2.161793875580392,0.8221884761128052,0.14222676506674978,2020,-0.7089918829988632,1.9433383910790032,-0.3232282660786062,0.21845548450138885,0.39012730063521417,2020-2021,0.8570670516686054,0.14293294833139458,23,0,0,23,2,C_low_drift_high_JS
48,2022,2119373.52,48,0.8249714533566503,0.6909589595000295,0.7497517462497554,14.56663156538015,-0.6622004024966737,1.651812258183736,0.8376904997283527,0.12527962862764733,2021,-1.0322201490774694,2.161793875580392,0.3700197465807957,-0.509981617396656,0.6300760771067455,2021-2022,0.8602941095528494,0.13970589044715065,24,0,1,25,2,A_high_drift_high_JS
48,2023,385813.093,47,0.47951651552685903,0.2815326188604059,1.7619322615189086,12.863110908076376,0.9975245926984017,0.010382206732989894,0.8236356131357486,0.139597998005302,2022,-0.6622004024966737,1.651812258183736,1.6597249951950754,-1.641430051450746,2.3343049658262074,2022-2023,0.377878604544028,0.622121395455972,32,1,0,33,2,B_high_drift_low_JS
48,2024,5812386.217,52,0.9230132771130684,0.8542229049137732,0.3895713278810808,15.575501925162616,-1.2996959114617133,2.4016156637419575,0.8109872782354558,0.15098935707232974,2023,0.9975245926984017,0.010382206732989894,-2.297220504160115,2.3912334570089677,3.3159040231364827,2023-2024,0.2790367530399773,0.7209632469600227,34,0,0,34,2,B_high_drift_low_JS
50,2019,3168054.5209999997,45,0.42903002394383355,0.22942060301380343,2.03419599369606,14.968628557331064,1.4758462290318202,0.2361590028431935,0.8257894310170636,0.1389884275239703,2018,1.7503411470878356,0.1766718420206852,-0.27449491805601545,0.059487160822508295,0.280866840943002,2018-2019,0.8126617337185992,0.18733826628140082,33,0,1,34,1,C_low_drift_high_JS
50,2020,3886698.292,45,0.3324379408763226,0.18356883084273845,2.1172071788160087,15.173070844351376,1.8589453265861928,-0.026822015762491484,0.829907087217483,0.135658343738884,2019,1.4758462290318202,0.2361590028431935,0.38309909755437266,-0.26298101860568496,0.4646761610991663,2019-2020,0.7767639751236324,0.22323602487636762,30,3,1,34,1,C_low_drift_high_JS
50,2021,3962980.882,42,0.28956463661284954,0.17514308136957407,2.1309929893751707,15.192507300373073,1.8290905135279967,-0.19769217538521308,0.8221884761128052,0.14222676506674978,2020,1.8589453265861928,-0.026822015762491484,-0.02985481305819615,-0.1708701596227216,0.17345870203663522,2020-2021,0.8667728648312689,0.13322713516873108,31,1,2,34,1,C_low_drift_high_JS
50,2022,4980365.975,44,0.43948039601647954,0.23099512742095432,2.0664167328994165,15.421014136044915,1.54710491808281,0.18067433734145658,0.8376904997283527,0.12527962862764733,2021,1.8290905135279967,-0.19769217538521308,-0.28198559544518664,0.37836651272666966,0.47188673852050295,2021-2022,0.7422555223394955,0.25774447766050446,29,1,3,33,1,C_low_drift_high_JS
50,2023,6385432.358,43,0.6192655913183193,0.39999969689080145,1.5969737373027677,15.669529916406395,0.6544279420392511,0.8255561680645542,0.8236356131357486,0.139597998005302,2022,1.54710491808281,0.18067433734145658,-0.8926769760435589,0.6448818307230977,1.1012469110762793,2022-2023,0.7770178537737374,0.22298214622626256,30,1,0,31,1,A_high_drift_high_JS
50,2024,5345873.881,43,0.6278298056990769,0.4111800752500865,1.5446852168801328,15.491835771179659,0.48420731555348356,0.8503632594913604,0.8109872782354558,0.15098935707232974,2023,0.6544279420392511,0.8255561680645542,-0.17022062648576758,0.02480709142680615,0.1720187590533809,2023-2024,0.8863073255187464,0.11369267448125364,31,1,0,32,1,C_low_drift_high_JS
51,2019,114119.0,26,0.3763334764587843,0.25309748784839736,1.6364714756803653,11.645005805327436,0.5394323545972907,-0.736454390192934,0.8257894310170636,0.1389884275239703,2018,0.29051558846137715,-0.5821230553210454,0.24891676613591351,-0.15433133487188866,0.29287833205428515,2018-2019,0.5997406498711885,0.40025935012881153,17,2,4,23,1,D_low_drift_low_JS
51,2020,139104.621,26,0.28347376037205835,0.2118028830752433,1.7797257790638055,11.84298878687222,0.9809749343930267,-0.9488064098639185,0.829907087217483,0.135658343738884,2019,0.5394323545972907,-0.736454390192934,0.4415425797957361,-0.2123520196709845,0.4899522732175249,2019-2020,0.7734532910952405,0.22654670890475948,16,0,1,17,1,C_low_drift_high_JS
51,2021,126767.17599999999,33,0.3360998749392351,0.19311125860415324,1.934201861348449,11.750115311567052,1.098614186148765,-0.79901944838526,0.8221884761128052,0.14222676506674978,2020,0.9809749343930267,-0.9488064098639185,0.1176392517557383,0.14978696147865855,0.19046030395507385,2020-2021,0.6906853884818172,0.30931461151818285,17,3,0,20,1,D_low_drift_low_JS
51,2022,168984.742,35,0.44058805616900015,0.25411777814275766,1.7504316210345838,12.037569623482222,0.801978994950321,-0.4714000995259194,0.8376904997283527,0.12527962862764733,2021,1.098614186148765,-0.79901944838526,-0.29663519119844406,0.3276193488593406,0.4419580007244532,2021-2022,0.7246483241006677,0.2753516758993323,18,1,3,22,1,C_low_drift_high_JS
51,2023,130896.474,40,0.4520720474105361,0.2547595298428103,1.8188953753343844,11.782169654538384,0.8783090240822898,-0.4080160265595683,0.8236356131357486,0.139597998005302,2022,0.801978994950321,-0.4714000995259194,0.07633002913196885,0.06338407296635107,0.09921599696163381,2022-2023,0.8738670468183618,0.1261329531816382,21,0,0,21,1,C_low_drift_high_JS
51,2024,135455.747,32,0.3141925458504171,0.2267228600474988,1.7852088786873357,11.816407658011327,0.9265385910069157,-0.7838954729188737,0.8109872782354558,0.15098935707232974,2023,0.8783090240822898,-0.4080160265595683,0.04822956692462588,-0.3758794463593054,0.37896101293024187,2023-2024,0.6614434750580795,0.33855652494192046,20,0,3,23,1,D_low_drift_low_JS
52,2019,3192.5099999999998,7,0.9778794741441688,0.9565927415243412,0.1217298567275094,8.068875904357316,-3.348121174910454,0.49291033156231995,0.8257894310170636,0.1389884275239703,2018,-1.243183333087296,-0.8760245248545442,-2.1049378418231584,1.3689348564168642,2.510925319290121,2018-2019,0.4754004511257095,0.5245995488742905,4,3,3,10,2,B_high_drift_low_JS
52,2020,11485.571,6,0.8706693816093253,0.7663821490890237,0.4781963353930001,9.348933892882322,-2.339035744431151,0.16438850708377628,0.829907087217483,0.135658343738884,2019,-3.348121174910454,0.49291033156231995,1.009085430479303,-0.32852182447854367,1.0612162810493966,2019-2020,0.08930461019100466,0.9106953898089953,5,1,2,8,2,B_high_drift_low_JS
52,2021,2214.5499999999997,6,0.7201101803978236,0.5759991305998049,0.7198302041520478,7.703255958653898,-1.8019098967538736,-0.6389827546453429,0.8221884761128052,0.14222676506674978,2020,-2.339035744431151,0.16438850708377628,0.5371258476772773,-0.8033712617291192,0.9663899629110759,2020-2021,0.08228877815066826,0.9177112218493317,4,2,1,7,2,B_high_drift_low_JS
52,2022,3214.24,6,0.6638427746527951,0.5494036247564199,0.6775031163170245,8.075657283963302,-1.6854439031536232,-0.7162204919820158,0.8376904997283527,0.12527962862764733,2021,-1.8019098967538736,-0.6389827546453429,0.11646599360025034,-0.07723773733667283,0.1397497611238832,2021-2022,0.27881031884785634,0.7211896811521437,4,2,2,8,2,D_low_drift_low_JS
52,2023,1236.29,8,0.863996311545026,0.7558546343397903,0.5276670686914162,7.1206787830729885,-2.55265772618428,-0.20444058737643214,0.8236356131357486,0.139597998005302,2022,-1.6854439031536232,-0.7162204919820158,-0.867213823030657,0.5117799046055836,1.0069649872828488,2022-2023,0.3034647707737931,0.6965352292262069,5,3,1,9,2,B_high_drift_low_JS
52,2024,1123.526,12,0.8633089042888193,0.7500318378810146,0.6149510717288923,7.025116892519359,-2.4901740646085146,-0.1327861947737091,0.8109872782354558,0.15098935707232974,2023,-2.55265772618428,-0.20444058737643214,0.06248366157576557,0.07165439260272305,0.09507134133470492,2023-2024,0.00999025443920043,0.9900097455607996,5,6,3,14,2,D_low_drift_low_JS
56,2019,2415339.962,59,0.23275352904544874,0.1244864898447581,2.35219234057481,14.697351020196301,2.447743161062521,-0.021638986242502378,0.8257894310170636,0.1389884275239703,2018,2.2832152063262736,-0.15509192662459664,0.16452795473624748,0.13345294038209427,0.21184696171132478,2018-2019,0.5772260081585554,0.4227739918414446,36,4,0,40,1,D_low_drift_low_JS
56,2020,2458721.816,59,0.37245291193202634,0.1933347744983417,2.093689566641674,14.715152592599885,2.0005813679879303,0.2804006628315228,0.829907087217483,0.135658343738884,2019,2.447743161062521,-0.021638986242502378,-0.4471617930745908,0.3020396490740252,0.5396124709441429,2019-2020,0.7341977598102323,0.2658022401897677,40,0,0,40,1,A_high_drift_high_JS
56,2021,2601206.114,61,0.15863861297997855,0.11008308109728972,2.4077000226309755,14.771486169864982,2.658544960942552,-0.2168719984131208,0.8221884761128052,0.14222676506674978,2020,2.0005813679879303,0.2804006628315228,0.6579635929546219,-0.49727266124464364,0.8247400737657201,2020-2021,0.7326118289739627,0.2673881710260373,35,0,0,35,1,A_high_drift_high_JS
56,2022,3004512.215,60,0.22554972371779825,0.13724790461426567,2.219719265568254,14.915626121148843,2.4374313973500055,-0.09804337618841016,0.8376904997283527,0.12527962862764733,2021,2.658544960942552,-0.2168719984131208,-0.22111356359254675,0.11882862222471063,0.2510208148031119,2021-2022,0.7743949068874068,0.22560509311259325,32,0,1,33,1,C_low_drift_high_JS
56,2023,2079207.871,61,0.23015096598775814,0.13284250680625517,2.3617498634742855,14.54749802884514,2.4901140114069125,-0.16909707638780044,0.8236356131357486,0.139597998005302,2022,2.4374313973500055,-0.09804337618841016,0.052682614056906996,-0.07105370019939028,0.08845386444861439,2022-2023,0.6577334624916135,0.34226653750838654,37,0,0,37,1,D_low_drift_low_JS
56,2024,2686202.156,61,0.25631738045556096,0.15114588300589235,2.2438450990604784,14.803639288350324,2.295888489434512,0.01066424758688015,0.8109872782354558,0.15098935707232974,2023,2.4901140114069125,-0.16909707638780044,-0.19422552197240028,0.1797613239746806,0.2646463432254098,2023-2024,0.8396401089263154,0.16035989107368465,42,1,0,43,1,C_low_drift_high_JS
60,2019,1754.18,7,0.6527266301063744,0.45898205232862715,1.1556783262927144,7.470326694743193,-1.415901206681014,-1.0554447100917277,0.8257894310170636,0.1389884275239703,2018,-2.9386517492296544,0.17768749683308532,1.5227505425486405,-1.233132206924813,1.9594346772953262,2018-2019,0.6526836572522517,0.34731634274774825,4,3,2,9,3,B_high_drift_low_JS
60,2020,142.18,7,0.595723730482487,0.4524141208057376,0.9701718929609198,4.964102579968039,-1.491886040633234,-1.502093677695832,0.829907087217483,0.135658343738884,2019,-1.415901206681014,-1.0554447100917277,-0.07598483395222,-0.44664896760410433,0.45306621508622635,2019-2020,0.13953990152760176,0.8604600984723982,4,3,3,10,3,D_low_drift_low_JS
60,2021,298.651,11,0.7280102862538548,0.5682230681046259,0.8807668651891785,5.702618464125391,-1.8009734198052862,-0.8932335189417697,0.8221884761128052,0.14222676506674978,2020,-1.491886040633234,-1.502093677695832,-0.3090873791720523,0.6088601587540623,0.682821866141873,2020-2021,0.1456421663356876,0.8543578336643124,4,7,3,14,3,B_high_drift_low_JS
60,2022,126.949,8,0.7450235921511789,0.5930381557925409,0.7983791768318265,4.851631747022306,-2.109292798367332,-1.0775751486617389,0.8376904997283527,0.12527962862764733,2021,-1.8009734198052862,-0.8932335189417697,-0.30831937856204594,-0.18434162971996915,0.3592251044188037,2021-2022,0.8227795055236222,0.17722049447637778,7,1,4,12,3,C_low_drift_high_JS
60,2023,232.04199999999997,13,0.5934270519992071,0.4803165381990414,0.9251639597136879,5.451218694831997,-1.4472202487421528,-1.2853319950645008,0.8236356131357486,0.139597998005302,2022,-2.109292798367332,-1.0775751486617389,0.6620725496251794,-0.20775684640276193,0.6939041491405037,2022-2023,0.16110324771311424,0.8388967522868858,6,7,2,15,3,B_high_drift_low_JS
60,2024,238.85899999999998,14,0.33262301190241944,0.26357870566685265,1.5016999448700832,5.480051250696244,-0.3037031013011166,-2.049127142984914,0.8109872782354558,0.15098935707232974,2023,-1.4472202487421528,-1.2853319950645008,1.1435171474410362,-0.7637951479204133,1.3751416270619004,2023-2024,0.2253439859242885,0.7746560140757115,8,6,5,19,3,B_high_drift_low_JS
64,2019,23869.18,21,0.47663975050672036,0.3132359820984742,1.420046831967443,10.080385260150694,-0.13678604689463675,-0.826421830151162,0.8257894310170636,0.1389884275239703,2018,-2.2624625539816265,0.961721472165809,2.1256765070869896,-1.788143302316971,2.7777611636716695,2018-2019,0.10009202703886433,0.8999079729611357,6,11,1,18,2,B_high_drift_low_JS
64,2020,337272.212,29,0.9307810985626055,0.8684339386648608,0.33152981256094277,12.72864859898098,-1.8842615031562406,1.4847533948493619,0.829907087217483,0.135658343738884,2019,-0.13678604689463675,-0.826421830151162,-1.747475456261604,2.311175225000524,2.8974473922563155,2019-2020,0.4960175119758181,0.5039824880241819,17,3,1,21,2,B_high_drift_low_JS
64,2021,461577.99,29,0.8916174707550505,0.7979932398128716,0.5077085464242667,13.04240847754224,-1.607383665308843,1.307880341142925,0.8221884761128052,0.14222676506674978,2020,-1.8842615031562406,1.4847533948493619,0.2768778378473977,-0.1768730537064369,0.3285504743848196,2020-2021,0.8633910423228484,0.13660895767715164,14,2,2,18,2,C_low_drift_high_JS
64,2022,524855.164,30,0.9106528101150587,0.8315439482887681,0.4452010142143518,13.170879530702877,-1.7247299558140985,1.455299000562149,0.8376904997283527,0.12527962862764733,2021,-1.607383665308843,1.307880341142925,-0.11734629050525558,0.14741865941922394,0.18842084024943997,2021-2022,0.8450893300564747,0.15491066994352531,14,3,1,18,2,C_low_drift_high_JS
64,2023,661863.767,19,0.9129489634080543,0.835458751347506,0.4319347744583753,13.402816534595061,-1.9877904371978616,1.2828349581794352,0.8236356131357486,0.139597998005302,2022,-1.7247299558140985,1.455299000562149,-0.26306048138376315,-0.17246404238271373,0.31455470554554366,2022-2023,0.9273372319257837,0.07266276807421634,11,0,5,16,2,C_low_drift_high_JS
64,2024,599445.285,23,0.8801270828245817,0.7796533380987067,0.526680519235323,13.303761649769028,-1.8056744191956318,1.213293199955925,0.8109872782354558,0.15098935707232974,2023,-1.9877904371978616,1.2828349581794352,0.18211601800222987,-0.06954175822351005,0.19494178656667135,2023-2024,0.9098299727410325,0.0901700272589675,11,1,0,12,2,C_low_drift_high_JS
68,2019,201029.00400000002,27,0.2969362570189125,0.15548121254133718,2.21711283724499,12.211209449532854,1.2642080348600844,-1.0145459774286805,0.8257894310170636,0.1389884275239703,2018,1.670297483821556,-1.2575535367657178,-0.4060894489614717,0.24300755933703733,0.47324551181471913,2018-2019,0.6800514125244644,0.31994858747553556,22,1,1,24,1,D_low_drift_low_JS
68,2020,147166.547,27,0.2402734909585125,0.1507555871057801,2.1939247644878708,11.899326992220105,1.4215445504821462,-1.1656230607113585,0.829907087217483,0.135658343738884,2019,1.2642080348600844,-1.0145459774286805,0.15733651562206186,-0.151077083282678,0.2181262575695382,2019-2020,0.599518982188928,0.40048101781107204,22,3,3,28,1,D_low_drift_low_JS
68,2021,272825.976,30,0.23382967756706566,0.148084861448072,2.15273712006846,12.516593085693081,1.4872392753041221,-1.0076122143581212,0.8221884761128052,0.14222676506674978,2020,1.4215445504821462,-1.1656230607113585,0.06569472482197591,0.15801084635323726,0.17112341872082118,2020-2021,0.7316442757656043,0.2683557242343957,24,1,3,28,1,C_low_drift_high_JS
68,2022,185986.997,37,0.18955728394281243,0.11368791242668537,2.3802038466871696,12.133437418354978,1.8918643143399336,-1.155322976977382,0.8376904997283527,0.12527962862764733,2021,1.4872392753041221,-1.0076122143581212,0.4046250390358115,-0.14771076261926086,0.43074341737082367,2021-2022,0.7675372173683217,0.2324627826316783,26,8,1,35,1,C_low_drift_high_JS
68,2023,205992.281,31,0.22436835873476252,0.14485746301781155,2.1572412263435656,12.235598830734935,1.531085575687346,-1.116774723492474,0.8236356131357486,0.139597998005302,2022,1.8918643143399336,-1.155322976977382,-0.3607787386525876,0.03854825348490798,0.36283228372140314,2022-2023,0.7463058199274806,0.2536941800725194,24,2,8,34,1,C_low_drift_high_JS
68,2024,179758.066,33,0.2029911136226844,0.12433753065601652,2.288968917616945,12.099372711029067,1.651271929204445,-1.1573670805638483,0.8109872782354558,0.15098935707232974,2023,1.531085575687346,-1.116774723492474,0.12018635351709905,-0.04059235707137421,0.1268562139760881,2023-2024,0.7861087412537734,0.2138912587462266,24,1,1,26,1,C_low_drift_high_JS
70,2019,5423.59,17,0.665007863795014,0.46415251572061866,1.2671529280668794,8.59869759951578,-1.048766755101088,-0.6285378524330656,0.8257894310170636,0.1389884275239703,2018,-0.9279589825232393,-0.6324231509039897,-0.1208077725778487,0.0038852984709241145,0.12087023396779448,2018-2019,0.6563476100533063,0.34365238994669367,15,2,1,18,1,D_low_drift_low_JS
70,2020,16063.331,14,0.675202422212429,0.5052079453927062,1.0392349859623902,9.684356627358856,-1.0593048350676582,-0.38962753085365603,0.829907087217483,0.135658343738884,2019,-1.048766755101088,-0.6285378524330656,-0.01053807996657019,0.23891032157940956,0.23914262038908646,2019-2020,0.35709478808864703,0.642905211911353,14,0,3,17,1,D_low_drift_low_JS
70,2021,5466.609,21,0.6032172778407967,0.38424874725357755,1.5588692763202827,8.606596688337572,-0.4241783823237341,-0.8104371980663699,0.8221884761128052,0.14222676506674978,2020,-1.0593048350676582,-0.38962753085365603,0.635126452743924,-0.4208096672127139,0.7618834471195414,2020-2021,0.31543059815173746,0.6845694018482625,13,6,1,20,1,B_high_drift_low_JS
70,2022,11670.437999999998,21,0.4844462564301358,0.31973248185832925,1.5224157721692368,9.364899939625992,-0.06587631337637047,-0.9950141499748729,0.8376904997283527,0.12527962862764733,2021,-0.4241783823237341,-0.8104371980663699,0.35830206894736366,-0.18457695190850298,0.403049654245969,2021-2022,0.4481424234115299,0.5518575765884701,16,3,3,22,1,D_low_drift_low_JS
70,2023,10675.173,25,0.42588817998546724,0.3071785711446539,1.5131050972468043,9.275769714964122,0.10634457082087019,-1.0394695679350174,0.8236356131357486,0.139597998005302,2022,-0.06587631337637047,-0.9950141499748729,0.17222088419724066,-0.044455417960144517,0.17786600894968807,2022-2023,0.3965110238809303,0.6034889761190697,16,6,2,24,1,D_low_drift_low_JS
70,2024,17709.497,23,0.6660607017805192,0.47368478592638796,1.202109265932236,9.78191279362422,-0.8396450918022327,-0.2750646708017616,0.8109872782354558,0.15098935707232974,2023,0.10634457082087019,-1.0394695679350174,-0.9459896626231029,0.7644048971332558,1.2162283044523652,2023-2024,0.3119748692656783,0.6880251307343217,19,3,2,24,1,B_high_drift_low_JS
72,2019,5233.889999999999,11,0.918146923225364,0.8449144670018962,0.40539676585127465,8.563101110667445,-2.755874820059314,0.35577285766210237,0.8257894310170636,0.1389884275239703,2018,-0.970460870075922,-0.7683253778113098,-1.785413949983392,1.1240982354734121,2.1098103743677386,2018-2019,0.4629429560637539,0.5370570439362461,5,6,3,14,2,B_high_drift_low_JS
72,2020,4007.832,10,0.4276626365576202,0.35093630950150245,1.246564758213546,8.29625520605229,-0.48335215616651234,-1.3467108026037529,0.829907087217483,0.135658343738884,2019,-2.755874820059314,0.35577285766210237,2.272522663892802,-1.7024836602658553,2.839508737683098,2019-2020,0.0687416821520982,0.9312583178479018,8,2,3,13,2,B_high_drift_low_JS
72,2021,2702.895,12,0.8879368232950225,0.7935155920018137,0.48555365409619095,7.902448605047951,-2.4351956503555487,0.11524966544531026,0.8221884761128052,0.14222676506674978,2020,-0.48335215616651234,-1.3467108026037529,-1.9518434941890364,1.4619604680490632,2.438651560995605,2020-2021,0.009655123386320463,0.9903448766136795,7,4,3,14,2,B_high_drift_low_JS
72,2022,800.94,11,0.4070217494444028,0.2342230995293392,1.7434061227095203,6.687033792100304,-0.12891542228269623,-1.9433486900293384,0.8376904997283527,0.12527962862764733,2021,-2.4351956503555487,0.11524966544531026,2.3062802280728527,-2.0585983554746488,3.0914002781203695,2021-2022,0.0684557385126835,0.9315442614873165,7,4,3,14,2,B_high_drift_low_JS
72,2023,14586.648000000001,11,0.8895121072367003,0.7961889941547851,0.46381619125581935,9.58793042221601,-2.399001054840787,0.3811128303676717,0.8236356131357486,0.139597998005302,2022,-0.12891542228269623,-1.9433486900293384,-2.270085632558091,2.3244615203970103,3.2490629632177104,2022-2023,0.06293847759916948,0.9370615224008305,4,2,7,13,2,B_high_drift_low_JS
72,2024,1228.471,9,0.9821306323063386,0.9646544362943482,0.12039109169344407,7.114339274554162,-3.411865143351817,0.4147520232022207,0.8109872782354558,0.15098935707232974,2023,-2.399001054840787,0.3811128303676717,-1.0128640885110296,0.033639192834549025,1.013422546172049,2023-2024,0.06498642551994704,0.935013574480053,5,4,2,11,2,B_high_drift_low_JS
76,2019,5980856.91,44,0.2163739576909557,0.10574676236505198,2.6019088127924617,15.604074578847655,2.43657482504151,-0.32505901886373134,0.8257894310170636,0.1389884275239703,2018,2.6640085707936416,-0.26502405572939114,-0.2274337457521316,-0.0600349631343402,0.23522394755931383,2018-2019,0.8442783380392493,0.15572166196075066,33,0,0,33,1,C_low_drift_high_JS
76,2020,7943620.8379999995,54,0.41718247013340143,0.21121776023151975,2.1499973498831526,15.887879880099744,1.9423430027067496,0.4474512131797753,0.829907087217483,0.135658343738884,2019,2.43657482504151,-0.32505901886373134,-0.4942318223347604,0.7725102320435067,0.9170807776964092,2019-2020,0.6089051276542896,0.3910948723457104,33,0,0,33,1,B_high_drift_low_JS
76,2021,5387865.778,53,0.19296981881867512,0.1059664430149567,2.550151400853022,15.499660090519995,2.5976979095748294,-0.25660040354620683,0.8221884761128052,0.14222676506674978,2020,1.9423430027067496,0.4474512131797753,0.6553549068680797,-0.7040516167259822,0.961862117442276,2020-2021,0.6563555051988036,0.3436444948011964,35,0,0,35,1,B_high_drift_low_JS
76,2022,5493896.2299999995,53,0.18424261992294674,0.0944884008890676,2.700715808143588,15.51914843960146,2.7819718378051825,-0.36919415709636094,0.8376904997283527,0.12527962862764733,2021,2.5976979095748294,-0.25660040354620683,0.18427392823035316,-0.11259375355015411,0.2159496097795923,2021-2022,0.772317219089506,0.227682780910494,37,0,0,37,1,C_low_drift_high_JS
76,2023,5202732.499,53,0.18591554134023142,0.10381024927859057,2.607005342591132,15.46469471831868,2.6960914891575958,-0.3469451780384818,0.8236356131357486,0.139597998005302,2022,2.7819718378051825,-0.36919415709636094,-0.08588034864758676,0.022248979057879148,0.08871556432187648,2022-2023,0.7827676626001292,0.2172323373998708,36,1,1,38,1,C_low_drift_high_JS
76,2024,6450578.564,57,0.19074078375956355,0.09701624412902335,2.660276580181937,15.679680539618968,2.763857293503976,-0.21446353582705424,0.8109872782354558,0.15098935707232974,2023,2.6960914891575958,-0.3469451780384818,0.06776580434638024,0.13248164221142755,0.14880722348645778,2023-2024,0.8718228974841751,0.12817710251582493,35,2,1,38,1,C_low_drift_high_JS
84,2019,61700.4,8,0.8566800215233612,0.7469945891246035,0.5100908746756466,11.030061900073656,-2.225024183512021,0.45420475727168474,0.8257894310170636,0.1389884275239703,2018,-2.860380248027303,0.8063226101858674,0.6353560645152818,-0.3521178529141826,0.7264050599061387,2018-2019,0.7131094872163098,0.28689051278369015,2,3,4,9,2,B_high_drift_low_JS
84,2020,11075.4,6,0.9867815157917548,0.9737960709996267,0.08609999154499245,9.312571997759374,-3.103386868596575,0.7050053590042097,0.829907087217483,0.135658343738884,2019,-2.225024183512021,0.45420475727168474,-0.8783626850845541,0.25080060173252494,0.9134669935899951,2019-2020,0.7289625458076752,0.27103745419232483,2,3,3,8,2,A_high_drift_high_JS
84,2021,4.0600000000000005,3,0.6650246305418719,0.5528282656701206,0.6522003910796461,1.6213664832993744,-2.347642440830513,-1.779102592210326,0.8221884761128052,0.14222676506674978,2020,-3.103386868596575,0.7050053590042097,0.7557444277660621,-2.484107951214536,2.59652497646118,2020-2021,0.0019358484922326058,0.9980641515077674,2,1,4,7,2,B_high_drift_low_JS
84,2022,11386.5,8,0.5717296798840732,0.4034229735103845,1.1725005738258334,9.340271541568214,-0.8265786765888206,-0.9177937289965752,0.8376904997283527,0.12527962862764733,2021,-2.347642440830513,-1.779102592210326,1.5210637642416924,0.8613088632137509,1.7479954040956946,2021-2022,0.00013784413036266319,0.9998621558696373,1,7,2,10,2,B_high_drift_low_JS
84,2023,20669.86,17,0.3139837425120441,0.22508828018871127,1.6416418591980535,9.93648025800285,0.42268631587682853,-1.4153649627197353,0.8236356131357486,0.139597998005302,2022,-0.8265786765888206,-0.9177937289965752,1.2492649924656491,-0.49757123372316014,1.3447082040461367,2022-2023,0.42044761013210685,0.5795523898678931,5,7,2,14,2,B_high_drift_low_JS
84,2024,22622.247000000003,4,0.969992061354471,0.9417739974130579,0.13594674675251606,10.026733284903361,-3.1630628256829385,0.7301441679437536,0.8109872782354558,0.15098935707232974,2023,0.42268631587682853,-1.4153649627197353,-3.585749141559767,2.145509130663489,4.1786129679544395,2023-2024,0.30408768345565973,0.6959123165443403,2,1,11,14,2,B_high_drift_low_JS
90,2019,30918.04,9,0.47609744990303393,0.3398681642361962,1.2694300403688206,10.339127454353903,-0.4931090633786591,-0.9896011062981601,0.8257894310170636,0.1389884275239703,2018,-0.292185274577275,-1.2858202794468183,-0.20092378880138412,0.2962191731486582,0.3579331885243082,2018-2019,0.14553704877069484,0.8544629512293052,5,4,3,12,1,D_low_drift_low_JS
90,2020,25540.78,22,0.23957764798099354,0.15881478545725408,2.1036216072580562,10.148070821754686,1.0801782970155165,-1.5333238938717046,0.829907087217483,0.135658343738884,2019,-0.4931090633786591,-0.9896011062981601,1.5732873603941755,-0.5437227875735445,1.6645923188885674,2019-2020,0.321917234104799,0.678082765895201,9,10,0,19,1,B_high_drift_low_JS
90,2021,38052.733,23,0.5323139339295287,0.3454791493634372,1.4499794806464523,10.546754466230539,-0.07795021163087135,-0.5874085182908388,0.8221884761128052,0.14222676506674978,2020,1.0801782970155165,-1.5333238938717046,-1.1581285086463877,0.9459153755808658,1.4953319164318657,2020-2021,0.34367143557324675,0.6563285644267532,16,6,4,26,1,B_high_drift_low_JS
90,2022,18164.266,14,0.4622812724720063,0.36633777811221335,1.2327850917208787,9.807266588093366,-0.37133392594015485,-0.9586688658425269,0.8376904997283527,0.12527962862764733,2021,-0.07795021163087135,-0.5874085182908388,-0.2933837143092835,-0.371260347551688,0.47318944354889353,2021-2022,0.4719140552772152,0.5280859447227848,14,0,8,22,1,D_low_drift_low_JS
90,2023,16064.33,8,0.38532574965778216,0.33378676867604395,1.152050850559489,9.684418812888937,-0.38273868406143313,-1.267271505124163,0.8236356131357486,0.139597998005302,2022,-0.37133392594015485,-0.9586688658425269,-0.01140475812127828,-0.3086026392816361,0.3088133052175642,2022-2023,0.4625979319010487,0.5374020680989513,4,2,8,14,1,D_low_drift_low_JS
90,2024,15992.776,12,0.41391438234362815,0.2537842380710762,1.5831906308931085,9.679954925541791,-0.01968749248042199,-1.3116697274134441,0.8109872782354558,0.15098935707232974,2023,-0.38273868406143313,-1.267271505124163,0.3630511915810111,-0.04439822228928114,0.3657558883337908,2023-2024,0.4981819894661107,0.5018180105338893,7,3,0,10,1,D_low_drift_low_JS
92,2019,378.4,3,0.8218816067653277,0.7068412007383933,0.47500182424082554,5.938591057500914,-2.7693200375544493,-0.6411070135105795,0.8257894310170636,0.1389884275239703,2018,-4.006933154888735,-0.4190145043463703,1.2376131173342855,-0.22209250916420925,1.2573827224933314,2018-2019,0.0029984577607009566,0.997001542239299,1,2,0,3,3,B_high_drift_low_JS
92,2020,30.4,2,0.6710526315789473,0.5585180055401662,0.6334306706705728,3.4468078929142076,-2.2419618351339183,-1.5243360565248716,0.829907087217483,0.135658343738884,2019,-2.7693200375544493,-0.6411070135105795,0.527358202420531,-0.8832290430142921,1.0286885904316019,2019-2020,1.1102230246251565e-16,0.9999999999999999,0,2,3,5,3,B_high_drift_low_JS
92,2021,0.4,1,1.0,1.0,-1.000088900581841e-12,0.33647223662121295,-4.178043009592122,-0.7773608175131513,0.8221884761128052,0.14222676506674978,2020,-2.2419618351339183,-1.5243360565248716,-1.936081174458204,0.7469752390117202,2.0751824791540803,2020-2021,1.1102230246251565e-16,0.9999999999999999,0,1,2,3,3,B_high_drift_low_JS
92,2023,10.8,3,0.5416666666666666,0.4687499999999999,0.8292958063057609,2.468099531471619,-1.8891834159845438,-2.069555530421581,0.8236356131357486,0.139597998005302,2021,-4.178043009592122,-0.7773608175131513,2.2888595936075786,-1.29219471290843,2.6284302188412667,2021-2023,0.06522400997908828,0.9347759900209117,1,2,0,3,3,B_high_drift_low_JS
92,2024,19.705000000000002,7,0.5458005582339508,0.3486661059560257,1.4072318856025043,3.0303752169975304,-1.254444597544228,-2.123558008745299,0.8109872782354558,0.15098935707232974,2023,-1.8891834159845438,-2.069555530421581,0.6347388184403158,-0.05400247832371807,0.6370318950414585,2023-2024,0.5100734889765444,0.48992651102345564,3,4,0,7,3,B_high_drift_low_JS
96,2019,379166.384,38,0.4126527471907952,0.27104540607145833,1.678204267302363,12.845733033005475,0.8517636867290014,-0.17776025134599654,0.8257894310170636,0.1389884275239703,2018,1.1640708359962453,-0.37211770877961264,-0.3123071492672439,0.1943574574336161,0.367845860033102,2018-2019,0.7579219651841756,0.24207803481582435,26,1,2,29,2,C_low_drift_high_JS
96,2020,2712404.2060000002,45,0.8843169040565925,0.7869253823010761,0.5428345317174392,14.813346329123414,-1.0154412557265688,1.946372383846831,0.829907087217483,0.135658343738884,2019,0.8517636867290014,-0.17776025134599654,-1.8672049424555701,2.1241326351928276,2.8281431627521503,2019-2020,0.4516521605456506,0.5483478394543494,25,3,1,29,2,B_high_drift_low_JS
96,2021,1568743.648,44,0.7984341492613329,0.652330820109978,0.8152975414038751,14.265786270222945,-0.6209762484337453,1.4151030673553342,0.8221884761128052,0.14222676506674978,2020,-1.0154412557265688,1.946372383846831,0.3944650072928235,-0.5312693164914968,0.6617021449442865,2020-2021,0.8815979822083656,0.1184020177916344,21,0,1,22,2,A_high_drift_high_JS
96,2022,1500063.579,40,0.7081193189878787,0.534952864435277,1.0427664053072938,14.221018717812365,-0.22490669352141798,0.9730533927245089,0.8376904997283527,0.12527962862764733,2021,-0.6209762484337453,1.4151030673553342,0.3960695549123273,-0.44204967463082534,0.5935309656367287,2021-2022,0.8673291309408644,0.1326708690591356,24,1,1,26,2,A_high_drift_high_JS
96,2023,395896.148,45,0.43976952258701946,0.24658394925228277,1.8136421701223264,12.88890972922892,1.119173977542735,-0.1499869613639849,0.8236356131357486,0.139597998005302,2022,-0.22490669352141798,0.9730533927245089,1.3440806710641529,-1.1230403540884937,1.751505777107079,2022-2023,0.399559778839909,0.600440221160091,25,1,1,27,2,B_high_drift_low_JS
96,2024,529305.39,42,0.5383332673033993,0.3276033918561497,1.6288254719314894,13.179322730321855,0.5924100221958855,0.17912858409776983,0.8109872782354558,0.15098935707232974,2023,1.119173977542735,-0.1499869613639849,-0.5267639553468495,0.3291155454617547,0.6211258382302622,2023-2024,0.8129106275587032,0.18708937244129675,26,0,0,26,2,A_high_drift_high_JS
100,2019,221323.342,36,0.2607070247475298,0.15790450896422467,2.1265748049758177,12.307384515471329,1.4704616613118455,-0.8230857774669247,0.8257894310170636,0.1389884275239703,2018,0.9770507319706538,-0.6706778271473719,0.4934109293411917,-0.1524079503195528,0.5164131374335337,2018-2019,0.6701086232518341,0.32989137674816593,21,3,2,26,1,B_high_drift_low_JS
100,2020,315840.822,38,0.5323536043735347,0.31785066749036117,1.6907612008485058,12.662996803954282,0.6554238194944513,-0.0026921870245440057,0.829907087217483,0.135658343738884,2019,1.4704616613118455,-0.8230857774669247,-0.8150378418173942,0.8203935904423807,1.1564308569185173,2019-2020,0.35020396706187495,0.649796032938125,24,3,2,29,1,B_high_drift_low_JS
100,2021,363485.879,44,0.29138683541541377,0.18549220952955253,1.9941599414276299,12.803498479018117,1.542713385761762,-0.49013939748234564,0.8221884761128052,0.14222676506674978,2020,0.6554238194944513,-0.0026921870245440057,0.8872895662673108,-0.48744721045780165,1.0123673035958465,2020-2021,0.7378377012677757,0.2621622987322243,26,1,0,27,1,A_high_drift_high_JS
100,2022,521994.56,41,0.40703077250460235,0.21016377504869127,2.0840031365176577,13.165414361081476,1.3627659431885197,-0.35183481331829264,0.8376904997283527,0.12527962862764733,2021,1.542713385761762,-0.49013939748234564,-0.17994744257324236,0.138304584164053,0.22695647179457556,2021-2022,0.6833744820911783,0.31662551790882165,28,1,1,30,1,D_low_drift_low_JS
100,2023,720348.0939999999,45,0.37786992464784674,0.2097918252513638,1.9529004456588779,13.487491226266886,1.4323690809759901,-0.23286335196912467,0.8236356131357486,0.139597998005302,2022,1.3627659431885197,-0.35183481331829264,0.0696031377874704,0.11897146134916797,0.13783615420280035,2022-2023,0.81216831959836,0.18783168040164,27,2,2,31,1,C_low_drift_high_JS
100,2024,744389.321,46,0.3048487741537603,0.19305273706196385,1.9854514252119038,13.520320801247646,1.5618294477478152,-0.31892409676700634,0.8109872782354558,0.15098935707232974,2023,1.4323690809759901,-0.23286335196912467,0.12946036677182504,-0.08606074479788167,0.1554555832379834,2023-2024,0.7680490349873523,0.23195096501264767,27,0,0,27,1,C_low_drift_high_JS
104,2019,8900184.114,48,0.3373268700450167,0.18364476270613153,2.0871655726641687,16.001582633811907,1.9176582317622564,0.26037252826095675,0.8257894310170636,0.1389884275239703,2018,2.2431197361803226,0.010255912567913939,-0.3254615044180662,0.25011661569304283,0.4104674314775926,2018-2019,0.8632950287078174,0.13670497129218262,33,1,4,38,1,C_low_drift_high_JS
104,2020,9752197.808,53,0.3115502282477903,0.16580925601870267,2.1757946340404346,16.093003336317725,2.2129716678989673,0.22852768913160695,0.829907087217483,0.135658343738884,2019,1.9176582317622564,0.26037252826095675,0.2953134361367109,-0.031844839129349795,0.2970254523471775,2019-2020,0.8384656114362972,0.16153438856370284,35,2,0,37,1,C_low_drift_high_JS
104,2021,6677977.54,46,0.20776823397342545,0.12630191354461368,2.338358631905774,15.714325885943586,2.298040167432307,-0.2686470571599959,0.8221884761128052,0.14222676506674978,2020,2.2129716678989673,0.22852768913160695,0.08506849953333973,-0.49717474629160285,0.504400017806278,2020-2021,0.6588157111673039,0.34118428883269614,33,0,3,36,1,B_high_drift_low_JS
104,2022,7185401.204,48,0.29022703281190365,0.15163588020712512,2.224251157984674,15.787562054216636,2.148447519365318,-0.05948926970177548,0.8376904997283527,0.12527962862764733,2021,2.298040167432307,-0.2686470571599959,-0.14959264806698913,0.2091577874582204,0.2571477015454584,2021-2022,0.8031433201069829,0.19685667989301714,33,2,0,35,1,C_low_drift_high_JS
104,2023,8404531.517,45,0.32502174326726363,0.17061295532793486,2.1503897791987976,15.944281703646853,1.9526780602892382,-0.005307112651104061,0.8236356131357486,0.139597998005302,2022,2.148447519365318,-0.05948926970177548,-0.19576945907607968,0.05418215705067142,0.20312899165211365,2022-2023,0.8802369909613948,0.11976300903860515,38,1,1,40,1,C_low_drift_high_JS
104,2024,8554665.898,42,0.36474792986707943,0.1953402776327246,2.057653521208862,15.96198752802204,1.65057530646532,0.07346002058376999,0.8109872782354558,0.15098935707232974,2023,1.9526780602892382,-0.005307112651104061,-0.30210275382391827,0.07876713323487405,0.3122023945232249,2023-2024,0.7400336633414001,0.2599663366585999,32,1,4,37,1,C_low_drift_high_JS
108,2019,22439.7,9,0.9830345325472265,0.9664577069642345,0.10897887002652248,10.018631553446001,-3.129990210703834,0.8998606679488562,0.8257894310170636,0.1389884275239703,2018,-2.2455177689569146,0.36875564807743866,-0.8844724417469196,0.5311050198714176,1.031680203523542,2018-2019,0.7234809300442258,0.27651906995577424,2,7,1,10,1,A_high_drift_high_JS
108,2020,52281.6,3,0.999472089607051,0.9989446373159948,0.004797577252927205,10.864418898712723,-3.11945006017815,0.9705973507074854,0.829907087217483,0.135658343738884,2019,-3.129990210703834,0.8998606679488562,0.010540150525684133,0.07073668275862921,0.07151764160540412,2019-2020,0.913853367955713,0.08614663204428696,3,0,6,9,1,C_low_drift_high_JS
108,2021,22968.6,5,0.9296604930209068,0.8677096949268459,0.2991234760903918,10.041926881513234,-2.669032664324974,0.5175555944997701,0.8221884761128052,0.14222676506674978,2020,-3.11945006017815,0.9705973507074854,0.45041739585317586,-0.45304175620771536,0.6388447881566598,2020-2021,0.811336384306493,0.18866361569350698,2,3,1,6,1,A_high_drift_high_JS
108,2022,69835.7,14,0.9924150541914809,0.9848977798835945,0.059448523499499646,11.153914938538021,-2.8708612663937734,1.2204300129639416,0.8376904997283527,0.12527962862764733,2021,-2.669032664324974,0.5175555944997701,-0.20182860206879916,0.7028744184641715,0.731277808185366,2021-2022,0.8221999019841967,0.17780009801580332,3,6,2,11,1,A_high_drift_high_JS
108,2023,47383.09,6,0.9872720415658836,0.9747971663170593,0.07820354108373358,10.766041797330313,-3.082014852408499,0.9624154444366748,0.8236356131357486,0.139597998005302,2022,-2.8708612663937734,1.2204300129639416,-0.21115358601472556,-0.2580145685272668,0.33340269113969334,2022-2023,0.922718449729227,0.07728155027077299,4,0,5,9,1,C_low_drift_high_JS
108,2024,22514.363,9,0.9757771072625949,0.952389085245448,0.14407318317753556,10.021953155190648,-3.0875711034769266,0.8566496335337632,0.8109872782354558,0.15098935707232974,2023,-3.082014852408499,0.9624154444366748,-0.00555625106842772,-0.1057658109029116,0.10591165508047666,2023-2024,0.8715896090683901,0.12841039093160989,3,5,2,10,1,C_low_drift_high_JS
112,2019,229343.62199999997,33,0.34184889170364635,0.21791642877861322,1.7468652078707196,12.342981050873126,0.9450475919649933,-0.5834613812509668,0.8257894310170636,0.1389884275239703,2018,0.8305818021692889,-0.8618704245525332,0.11446578979570443,0.27840904330156635,0.3010216145489354,2018-2019,0.6818899974901456,0.31811000250985444,19,3,1,23,1,D_low_drift_low_JS
112,2020,404495.746,32,0.3553582093790425,0.23962062128798245,1.6362714921896184,12.910398970948945,0.957109167052745,-0.45781663336675427,0.829907087217483,0.135658343738884,2019,0.9450475919649933,-0.5834613812509668,0.01206157508775163,0.12564474788421254,0.12622236039816717,2019-2020,0.6909341105661418,0.30906588943385815,20,0,3,23,1,D_low_drift_low_JS
112,2021,306507.57800000004,29,0.44554416204352376,0.26944839500330353,1.6621848900039689,12.633001020916206,0.634409122802014,-0.4081126443506232,0.8221884761128052,0.14222676506674978,2020,0.957109167052745,-0.45781663336675427,-0.32270004425073096,0.049703989016131045,0.3265054441866772,2020-2021,0.6526969835276222,0.3473030164723778,18,1,1,20,1,D_low_drift_low_JS
112,2022,783058.7370000001,24,0.34135813109508795,0.24443938658349296,1.6083716465476068,13.570964264527698,0.8387335451828282,-0.5572498308958433,0.8376904997283527,0.12527962862764733,2021,0.634409122802014,-0.4081126443506232,0.20432442238081416,-0.14913718654522012,0.25296317912272753,2021-2022,0.7080699881245334,0.29193001187546663,17,0,2,19,1,D_low_drift_low_JS
112,2023,812519.594,20,0.43256065526956383,0.2932277490184717,1.4658111976023167,13.607896539326353,0.41796882872708313,-0.41050103106321456,0.8236356131357486,0.139597998005302,2022,0.8387335451828282,-0.5572498308958433,-0.42076471645574504,0.14674879983262878,0.44562109113730297,2022-2023,0.7192908803004388,0.28070911969956125,13,0,0,13,1,C_low_drift_high_JS
112,2024,604246.716,25,0.4121418675612628,0.32904862243960775,1.309825374519808,13.311739518666156,0.2946247234472511,-0.27660550203857814,0.8109872782354558,0.15098935707232974,2023,0.41796882872708313,-0.41050103106321456,-0.12334410527983203,0.13389552902463642,0.18204884234751273,2023-2024,0.643030039257098,0.356969960742902,14,4,0,18,1,D_low_drift_low_JS
116,2019,7268097.423,53,0.1654195493025933,0.08547610693510266,2.7145796989594455,15.799005250371284,2.83672340371068,-0.21948203083151005,0.8257894310170636,0.1389884275239703,2018,2.8576026222318713,-0.10478868864317825,-0.020879218521191234,-0.1146933421883318,0.11657831920381004,2018-2019,0.8465659804187273,0.15343401958127267,40,1,0,41,1,C_low_drift_high_JS
116,2020,8395661.89,53,0.20797875413251068,0.1048726409799021,2.5907693526855624,15.943225807854072,2.717597435084865,-0.13928369359287757,0.829907087217483,0.135658343738884,2019,2.83672340371068,-0.21948203083151005,-0.11912596862581504,0.08019833723863248,0.14360630103473906,2019-2020,0.8326452968816802,0.1673547031183198,33,1,2,36,1,C_low_drift_high_JS
116,2021,9388485.201,58,0.2094482866938483,0.09731719833145631,2.675002914938575,16.054994624237068,2.8076403870155238,-0.07837930542742409,0.8221884761128052,0.14222676506674978,2020,2.717597435084865,-0.13928369359287757,0.0900429519306587,0.060904388165453474,0.10870638293216799,2020-2021,0.8575730185046427,0.14242698149535726,35,1,1,37,1,C_low_drift_high_JS
116,2022,11241869.828,61,0.19716691563883137,0.09936060943443735,2.643026796225354,16.235155832351833,2.950273706130333,-0.04827707377986035,0.8376904997283527,0.12527962862764733,2021,2.8076403870155238,-0.07837930542742409,0.14263331911480925,0.030102231647563746,0.14577519703938183,2021-2022,0.8686778458692261,0.13132215413077386,36,0,0,36,1,C_low_drift_high_JS
116,2023,12000381.147,60,0.18967904145019904,0.09833090137102027,2.635373135333061,16.300449052828547,2.937601203704174,-0.07107602083550948,0.8236356131357486,0.139597998005302,2022,2.950273706130333,-0.04827707377986035,-0.012672502426159138,-0.022798947055649138,0.026084177284079746,2022-2023,0.7882608886289282,0.21173911137107182,38,2,0,40,1,C_low_drift_high_JS
116,2024,13292225.94,57,0.17882949324889374,0.09712867731871434,2.659135084418762,16.402689981738497,2.8533284940357917,-0.11504200110890835,0.8109872782354558,0.15098935707232974,2023,2.937601203704174,-0.07107602083550948,-0.08427270966838218,-0.04396598027339886,0.09505207528640464,2023-2024,0.8579095655424451,0.14209043445755487,42,1,0,43,1,C_low_drift_high_JS
120,2019,68487.2,23,0.36598079641159226,0.27715959868532714,1.6486271236963934,11.134416746637658,0.40810952112250337,-0.8813322298661377,0.8257894310170636,0.1389884275239703,2018,-0.1915724584301665,-0.3167280202576607,0.5996819795526699,-0.5646042096084769,0.8236482198777715,2018-2019,0.6050071281475331,0.3949928718524669,17,6,3,26,1,B_high_drift_low_JS
120,2020,144783.238,23,0.3825884872114823,0.22755204411516466,1.7855037878100708,11.88299989941761,0.7300069140753077,-0.8317275279672178,0.829907087217483,0.135658343738884,2019,0.40810952112250337,-0.8813322298661377,0.32189739295280434,0.049604701898919856,0.325697034128794,2019-2020,0.36033762873105657,0.6396623712689434,17,3,6,26,1,D_low_drift_low_JS
120,2021,240006.001,27,0.47456313394430505,0.274914698971758,1.734899479268909,12.388423372732001,0.5542536773417958,-0.456254092837691,0.8221884761128052,0.14222676506674978,2020,0.7300069140753077,-0.8317275279672178,-0.17575323673351195,0.3754734351295268,0.41457146634841247,2020-2021,0.24881901834119546,0.7511809816588045,15,5,4,24,1,D_low_drift_low_JS
120,2022,363636.89,22,0.662708368229637,0.48179356168811116,1.0384922515439616,12.803913843776984,-0.5651718779160515,0.23567114857672114,0.8376904997283527,0.12527962862764733,2021,0.5542536773417958,-0.456254092837691,-1.1194255552578474,0.6919252414144121,1.3160068819997608,2021-2022,0.6250430390127208,0.37495696098727915,17,1,5,23,1,B_high_drift_low_JS
120,2023,173868.605,21,0.3808186129980165,0.2668007433372778,1.543308173975335,12.066060900706981,0.46693524248952795,-0.7875428239359294,0.8236356131357486,0.139597998005302,2022,-0.5651718779160515,0.23567114857672114,1.0321071204055794,-1.0232139725126506,1.4533450868727003,2022-2023,0.5709125668130143,0.4290874331869857,16,2,2,20,1,B_high_drift_low_JS
120,2024,124031.713,22,0.32133717285675156,0.22780100605840287,1.7059278411109748,11.728300624310373,0.6571764596259608,-0.977670491042283,0.8109872782354558,0.15098935707232974,2023,0.46693524248952795,-0.7875428239359294,0.19024121713643288,-0.19012766710635354,0.2689614293850622,2023-2024,0.8468411056274381,0.15315889437256192,16,3,3,22,1,C_low_drift_high_JS
124,2019,25307627.924000002,66,0.3261498756338362,0.1580685187657954,2.3704761068765245,17.046616446742178,2.6374797514568584,0.7381958994765634,0.8257894310170636,0.1389884275239703,2018,2.8863549386114693,0.6238641563100357,-0.24887518715461088,0.11433174316652772,0.2738806423914247,2018-2019,0.9120748400316804,0.08792515996831962,42,0,0,42,1,C_low_drift_high_JS
124,2020,29958152.679,66,0.33023199080412163,0.16049046432320815,2.3533225686168526,17.215312088512718,2.670551739108235,0.6748903482171352,0.829907087217483,0.135658343738884,2019,2.6374797514568584,0.7381958994765634,0.033071987651376755,-0.06330555125942816,0.07142372986251071,2019-2020,0.8888200122015031,0.11117998779849692,48,0,0,48,1,C_low_drift_high_JS
124,2021,31709674.281,66,0.30494676307015833,0.15430183376390894,2.340722982710457,17.27213240619089,2.633438730816453,0.5889022518417868,0.8221884761128052,0.14222676506674978,2020,2.670551739108235,0.6748903482171352,-0.0371130082917821,-0.08598809637534843,0.09365536878749715,2020-2021,0.898750179084809,0.10124982091519097,47,0,0,47,1,C_low_drift_high_JS
124,2022,35576927.97,67,0.33540204117854305,0.16129973811504345,2.3335662744597236,17.387207923098448,2.6608920469686113,0.6459774072848085,0.8376904997283527,0.12527962862764733,2021,2.633438730816453,0.5889022518417868,0.02745331615215818,0.05707515544302166,0.0633344924712864,2021-2022,0.8954558115258227,0.10454418847417735,46,0,0,46,1,C_low_drift_high_JS
124,2023,38061656.014,67,0.3430902905327276,0.1646283110139666,2.3235142953652805,17.454717955773695,2.6227146054534747,0.6799460193494771,0.8236356131357486,0.139597998005302,2022,2.6608920469686113,0.6459774072848085,-0.03817744151513658,0.03396861206466861,0.05110169905435263,2022-2023,0.8509742780646539,0.14902572193534613,43,0,0,43,1,C_low_drift_high_JS
124,2024,46484787.362,66,0.3014642941328294,0.13710771023380613,2.4491693257002907,17.65463568503824,2.7369174591366106,0.5819899846891384,0.8109872782354558,0.15098935707232974,2023,2.6227146054534747,0.6799460193494771,0.11420285368313587,-0.09795603466033864,0.15045822182835075,2023-2024,0.8759028597180254,0.1240971402819746,42,0,0,42,1,C_low_drift_high_JS
132,2019,4196.6900000000005,5,0.9241330667740528,0.8591419237700493,0.28844678226951337,8.34228965296598,-3.008760780146144,0.23518169000344652,0.8257894310170636,0.1389884275239703,2018,-3.28272936520214,0.7159698712517842,0.2739685850559961,-0.4807881812483377,0.5533679253676247,2018-2019,0.8060281283141406,0.1939718716858594,2,2,0,4,2,A_high_drift_high_JS
132,2020,867.9949999999999,5,0.6304759820045047,0.472743291194532,0.9177123481735104,6.7673373715089085,-1.4761759768072444,-1.1516305806299354,0.829907087217483,0.135658343738884,2019,-3.008760780146144,0.23518169000344652,1.5325848033388993,-1.3868122706333819,2.0668973011266547,2019-2020,0.2583415376461188,0.7416584623538812,3,2,2,7,2,B_high_drift_low_JS
132,2021,8083.1,6,0.9526048174586482,0.9090470458357283,0.22039475450918566,8.997654448560807,-2.899483114688106,0.47845134112470683,0.8221884761128052,0.14222676506674978,2020,-1.4761759768072444,-1.1516305806299354,-1.4233071378808617,1.6300819217546423,2.164017162680074,2020-2021,0.0006779502636922174,0.9993220497363078,1,5,4,10,2,B_high_drift_low_JS
132,2022,3499.5,6,0.5575082154593514,0.38171217528044393,1.1584490185077219,8.160661094417252,-0.9323588148620163,-1.20880870851917,0.8376904997283527,0.12527962862764733,2021,-2.899483114688106,0.47845134112470683,1.9671242998260898,-1.687260049643877,2.591606545386576,2021-2022,0.03761420137200333,0.9623857986279967,2,4,4,10,2,B_high_drift_low_JS
132,2023,6222.8,2,0.9212573118210452,0.8549154455253867,0.27568778883327766,8.736135931665837,-2.9289568787398985,0.22743594213412202,0.8236356131357486,0.139597998005302,2022,-0.9323588148620163,-1.20880870851917,-1.9965980638778822,1.4362446506532922,2.4595126601038477,2022-2023,0.057878417505900615,0.9421215824940994,1,1,5,7,2,B_high_drift_low_JS
132,2024,376.62,4,0.9824226010302162,0.9652919281434277,0.10501609486783936,5.933888398970386,-3.6345876302940003,0.12117480593484618,0.8109872782354558,0.15098935707232974,2023,-2.9289568787398985,0.22743594213412202,-0.7056307515541018,-0.10626113619927584,0.7135868458745352,2023-2024,0.10690129834460427,0.8930987016553957,1,3,1,5,2,B_high_drift_low_JS
136,2019,6581.1,6,0.6758444636914801,0.5585981316585761,0.6612547379272912,8.792109122338344,-1.7910452786360411,-0.5614797760981446,0.8257894310170636,0.1389884275239703,2018,-3.249885747602488,0.5713728165252835,1.4588404689664467,-1.132852592623428,1.8470437218722964,2018-2019,0.5702877959162151,0.42971220408378485,2,4,1,7,2,B_high_drift_low_JS
136,2020,1878.5900000000001,3,0.9969924251699412,0.9939996515623628,0.022120618678326633,7.538808946933597,-3.4289486906685056,0.403199294366796,0.829907087217483,0.135658343738884,2019,-1.7910452786360411,-0.5614797760981446,-1.6379034120324645,0.9646790704649406,1.9008769808014119,2019-2020,0.5692934420560211,0.43070655794397894,2,1,4,7,2,B_high_drift_low_JS
136,2021,3287.324,2,0.9997493401928134,0.9994988060463046,0.0023289525938636727,8.098133291467295,-3.416392477350691,0.4918973045692742,0.8221884761128052,0.14222676506674978,2020,-3.4289486906685056,0.403199294366796,0.012556213317814535,0.0886980102024782,0.08958233925702873,2020-2021,0.9677477635040385,0.03225223649596154,2,0,1,3,2,C_low_drift_high_JS
136,2022,21.424,6,0.49822628827483195,0.3953956629990948,1.1383313497314702,3.110131813862487,-1.3672464613634154,-2.155265820176861,0.8376904997283527,0.12527962862764733,2021,-3.416392477350691,0.4918973045692742,2.049146015987276,-2.647163124746135,3.347606907008684,2021-2022,0.03840790866943822,0.9615920913305618,2,4,0,6,2,B_high_drift_low_JS
136,2023,5.025,4,0.5681592039800994,0.3895319422786564,1.1411483564426965,1.7959174793767188,-1.662825731194007,-2.293786427394591,0.8236356131357486,0.139597998005302,2022,-1.3672464613634154,-2.155265820176861,-0.29557926983059146,-0.13852060721773007,0.32642773071164505,2022-2023,0.37250692040475497,0.627493079595245,2,2,4,8,2,D_low_drift_low_JS
136,2024,228.54999999999998,4,0.945963684095384,0.8969673697873954,0.23590132435902905,5.436120870695231,-3.423759048296711,-0.1409145444264063,0.8109872782354558,0.15098935707232974,2023,-1.662825731194007,-2.293786427394591,-1.7609333171027042,2.152871882968185,2.781320458299854,2023-2024,0.49326520034094,0.50673479965906,2,2,2,6,2,B_high_drift_low_JS
140,2019,31661.0,5,0.9685417390480402,0.9383231993084058,0.18322063595997612,10.362872502633723,-3.0619729212384015,0.7871315122050818,0.8257894310170636,0.1389884275239703,2018,-2.6086251297190097,0.3430552031083411,-0.45334779151939175,0.44407630909674073,0.6346085315976251,2018-2019,0.7462179558089103,0.25378204419108974,1,4,2,7,1,A_high_drift_high_JS
140,2020,95997.3,6,0.7401145657221609,0.5970503127495261,0.7287030654295514,11.472085761959846,-1.484840062876627,0.03164594109848344,0.829907087217483,0.135658343738884,2019,-3.0619729212384015,0.7871315122050818,1.5771328583617745,-0.7554855711065984,1.7487442640576822,2019-2020,0.24260376943461115,0.7573962305653889,3,3,2,8,1,B_high_drift_low_JS
140,2021,44413.8,5,0.9037731515880199,0.824754333902913,0.3485579037729449,10.701328026210437,-2.4645675112990033,0.5164638206129736,0.8221884761128052,0.14222676506674978,2020,-1.484840062876627,0.03164594109848344,-0.9797274484223764,0.4848178795144901,1.0931213333793952,2020-2021,0.24617990110262145,0.7538200988973786,2,3,4,9,1,B_high_drift_low_JS
140,2022,48010.0,3,0.9911476775671735,0.9824181121399889,0.05619205787914781,10.779185430302025,-3.1257701923007373,0.9367944390730093,0.8376904997283527,0.12527962862764733,2021,-2.4645675112990033,0.5164638206129736,-0.661202681001734,0.4203306184600357,0.7834965310573346,2021-2022,0.7676356462922573,0.23236435370774267,1,2,4,7,1,A_high_drift_high_JS
140,2023,44806.66,3,0.9998513613824372,0.9997027652940813,0.0014832344847379988,10.710134385930154,-3.256902979265034,0.9630166184213075,0.8236356131357486,0.139597998005302,2022,-3.1257701923007373,0.9367944390730093,-0.13113278696429687,0.02622217934829818,0.1337288693842806,2022-2023,0.9328336325901592,0.06716636740984083,1,1,2,4,1,C_low_drift_high_JS
140,2024,50804.386,12,0.9344075135560147,0.8758573611729205,0.2978536434482987,10.835757651568514,-2.6556207477039098,0.8478155156335172,0.8109872782354558,0.15098935707232974,2023,-3.256902979265034,0.9630166184213075,0.6012822315611244,-0.11520110278779028,0.6122186015424953,2023-2024,0.8173507751756826,0.18264922482431745,2,7,0,9,1,A_high_drift_high_JS
144,2019,680615.8099999999,37,0.31453030748727395,0.16671240493444844,2.2746116284040228,13.430754739539113,1.589875222509571,-0.542284288558056,0.8257894310170636,0.1389884275239703,2018,1.809835202006221,-0.6619662505894505,-0.21995997949665003,0.11968196203139447,0.25041198976057605,2018-2019,0.6189393420088004,0.3810606579911996,31,2,2,35,2,D_low_drift_low_JS
144,2020,473606.658,33,0.3650315448056898,0.2597815208186597,1.6668440467864856,13.068134532184716,0.9623522388650829,-0.3761267053352031,0.829907087217483,0.135658343738884,2019,1.589875222509571,-0.542284288558056,-0.627522983644488,0.1661575832228529,0.6491482399764631,2019-2020,0.6604054697514727,0.33959453024852726,27,1,6,34,2,B_high_drift_low_JS
144,2021,1119052.49,36,0.18580515557406965,0.11775586943356954,2.36270647384958,13.927993787760181,1.9942930824045715,-0.8181596654311241,0.8221884761128052,0.14222676506674978,2020,0.9623522388650829,-0.3761267053352031,1.0319408435394886,-0.44203296009592097,1.1226286306593793,2020-2021,0.43151714326015267,0.5684828567398473,27,2,1,30,2,B_high_drift_low_JS
144,2022,1894491.999,37,0.5842991158496837,0.40296714908327413,1.3537518849234549,14.454461813999814,0.3542516655678182,0.5079188365251927,0.8376904997283527,0.12527962862764733,2021,1.9942930824045715,-0.8181596654311241,-1.6400414168367532,1.3260785019563168,2.10908037833806,2021-2022,0.4905420588864394,0.5094579411135606,30,1,1,32,2,B_high_drift_low_JS
144,2023,1835878.8429999999,41,0.7755304798182698,0.6177087789595483,0.9164489842218533,14.42303440303185,-0.5549337405219513,1.2778726011941304,0.8236356131357486,0.139597998005302,2022,0.3542516655678182,0.5079188365251927,-0.9091854060897695,0.7699537646689377,1.1914054315699962,2022-2023,0.5785338473117863,0.42146615268821375,24,2,3,29,2,B_high_drift_low_JS
144,2024,2367992.798,44,0.7593265070394863,0.5884727282775724,1.0533380035803035,14.677553655894766,-0.40390204295049925,1.306341602526987,0.8109872782354558,0.15098935707232974,2023,-0.5549337405219513,1.2778726011941304,0.15103169757145207,0.02846900133285657,0.15369143667818566,2023-2024,0.8251627844997826,0.17483721550021736,30,1,1,32,2,C_low_drift_high_JS
148,2019,4856.0,2,0.9472817133443163,0.9001218621844542,0.2064425927905003,8.488176242345745,-3.2123811056451443,0.30303158241328715,0.8257894310170636,0.1389884275239703,2018,-3.303968231067121,0.7365108904915401,0.09158712542197645,-0.4334793080782529,0.44304910797231245,2018-2019,0.8360671770851419,0.1639328229148581,1,1,0,2,1,C_low_drift_high_JS
148,2020,149.0,2,0.9932885906040269,0.9866672672402144,0.04027236958715694,5.0106352940962555,-3.6729142442964826,-0.058413076316568134,0.829907087217483,0.135658343738884,2019,-3.2123811056451443,0.30303158241328715,-0.46053313865133827,-0.36144465872985526,0.5854340382318014,2019-2020,0.07841062501433338,0.9215893749856666,1,1,1,3,1,B_high_drift_low_JS
148,2021,6238.2,3,0.9914718989452086,0.9830557049806924,0.0546996485929291,8.738607248016288,-3.2647062881350597,0.5693136146981836,0.8221884761128052,0.14222676506674978,2020,-3.6729142442964826,-0.058413076316568134,0.4082079561614229,0.6277266910147518,0.748782033762707,2020-2021,0.0,1.0,0,3,2,5,1,B_high_drift_low_JS
148,2022,1977.9,2,0.9985337984731281,0.9970718964400909,0.011032208703993556,7.590296413754858,-3.5277793010645975,0.4072845794785767,0.8376904997283527,0.12527962862764733,2021,-3.2647062881350597,0.5693136146981836,-0.2630730129295378,-0.16202903521960693,0.3089673419408941,2021-2022,0.9292455658342196,0.07075443416578042,1,1,2,4,1,C_low_drift_high_JS
148,2023,6731.3,4,0.9210702241766078,0.8512610781165236,0.3438163054484541,8.81467211759764,-2.8337497562589307,0.26061772281834855,0.8236356131357486,0.139597998005302,2022,-3.5277793010645975,0.4072845794785767,0.6940295448056668,-0.14666685666022816,0.7093575797196736,2022-2023,0.8027796845388266,0.19722031546117336,2,2,0,4,1,A_high_drift_high_JS
148,2024,1406.0,1,1.0,1.0,-1.000088900581841e-12,7.249215057114389,-3.721412475153669,0.37224598603944187,0.8109872782354558,0.15098935707232974,2023,-2.8337497562589307,0.26061772281834855,-0.8876627188947381,0.11162826322109332,0.894654107275743,2023-2024,0.7984190994773789,0.20158090052262112,1,0,3,4,1,A_high_drift_high_JS
152,2019,3341866.266,49,0.3114181766003679,0.15744859946611264,2.330343712295204,15.022040270412772,2.0663213773918105,-0.02041824972930376,0.8257894310170636,0.1389884275239703,2018,1.689436819269499,0.25391378745545584,0.3768845581223115,-0.2743320371847596,0.46615452027947807,2018-2019,0.7724884740366526,0.22751152596334745,38,0,1,39,1,C_low_drift_high_JS
152,2020,3328091.682,52,0.23513275918220333,0.13304153062155485,2.4294576832875157,15.01790992969411,2.4184989592614254,-0.1962374051294318,0.829907087217483,0.135658343738884,2019,2.0663213773918105,-0.02041824972930376,0.3521775818696149,-0.17581915540012805,0.39362599580965646,2019-2020,0.8498896043255889,0.1501103956744111,34,0,0,34,1,C_low_drift_high_JS
152,2021,3310751.419,59,0.2215501250835528,0.1179304525537905,2.5281165766573417,15.0126860384391,2.5896218904581936,-0.14364983858731645,0.8221884761128052,0.14222676506674978,2020,2.4184989592614254,-0.1962374051294318,0.17112293119676814,0.052587566542115355,0.17902097568775358,2020-2021,0.733907774003935,0.26609222599606497,39,1,0,40,1,C_low_drift_high_JS
152,2022,2297091.581,56,0.20404266154506448,0.10871907905592698,2.61371820508726,14.647154786039673,2.6462804457112252,-0.39017335388403573,0.8376904997283527,0.12527962862764733,2021,2.5896218904581936,-0.14364983858731645,0.05665855525303165,-0.2465235152967193,0.2529506581877434,2021-2022,0.8492445878831951,0.15075541211680488,42,1,0,43,1,C_low_drift_high_JS
152,2023,2073189.5380000002,58,0.2641951485672604,0.12118702330365179,2.534704153625655,14.544599301328176,2.494302177178249,-0.22954726645862278,0.8236356131357486,0.139597998005302,2022,2.6462804457112252,-0.39017335388403573,-0.15197826853297602,0.16062608742541296,0.22112922481634528,2022-2023,0.7662192074874392,0.2337807925125608,41,0,1,42,1,C_low_drift_high_JS
152,2024,3177095.0960000004,57,0.22735654400443542,0.12658216800080532,2.4257429859660347,14.971478160197421,2.4373421174492758,-0.17233248193818843,0.8109872782354558,0.15098935707232974,2023,2.494302177178249,-0.22954726645862278,-0.056960059728973444,0.05721478452043435,0.08073400753120061,2023-2024,0.7975611514473775,0.2024388485526225,37,1,0,38,1,C_low_drift_high_JS
156,2019,485747910.187,67,0.2055554253677821,0.11548774841545416,2.571433189446527,20.001200346031414,3.376599519383907,0.9690606007863807,0.8257894310170636,0.1389884275239703,2018,3.468255411507866,0.8942654683312945,-0.09165589212395897,0.07479513245508618,0.11830094843243096,2018-2019,0.9265093754402941,0.0734906245597059,48,0,0,48,1,C_low_drift_high_JS
156,2020,523519263.968,67,0.2111040033127708,0.11528244789866868,2.5776093106390134,20.076084387918666,3.386330167287545,0.8713490737900629,0.829907087217483,0.135658343738884,2019,3.376599519383907,0.9690606007863807,0.00973064790363809,-0.0977115269963178,0.09819484719972184,2019-2020,0.9116251543923043,0.0883748456076957,49,0,0,49,1,C_low_drift_high_JS
156,2021,556859023.001,67,0.22535750291465537,0.1223907951689358,2.5608479065284757,20.137822667115195,3.242473445102662,0.8540449098244033,0.8221884761128052,0.14222676506674978,2020,3.386330167287545,0.8713490737900629,-0.143856722184883,-0.01730416396565959,0.14489372176988566,2020-2021,0.9313048655819042,0.06869513441809583,48,0,0,48,1,C_low_drift_high_JS
156,2022,479398140.38,67,0.22066137869485408,0.12239046066085266,2.527049689324104,19.98804200298583,3.2986845438880805,0.8143674609780284,0.8376904997283527,0.12527962862764733,2021,3.242473445102662,0.8540449098244033,0.0562110987854183,-0.03967744884637492,0.0688039793443719,2021-2022,0.8905155213118844,0.10948447868811562,48,0,0,48,1,C_low_drift_high_JS
156,2023,432378458.222,67,0.23652905910379687,0.12942346560168275,2.500727225084409,19.884811825703046,3.216075701495766,0.8235563103104033,0.8236356131357486,0.139597998005302,2022,3.2986845438880805,0.8143674609780284,-0.08260884239231459,0.00918884933237496,0.08311832405343215,2022-2023,0.9133731125473141,0.08662688745268587,50,0,0,50,1,C_low_drift_high_JS
156,2024,423243136.099,67,0.24449854226530127,0.13520818322635678,2.47052390808294,19.86345736407701,3.085670242422581,0.8649474788210479,0.8109872782354558,0.15098935707232974,2023,3.216075701495766,0.8235563103104033,-0.1304054590731849,0.041391168510644616,0.13681671165016604,2023-2024,0.9295001691932339,0.07049983080676614,52,0,0,52,1,C_low_drift_high_JS
170,2019,774111.501,39,0.27203938932306343,0.13282747406342982,2.5034372118419106,13.559472492138756,1.9115776439546228,-0.6428786832183536,0.8257894310170636,0.1389884275239703,2018,0.9536429767692364,0.2739921778547074,0.9579346671853864,-0.916870861073061,1.3260056570318368,2018-2019,0.7303213443585801,0.2696786556414199,33,3,1,37,1,A_high_drift_high_JS
170,2020,789435.699,41,0.33970055995656206,0.17432993720579265,2.349769401220356,13.57907493086931,1.7564257896272668,-0.43514296193549384,0.829907087217483,0.135658343738884,2019,1.9115776439546228,-0.6428786832183536,-0.155151854327356,0.20773572128285978,0.2592802109651392,2019-2020,0.7942382897071597,0.2057617102928403,35,1,1,37,1,C_low_drift_high_JS
170,2021,1085490.746,45,0.2940485878633184,0.13447342758784037,2.447974325594804,13.89754366440239,2.0057339661773077,-0.4668160712210698,0.8221884761128052,0.14222676506674978,2020,1.7564257896272668,-0.43514296193549384,0.2493081765500409,-0.03167310928557593,0.2513120624771569,2020-2021,0.730823487655824,0.26917651234417606,32,0,1,33,1,C_low_drift_high_JS
170,2022,1302572.723,41,0.31879968823821286,0.1401133739029891,2.512426450184808,14.079852652159506,1.9754463373393638,-0.5309627805396365,0.8376904997283527,0.12527962862764733,2021,2.0057339661773077,-0.4668160712210698,-0.030287628837943892,-0.06414670931856675,0.07093758367061673,2021-2022,0.7379373614413745,0.26206263855862555,31,1,0,32,1,C_low_drift_high_JS
170,2023,1010117.8500000001,43,0.15824454245611042,0.08810319744840939,2.6684534884666116,13.825578555161814,2.44687825214807,-0.9072896356993561,0.8236356131357486,0.139597998005302,2022,1.9754463373393638,-0.5309627805396365,0.47143191480870605,-0.37632685515971953,0.6032163394791354,2022-2023,0.7280402535378856,0.2719597464621144,32,1,0,33,1,A_high_drift_high_JS
170,2024,992127.315,44,0.14269864145409605,0.08504067702804403,2.6898738789331977,13.807607727700432,2.4516057967813927,-0.8959050687735817,0.8109872782354558,0.15098935707232974,2023,2.44687825214807,-0.9072896356993561,0.004727544633322811,0.011384566925774386,0.012327126280990853,2023-2024,0.7092523202593606,0.2907476797406394,28,0,1,29,1,D_low_drift_low_JS
174,2021,5216.0,1,1.0,1.0,-1.000088900581841e-12,8.559677803022392,-3.3949599136907547,0.5466959708896906,0.8221884761128052,0.14222676506674978,2018,-1.658999563441822,-0.7871033804763933,-1.7359603502489327,1.3337993513660837,2.1891959819397124,2018-2021,0.5429296334966778,0.4570703665033222,1,0,1,2,0,B_high_drift_low_JS
174,2022,7706.0,2,0.7267064624967557,0.6027916402755857,0.5865072193881589,8.949884285777994,-1.930042645888808,-0.4499340905799258,0.8376904997283527,0.12527962862764733,2021,-3.3949599136907547,0.5466959708896906,1.4649172678019466,-0.9966300614696164,1.7717940289235798,2021-2022,0.277258041950864,0.722741958049136,1,1,0,2,0,B_high_drift_low_JS
174,2023,1500.0,1,1.0,1.0,-1.000088900581841e-12,7.313886831633462,-3.634278147930082,0.3529218139814036,0.8236356131357486,0.139597998005302,2022,-1.930042645888808,-0.4499340905799258,-1.704235502041274,0.8028559045613294,1.8838779816927804,2022-2023,0.6097261854511251,0.3902738145488749,1,0,1,2,0,B_high_drift_low_JS
178,2019,30662.19,14,0.5903035627918293,0.41282567407246606,1.173534811532618,10.330818191371035,-0.7662955893342492,-0.5681735061927623,0.8257894310170636,0.1389884275239703,2018,0.19339197472524988,-0.8999112862925785,-0.9596875640594991,0.33173778009981625,1.0154064089594912,2018-2019,0.5820093593884539,0.4179906406115461,9,2,4,15,2,B_high_drift_low_JS
178,2020,457526.16000000003,23,0.830488031547748,0.6989924277772401,0.7063456480151581,13.033591528055833,-1.3136299289499607,0.937642974296821,0.829907087217483,0.135658343738884,2019,-0.7662955893342492,-0.5681735061927623,-0.5473343396157114,1.5058164804895833,1.602204154356305,2019-2020,0.13773406979524883,0.8622659302047512,10,8,3,21,2,B_high_drift_low_JS
178,2021,185696.89,16,0.5180108293682247,0.40781822973065907,1.0610163988751378,12.131876384863752,-0.36569199615860454,-0.3253261364462024,0.8221884761128052,0.14222676506674978,2020,-1.3136299289499607,0.937642974296821,0.9479379327913562,-1.2629691107430234,1.5791381507378552,2020-2021,0.12716937830913866,0.8728306216908613,12,1,7,20,2,B_high_drift_low_JS
178,2022,175758.31900000002,14,0.7159717998895971,0.5704187915402013,0.7764853965533163,12.076870832449256,-1.1921085028231846,0.21928551795884627,0.8376904997283527,0.12527962862764733,2021,-0.36569199615860454,-0.3253261364462024,-0.8264165066645801,0.5446116544050487,0.9897303150866361,2021-2022,0.5209439404380856,0.47905605956191444,11,2,3,16,2,B_high_drift_low_JS
178,2023,163750.8,16,0.6620975286838294,0.4853180165672047,1.015070711143209,12.006107145803496,-0.8137511885045022,-0.023538603050384542,0.8236356131357486,0.139597998005302,2022,-1.1921085028231846,0.21928551795884627,0.37835731431868236,-0.24282412100923081,0.44957514504513235,2022-2023,0.7095926030223598,0.2904073969776402,12,3,2,17,2,D_low_drift_low_JS
178,2024,121914.95899999999,12,0.6020262041838526,0.4539812701881633,1.0701733833991371,11.711087225686137,-0.8073170182399699,-0.2876072663203602,0.8109872782354558,0.15098935707232974,2023,-0.8137511885045022,-0.023538603050384542,0.006434170264532302,-0.2640686632699757,0.2641470375911583,2023-2024,0.7172821206857938,0.2827178793142062,11,0,3,14,2,C_low_drift_high_JS
180,2019,23008.1,18,0.4726596285655921,0.37439254526226917,1.2316119634425629,10.043645068835517,-0.4077366894184658,-0.7815853863153733,0.8257894310170636,0.1389884275239703,2018,-1.5105956110620544,0.08488245702530442,1.1028589216435887,-0.8664678433406777,1.4025207038016603,2018-2019,0.3099257035799411,0.6900742964200589,7,11,0,18,1,B_high_drift_low_JS
180,2020,256971.68,17,0.5681170781153784,0.38050858045516545,1.2851537714326238,12.456725054724794,-0.1933855786762642,-0.25388414565764517,0.829907087217483,0.135658343738884,2019,-0.4077366894184658,-0.7815853863153733,0.2143511107422016,0.5277012406577282,0.5695744008188229,2019-2020,0.43127885229537744,0.5687211477046226,11,5,7,23,1,B_high_drift_low_JS
180,2021,42939.838,17,0.6247415279023641,0.4220865021698387,1.3009174135443304,10.667578586845512,-0.5543318849742307,-0.4175425189801023,0.8221884761128052,0.14222676506674978,2020,-0.1933855786762642,-0.25388414565764517,-0.3609463062979665,-0.16365837332245714,0.39631590832150326,2020-2021,0.06970288862700647,0.9302971113729935,9,6,7,22,1,D_low_drift_low_JS
180,2022,106848.825,16,0.5091436428992083,0.4807197772371062,0.8095494996087146,11.57917962293594,-0.6732284731346124,-0.28486706094609515,0.8376904997283527,0.12527962862764733,2021,-0.5543318849742307,-0.4175425189801023,-0.11889658816038173,0.13267545803400715,0.17815492089951662,2021-2022,0.1175573113311924,0.8824426886688076,10,4,5,19,1,D_low_drift_low_JS
180,2023,156043.622,17,0.5800435726876425,0.39837344504589306,1.2080366014820703,11.957897283792011,-0.39398784616912835,-0.3061734396079019,0.8236356131357486,0.139597998005302,2022,-0.6732284731346124,-0.28486706094609515,0.2792406269654841,-0.021306378661806735,0.28005229782981056,2022-2023,0.5020380389436662,0.49796196105633383,8,3,6,17,1,D_low_drift_low_JS
180,2024,41326.934,12,0.48636562296152913,0.4225337822455404,0.9806262972539715,10.62929391835409,-0.7083207102469496,-0.6653900485459537,0.8109872782354558,0.15098935707232974,2023,-0.39398784616912835,-0.3061734396079019,-0.3143328640778213,-0.35921660893805185,0.4773276878375267,2023-2024,0.428136448649695,0.571863551350305,7,2,4,13,1,D_low_drift_low_JS
184,2019,4692.0,1,1.0,1.0,-1.000088900581841e-12,8.453827315794417,-3.6149306673620623,0.5433388234480866,0.8257894310170636,0.1389884275239703,2018,-3.649504043094735,0.1685232255406095,0.03457337573267294,0.3748155979074771,0.3764067623519696,2018-2019,1.0,0.0,1,0,0,1,1,C_low_drift_high_JS
184,2020,988.4,2,0.9995953055443141,0.9991909386438331,0.0035662386995212185,6.8970986987936085,-3.5370380059238826,0.2902764555343947,0.829907087217483,0.135658343738884,2019,-3.6149306673620623,0.5433388234480866,0.07789266143817963,-0.2530623679136919,0.26477882989394685,2019-2020,0.985774081085479,0.014225918914520963,1,1,0,2,1,C_low_drift_high_JS
184,2022,28.98,1,1.0,1.0,-1.000088900581841e-12,3.4005304926744517,-3.9799648114475814,-0.3286675897656982,0.8376904997283527,0.12527962862764733,2020,-3.5370380059238826,0.2902764555343947,-0.4429268055236988,-0.618944045300093,0.7611017581531867,2020-2022,0.0,1.0,0,1,2,3,1,B_high_drift_low_JS
184,2023,93.7,2,0.9711846318036286,0.944029914495842,0.1305998447369217,4.550714000192032,-3.665605827269924,-0.2419914849227376,0.8236356131357486,0.139597998005302,2022,-3.9799648114475814,-0.3286675897656982,0.3143589841776575,0.08667610484296062,0.32608943264686857,2022-2023,0.04858364019136174,0.9514163598086383,1,1,0,2,1,D_low_drift_low_JS
184,2024,3346.35,4,0.9973553274463222,0.9947211518017168,0.020602027398931896,8.115924267001976,-3.55312461273344,0.5609706259071883,0.8109872782354558,0.15098935707232974,2023,-3.665605827269924,-0.2419914849227376,0.11248121453648396,0.8029621108299259,0.8108021799749016,2023-2024,0.0024191276534973882,0.9975808723465026,1,3,1,5,1,B_high_drift_low_JS
188,2019,315927.95,28,0.4107332700383109,0.24158998239704188,1.717964610850333,12.663272625516196,0.6965870725887505,-0.49364623277438935,0.8257894310170636,0.1389884275239703,2018,0.8608930453959978,-0.407132162904081,-0.16430597280724724,-0.08651406987030835,0.1856909717397711,2018-2019,0.7335252410169115,0.2664747589830885,19,3,1,23,1,C_low_drift_high_JS
188,2020,314653.516,32,0.5381977076016529,0.3209066177726021,1.6920480831282203,12.659230541307194,0.5182049529749514,-0.11987750981181435,0.829907087217483,0.135658343738884,2019,0.6965870725887505,-0.49364623277438935,-0.17838211961379913,0.373768722962575,0.41415364161502416,2019-2020,0.6874505114459224,0.3125494885540776,20,4,2,26,1,D_low_drift_low_JS
188,2021,356941.032,37,0.6082912877329273,0.394525610407726,1.5632655716836925,12.785328672227331,0.2702638909367202,0.2203045709401271,0.8221884761128052,0.14222676506674978,2020,0.5182049529749514,-0.11987750981181435,-0.24794106203823119,0.34018208075194145,0.42094966244120735,2020-2021,0.7684335054106116,0.23156649458938838,22,1,2,25,1,C_low_drift_high_JS
188,2022,450529.973,39,0.7039856813255797,0.5070910474727872,1.2935632319977464,13.01818210616441,-0.16448866650209493,0.641141363186022,0.8376904997283527,0.12527962862764733,2021,0.2702638909367202,0.2203045709401271,-0.43475255743881513,0.4208367922458949,0.605073046753369,2021-2022,0.773205272999026,0.22679472700097403,23,3,0,26,1,A_high_drift_high_JS
188,2023,490574.74600000004,38,0.4144512016931259,0.219780419866349,2.035968546855916,13.103334972160894,1.2246601479000276,-0.385695675840057,0.8236356131357486,0.139597998005302,2022,-0.16448866650209493,0.641141363186022,1.3891488144021227,-1.026837039026079,1.7274630917245868,2022-2023,0.6769073971068122,0.32309260289318775,28,1,0,29,1,B_high_drift_low_JS
188,2024,376209.476,36,0.4196485284703461,0.21704509862124727,2.0577630773450375,12.837904042351301,1.0997842808147456,-0.44817765481831295,0.8109872782354558,0.15098935707232974,2023,1.2246601479000276,-0.385695675840057,-0.12487586708528209,-0.06248197897825597,0.1396351670509269,2023-2024,0.8698293374012993,0.1301706625987007,26,1,3,30,1,C_low_drift_high_JS
191,2019,104660.889,40,0.3620726936496784,0.17989491834910665,2.161780164342026,11.558490328683632,1.280106999052086,-0.6731980813995472,0.8257894310170636,0.1389884275239703,2018,0.9077602085597926,-0.7257965980331785,0.37234679049229336,0.052598516633631354,0.37604352984989675,2018-2019,0.4574725603417159,0.5425274396582841,25,5,1,31,2,D_low_drift_low_JS
191,2020,25261.089,32,0.2731956250975562,0.14951243941592188,2.218913770362907,10.137060092405855,1.3073538968134137,-1.3065733508122632,0.829907087217483,0.135658343738884,2019,1.280106999052086,-0.6731980813995472,0.027246897761327826,-0.633375269412716,0.633961059798823,2019-2020,0.37668464097813503,0.623315359021865,24,2,7,33,2,B_high_drift_low_JS
191,2021,96058.807,32,0.41437345770908857,0.2340023371188141,1.8945325003201408,11.472726266055856,0.8285362137375127,-0.6824492647680676,0.8221884761128052,0.14222676506674978,2020,1.3073538968134137,-1.3065733508122632,-0.478817683075901,0.6241240860441957,0.7866366686130749,2020-2021,0.5969596016174423,0.4030403983825577,26,1,1,28,2,B_high_drift_low_JS
191,2022,155311.087,34,0.7251923618305498,0.54219170010841,1.1009387113786846,11.95319183611462,-0.5797630872769516,0.48624883907702365,0.8376904997283527,0.12527962862764733,2021,0.8285362137375127,-0.6824492647680676,-1.4082993010144644,1.1686981038450912,1.8300716322507544,2021-2022,0.2951619044304894,0.7048380955695106,24,2,2,28,2,B_high_drift_low_JS
191,2023,55499.123,42,0.32568399324075803,0.15980251098616124,2.2865031822886674,10.924140515948286,1.495604028295875,-0.9540202520844578,0.8236356131357486,0.139597998005302,2022,-0.5797630872769516,0.48624883907702365,2.0753671155728264,-1.4402690911614815,2.52616779319114,2022-2023,0.30445007607317665,0.6955499239268234,26,8,1,35,2,B_high_drift_low_JS
191,2024,88350.55900000001,40,0.3835031762504185,0.21524376598453698,1.9401818273052478,11.38907912331938,1.0349030915287354,-0.628517890533116,0.8109872782354558,0.15098935707232974,2023,1.495604028295875,-0.9540202520844578,-0.4607009367671395,0.3255023615513418,0.5640896564497707,2023-2024,0.6576403372545823,0.34235966274541774,29,1,7,37,2,B_high_drift_low_JS
192,2019,36305.89,7,0.8776537360742293,0.7792838952960878,0.4723894773892606,10.499762809404377,-2.4147441183994465,0.4262362436942477,0.8257894310170636,0.1389884275239703,2018,-1.9670260868466034,0.3316970023454659,-0.44771803155284307,0.09453924134878178,0.4575905417863833,2018-2019,0.7979802417374605,0.20201975826253948,7,0,3,10,1,C_low_drift_high_JS
192,2020,266777.2,4,0.9779141545829254,0.9567143189739943,0.11342415642977086,12.494172880539804,-2.768281835390637,1.14809069244812,0.829907087217483,0.135658343738884,2019,-2.4147441183994465,0.4262362436942477,-0.35353771699119063,0.7218544487538723,0.8037802949320791,2019-2020,0.16375294241737004,0.83624705758263,4,0,3,7,1,B_high_drift_low_JS
192,2021,40103.219999999994,9,0.9986729245182807,0.9973482375963725,0.011840819536265144,10.599236844665375,-3.027839510134164,1.0356979170996126,0.8221884761128052,0.14222676506674978,2020,-2.768281835390637,1.14809069244812,-0.25955767474352687,-0.11239277534850745,0.2828468180284278,2020-2021,0.03657540391961167,0.9634245960803883,3,1,0,4,1,D_low_drift_low_JS
192,2022,5907.916,6,0.8809800274750014,0.7836034454648859,0.48338249109831205,8.684217675641316,-2.5034581700940137,0.09135017943028706,0.8376904997283527,0.12527962862764733,2021,-3.027839510134164,1.0356979170996126,0.5243813400401502,-0.9443477376693254,1.0801705603391887,2021-2022,0.0021475524355425435,0.9978524475644575,3,3,1,7,1,B_high_drift_low_JS
192,2023,759.4,3,0.7288648933368449,0.588590100899557,0.686955819424922,6.633844610614274,-2.0903139883207316,-0.8689300169136656,0.8236356131357486,0.139597998005302,2022,-2.5034581700940137,0.09135017943028706,0.41314418177328216,-0.9602801963439527,1.0453832648476324,2022-2023,0.10333133048945686,0.8966686695105431,1,2,5,8,1,B_high_drift_low_JS
192,2024,9111.671,9,0.7462956026397354,0.5814011693611186,0.8681171347740536,9.117421141572944,-1.7064527771589395,-0.3267425020047649,0.8109872782354558,0.15098935707232974,2023,-2.0903139883207316,-0.8689300169136656,0.38386121116179206,0.5421875149089006,0.6643167397843345,2023-2024,0.003219667892040756,0.9967803321079592,1,7,2,10,1,B_high_drift_low_JS
196,2019,116957.389,31,0.7533042653679624,0.5755858647946714,1.1499390534445157,11.669573500948935,-0.8321246287444615,0.5469998565617528,0.8257894310170636,0.1389884275239703,2018,0.7577982831431443,-0.9447497859590748,-1.589922911887606,1.4917496425208276,2.180177025313812,2018-2019,0.1755659150328751,0.8244340849671249,21,4,1,26,2,B_high_drift_low_JS
196,2020,60866.947,39,0.6055930487198578,0.3936562585215999,1.5618510934533432,11.01646199330295,0.1885178340846966,-0.010034929971884342,0.829907087217483,0.135658343738884,2019,-0.8321246287444615,0.5469998565617528,1.0206424628291582,-0.5570347865336371,1.1627548281295348,2019-2020,0.09773364459876133,0.9022663554012387,23,7,2,32,2,B_high_drift_low_JS
196,2021,51403.994,39,0.5085207970415684,0.30083326017326095,1.8034293433217221,10.847490606256649,0.5864082719344864,-0.3824249325866363,0.8221884761128052,0.14222676506674978,2020,0.1885178340846966,-0.010034929971884342,0.39789043784978984,-0.37239000261475197,0.5449689115717634,2020-2021,0.8235842255481375,0.17641577445186252,28,5,2,35,2,A_high_drift_high_JS
196,2022,52784.08,42,0.2974933540567535,0.19472387850823428,2.024991178390517,10.873983854004726,1.3362019074330123,-0.9103738142535177,0.8376904997283527,0.12527962862764733,2021,0.5864082719344864,-0.3824249325866363,0.7497936354985258,-0.5279488816668814,0.9170171849466109,2021-2022,0.66202093543269,0.33797906456731,28,4,3,35,2,B_high_drift_low_JS
196,2023,92160.41900000001,48,0.4820230580765914,0.3470051506002248,1.4888936042462433,11.4312968729466,0.5979707104572827,-0.05650100469009332,0.8236356131357486,0.139597998005302,2022,1.3362019074330123,-0.9103738142535177,-0.7382311969757296,0.8538728095634244,1.1287533278356057,2022-2023,0.6527751401060813,0.3472248598939187,29,4,1,34,2,B_high_drift_low_JS
196,2024,119899.996,49,0.5134504508240351,0.2988719997120911,1.7887147563995576,11.694421647903539,0.7790334400962254,-0.032564132351395506,0.8109872782354558,0.15098935707232974,2023,0.5979707104572827,-0.05650100469009332,0.18106272963894277,0.023936872338697818,0.18263812833486878,2023-2024,0.6011832475635425,0.39881675243645753,31,1,2,34,2,D_low_drift_low_JS
203,2019,3841556.228,53,0.3972016103469617,0.22943588669156484,1.986440232902862,15.161388370484604,1.6928633127432942,0.41475900155938583,0.8257894310170636,0.1389884275239703,2018,1.9461176796081145,0.3037332674669052,-0.2532543668648204,0.11102573409248062,0.27652212925347447,2018-2019,0.8257281617077301,0.1742718382922699,33,1,0,34,1,C_low_drift_high_JS
203,2020,5923410.213,49,0.4824882193246811,0.27054030415607094,1.8689200934415444,15.594423059322267,1.438706242150856,0.5388091135944371,0.829907087217483,0.135658343738884,2019,1.6928633127432942,0.41475900155938583,-0.2541570705924381,0.12405011203505123,0.28281486316676907,2019-2020,0.7692959113381517,0.23070408866184833,33,0,0,33,1,C_low_drift_high_JS
203,2021,5311784.093,55,0.42725532349682416,0.22868145210135754,1.9872773278578575,15.485438512429944,1.709061331594551,0.43940070652122354,0.8221884761128052,0.14222676506674978,2020,1.438706242150856,0.5388091135944371,0.270355089443695,-0.09940840707321352,0.2880519150863991,2020-2021,0.8613039310382811,0.13869606896171893,31,1,1,33,1,C_low_drift_high_JS
203,2022,6014567.074,53,0.5500158404252256,0.3337867216752578,1.6999700076653415,15.609695096666288,1.169706890416409,0.789683326877739,0.8376904997283527,0.12527962862764733,2021,1.709061331594551,0.43940070652122354,-0.5393544411781421,0.3502826203565155,0.6431182840989772,2021-2022,0.8395132953060909,0.16048670469390913,32,0,1,33,1,A_high_drift_high_JS
203,2023,7388428.242000001,57,0.5314877146234589,0.3139054586055029,1.7586416418916628,15.815425718505251,1.341672733220014,0.8399743923305483,0.8236356131357486,0.139597998005302,2022,1.169706890416409,0.789683326877739,0.17196584280360505,0.05029106545280926,0.17916875384824482,2022-2023,0.8971035811528476,0.1028964188471524,32,0,0,32,1,C_low_drift_high_JS
203,2024,7249389.737,56,0.4023892749360125,0.21167911929485547,2.023855187117446,15.79642798702375,1.7963883330005956,0.43417592818821543,0.8109872782354558,0.15098935707232974,2023,1.341672733220014,0.8399743923305483,0.4547155997805816,-0.40579846414233284,0.6094576853105474,2023-2024,0.8272960325726118,0.17270396742738825,32,0,0,32,1,A_high_drift_high_JS
204,2019,106855.2,6,0.4876692945219325,0.43008360867836587,0.9175766922593568,11.579239284332962,-0.7989000931143553,-0.6215103655387453,0.8257894310170636,0.1389884275239703,2018,-1.1017720224798653,0.2635712401360997,0.30287192936551,-0.885081605674845,0.9354682540319303,2018-2019,0.716819888992015,0.283180111007985,4,0,9,13,2,A_high_drift_high_JS
204,2020,38633.51,8,0.742619554889007,0.5759642660520896,0.8404771481267922,10.561901197486687,-1.4401762101815936,-0.12704764049960843,0.829907087217483,0.135658343738884,2019,-0.7989000931143553,-0.6215103655387453,-0.6412761170672383,0.49446272503913685,0.8097706124415502,2019-2020,0.40500013543845104,0.594999864561549,4,2,1,7,2,B_high_drift_low_JS
204,2021,43557.208,18,0.9548362236624534,0.9119508919027911,0.2908945418450371,10.681853437541358,-2.4674777623739743,0.9928381939765117,0.8221884761128052,0.14222676506674978,2020,-1.4401762101815936,-0.12704764049960843,-1.0273015521923807,1.1198858344761202,1.5197015369463673,2020-2021,0.6151208577981352,0.3848791422018648,5,12,1,18,2,B_high_drift_low_JS
204,2022,77708.3,8,0.899517812125603,0.8132305804987346,0.4266529885090262,11.26073022031302,-2.320476468568266,0.6587214291483726,0.8376904997283527,0.12527962862764733,2021,-2.4674777623739743,0.9928381939765117,0.14700129380570814,-0.3341167648281391,0.36502519491094604,2021-2022,0.7444976708150034,0.2555023291849966,7,1,10,18,2,C_low_drift_high_JS
204,2023,112140.69,19,0.4716129355009319,0.26528033069832163,1.7928321076711808,11.62751844001176,0.37777250641461824,-0.8107570448828902,0.8236356131357486,0.139597998005302,2022,-2.320476468568266,0.6587214291483726,2.698248974982884,-1.4694784740312627,3.0724443878836007,2022-2023,0.47596739983845093,0.5240326001615491,7,10,0,17,2,B_high_drift_low_JS
204,2024,94084.16,13,0.7971586290402125,0.6530473126167187,0.7178487011613655,11.451955608567191,-1.7056814504393567,0.3521970020827926,0.8109872782354558,0.15098935707232974,2023,0.37777250641461824,-0.8107570448828902,-2.083453956853975,1.162954046965683,2.386051656122379,2023-2024,0.5322881195335784,0.46771188046642165,7,1,9,17,2,B_high_drift_low_JS
208,2019,271543.68200000003,56,0.19465947287258187,0.09983957895728487,2.700715736205264,12.511881979400851,2.4646074957259967,-0.6457883095531934,0.8257894310170636,0.1389884275239703,2018,0.10581939519490066,1.1567416982028924,2.358788100531096,-1.802530007756086,2.9686690169279992,2018-2019,0.2583650412536429,0.7416349587463571,40,4,0,44,2,B_high_drift_low_JS
208,2020,381403.881,57,0.20486089128180635,0.12593522021726175,2.4510966004476225,12.851616769654402,2.381028394507739,-0.5106919366326362,0.829907087217483,0.135658343738884,2019,2.4646074957259967,-0.6457883095531934,-0.08357910121825762,0.1350963729205572,0.15885998909965346,2019-2020,0.7202429094253049,0.2797570905746951,46,1,1,48,2,C_low_drift_high_JS
208,2021,1636541.545,62,0.7047490199828689,0.5073510007380669,1.3432624570047842,14.3080963701412,0.440107065268133,1.3411529130209345,0.8221884761128052,0.14222676506674978,2020,2.381028394507739,-0.5106919366326362,-1.9409213292396061,1.8518448496535709,2.682630230480097,2020-2021,0.2991725888751475,0.7008274111248525,43,0,0,43,2,B_high_drift_low_JS
208,2022,2761931.7139999997,59,0.7931011921462734,0.6397420219519229,0.9253983309090283,14.831441251322264,-0.170605929493862,1.7509605158674697,0.8376904997283527,0.12527962862764733,2021,0.440107065268133,1.3411529130209345,-0.6107129947619949,0.40980760284653517,0.73546762901027,2021-2022,0.8147955523771214,0.18520444762287858,37,0,0,37,2,A_high_drift_high_JS
208,2023,5788735.31,61,0.8682985401521148,0.7584580067941293,0.6424179747232164,15.571424571842321,-0.6048026019106577,2.281317699663563,0.8236356131357486,0.139597998005302,2022,-0.170605929493862,1.7509605158674697,-0.4341966724167957,0.5303571837960934,0.6854235863624343,2022-2023,0.9002746178655986,0.09972538213440141,35,0,0,35,2,A_high_drift_high_JS
208,2024,2055037.445,62,0.6138504600338317,0.419419675891868,1.3998648255427157,14.535805113766676,0.6898496027719067,1.1248813409384515,0.8109872782354558,0.15098935707232974,2023,-0.6048026019106577,2.281317699663563,1.2946522046825644,-1.1564363587251116,1.7359347288624707,2023-2024,0.7110540547086057,0.2889459452913943,36,1,0,37,2,B_high_drift_low_JS
212,2019,23734.945,10,0.9595977576522718,0.9211757228198612,0.23829418491048113,10.074745844812597,-2.91130068732127,0.802837390179183,0.8257894310170636,0.1389884275239703,2018,-0.13117779947341043,-1.0167295930663054,-2.7801228878478597,1.8195669832454884,3.3226355921245125,2018-2019,0.37025657479125584,0.6297434252087442,6,3,7,16,2,B_high_drift_low_JS
212,2020,6153.545,5,0.915534053947765,0.8403312696461869,0.39839655233257054,8.72494611224675,-2.6638351078549314,0.22486243767281133,0.829907087217483,0.135658343738884,2019,-2.91130068732127,0.802837390179183,0.24746557946633851,-0.5779749525063717,0.6287243106046985,2019-2020,0.78632833610346,0.21367166389654002,4,1,5,10,2,A_high_drift_high_JS
212,2021,12890.5,3,0.9916217369380551,0.9833820681730518,0.04898875117432479,9.464323458441365,-3.199680050554373,0.6882269401615625,0.8221884761128052,0.14222676506674978,2020,-2.6638351078549314,0.22486243767281133,-0.5358449426994416,0.46336450248875116,0.708404167677757,2020-2021,0.8139386470692798,0.18606135293072024,3,0,2,5,2,A_high_drift_high_JS
212,2022,21601.114,5,0.95277493558897,0.9097274684892666,0.20406272060961933,9.980546459253635,-2.891508086010124,0.6446960105893971,0.8376904997283527,0.12527962862764733,2021,-3.199680050554373,0.6882269401615625,0.3081719645442491,-0.04353092957216542,0.31123126700329895,2021-2022,0.8409446272933362,0.1590553727066638,3,2,0,5,2,C_low_drift_high_JS
212,2023,24.5,2,0.7551020408163265,0.6301541024573094,0.5566602457557224,3.2386784521643803,-2.639688575402682,-1.3311761117397898,0.8236356131357486,0.139597998005302,2022,-2.891508086010124,0.6446960105893971,0.2518195106074419,-1.9758721223291869,1.9918543394837427,2022-2023,0.25472400977622356,0.7452759902237764,2,0,2,4,2,B_high_drift_low_JS
212,2024,837.77,5,0.8952337753798776,0.8075024182695996,0.4132693230205729,6.731936533009056,-2.9326349169793673,-0.15154674009475952,0.8109872782354558,0.15098935707232974,2023,-2.639688575402682,-1.3311761117397898,-0.2929463415766853,1.1796293716450303,1.215460000777818,2023-2024,0.008977077626089014,0.991022922373911,1,4,1,6,2,B_high_drift_low_JS
214,2019,378098.31,37,0.36900582814030564,0.18295610013459757,2.1793167443279673,12.842912164963316,1.347637646890262,-0.5104159848666882,0.8257894310170636,0.1389884275239703,2018,1.6148574401384357,-0.7982183823314427,-0.2672197932481737,0.28780239746475456,0.39272972626229513,2018-2019,0.8349718802426943,0.1650281197573057,28,2,0,30,1,C_low_drift_high_JS
214,2020,484196.683,35,0.4556272228738089,0.25855926030351306,1.9053103004791598,13.090248538261925,0.9897638084933718,-0.24613172676560222,0.829907087217483,0.135658343738884,2019,1.347637646890262,-0.5104159848666882,-0.35787383839689024,0.2642842581010859,0.4448818419411663,2019-2020,0.7758276084734205,0.22417239152657953,28,2,2,32,1,C_low_drift_high_JS
214,2021,553517.886,39,0.47781805554879575,0.25681471558006685,2.022916014051074,13.224051151596596,1.0628538439327135,-0.1578131898467213,0.8221884761128052,0.14222676506674978,2020,0.9897638084933718,-0.24613172676560222,0.07309003543934178,0.08831853691888092,0.11463994610961735,2020-2021,0.7605557333364843,0.2394442666635157,30,1,0,31,1,C_low_drift_high_JS
214,2022,1202936.128,40,0.43863993417279756,0.2880686284436189,1.7425291423986093,14.000276730914432,1.041603800462233,0.009128935142618363,0.8376904997283527,0.12527962862764733,2021,1.0628538439327135,-0.1578131898467213,-0.02125004347048054,0.16694212498933966,0.16828914832351377,2021-2022,0.6171145355903905,0.38288546440960947,30,0,0,30,1,D_low_drift_low_JS
214,2023,552112.904,38,0.4481604907390464,0.23035812720655846,2.093826686737491,13.221509651798534,1.194676540350016,-0.3093295654892464,0.8236356131357486,0.139597998005302,2022,1.041603800462233,0.009128935142618363,0.15307273988778292,-0.31845850063186476,0.35333706332827336,2022-2023,0.5645014194646055,0.4354985805353945,29,0,1,30,1,D_low_drift_low_JS
214,2024,504991.078,37,0.4303005923601684,0.2163825414108774,2.1550108561765025,13.13229802100574,1.1898711710499226,-0.38811345369964323,0.8109872782354558,0.15098935707232974,2023,1.194676540350016,-0.3093295654892464,-0.004805369300093343,-0.07878388821039684,0.07893030226509072,2023-2024,0.7810122602632568,0.21898773973674324,26,0,1,27,1,C_low_drift_high_JS
218,2019,2628814.7,30,0.7625715650479282,0.593939946580094,1.0019828574051521,14.782043998554062,-0.6538100630064178,1.1348613474454863,0.8257894310170636,0.1389884275239703,2018,-0.3999043024981111,0.9243420008701853,-0.25390576050830665,0.21051934657530103,0.32982803171015235,2018-2019,0.7581166078965549,0.24188339210344512,23,0,1,24,1,C_low_drift_high_JS
218,2020,1832890.124,30,0.8416334197019221,0.7115217217774191,0.8185820502036965,14.421405127349054,-1.0056720341241554,1.325832599229253,0.829907087217483,0.135658343738884,2019,-0.6538100630064178,1.1348613474454863,-0.35186197111773765,0.19097125178376673,0.40034593257171786,2019-2020,0.7817551489607866,0.21824485103921343,22,1,1,24,1,C_low_drift_high_JS
218,2021,1801154.0629999998,38,0.7716265418656749,0.6040959899947107,1.0736053788057618,14.403938718730583,-0.45495518944702923,1.1434835429543797,0.8221884761128052,0.14222676506674978,2020,-1.0056720341241554,1.325832599229253,0.5507168446771262,-0.1823490562748733,0.5801208678676082,2020-2021,0.8650758400996245,0.13492415990037554,23,2,0,25,1,A_high_drift_high_JS
218,2022,2525854.698,35,0.8135728269037589,0.6660681363688162,0.9463065489461397,14.74209045357828,-0.7304051192915509,1.3302263520857496,0.8376904997283527,0.12527962862764733,2021,-0.45495518944702923,1.1434835429543797,-0.2754499298445217,0.18674280913136987,0.33278452580254864,2021-2022,0.8581573809652616,0.14184261903473838,25,1,1,27,1,C_low_drift_high_JS
218,2023,1807176.979,40,0.7275602302811317,0.5396070071087388,1.2479916795141965,14.407277058913396,-0.16227587910651178,0.9960071991945008,0.8236356131357486,0.139597998005302,2022,-0.7304051192915509,1.3302263520857496,0.5681292401850392,-0.3342191528912488,0.6591458683118433,2022-2023,0.8739624786315197,0.12603752136848034,25,3,0,28,1,A_high_drift_high_JS
218,2024,3086659.707,39,0.850524897528006,0.7259995782213813,0.7951896382892967,14.942600387174851,-1.025927898762251,1.6342595452191657,0.8109872782354558,0.15098935707232974,2023,-0.16227587910651178,0.9960071991945008,-0.8636520196557393,0.638252346024665,1.073899840889003,2023-2024,0.8071123427947318,0.19288765720526824,26,0,1,27,1,A_high_drift_high_JS
222,2019,499008.211,24,0.9365396193851407,0.8778038903389286,0.37119465373247096,13.120379833481127,-2.10064387342738,1.5248621032518979,0.8257894310170636,0.1389884275239703,2018,-1.5634962508526098,1.1029877761529365,-0.5371476225747702,0.42187432709896133,0.6830120908907318,2018-2019,0.8250645116306407,0.17493548836935935,16,3,2,21,1,A_high_drift_high_JS
222,2020,510205.157,24,0.9389613598123627,0.8821753149927956,0.3617782471589789,13.142570152433574,-1.9634520838580012,1.4690447345799342,0.829907087217483,0.135658343738884,2019,-2.10064387342738,1.5248621032518979,0.13719178956937883,-0.05581736867196363,0.14811200414115877,2019-2020,0.8851933485033849,0.11480665149661506,17,3,2,22,1,C_low_drift_high_JS
222,2021,475080.31299999997,26,0.8729393402584544,0.7641578675471332,0.6657385222054854,13.071241253629411,-1.4869271350732904,1.1378406876730138,0.8221884761128052,0.14222676506674978,2020,-1.9634520838580012,1.4690447345799342,0.47652494878471074,-0.3312040469069204,0.5803207281338422,2020-2021,0.8055769441093346,0.19442305589066544,17,3,3,23,1,A_high_drift_high_JS
222,2022,672218.5549999999,26,0.8576898996785354,0.7388196471515134,0.7171927876281836,13.418340284894338,-1.3756200818844968,1.1475820903634253,0.8376904997283527,0.12527962862764733,2021,-1.4869271350732904,1.1378406876730138,0.11130705318879364,0.00974140269041146,0.11173251548206409,2021-2022,0.7947972115269573,0.20520278847304274,17,2,3,22,1,C_low_drift_high_JS
222,2023,589577.335,24,0.8647590972946747,0.750966404946128,0.6834135803154416,13.287162873931123,-1.5232964679456638,1.1166056159372406,0.8236356131357486,0.139597998005302,2022,-1.3756200818844968,1.1475820903634253,-0.14767638606116695,-0.030976474426184675,0.15089021495101296,2022-2023,0.8010596032543946,0.19894039674560537,16,1,2,19,1,C_low_drift_high_JS
222,2024,997040.72,30,0.8482094582857157,0.7224983006705331,0.771278898336429,13.812547893605085,-1.3166242598739004,1.2564814438977288,0.8109872782354558,0.15098935707232974,2023,-1.5232964679456638,1.1166056159372406,0.20667220807176334,0.13987582796048814,0.24955690500743574,2023-2024,0.8457951146854176,0.15420488531458243,17,2,0,19,1,C_low_drift_high_JS
226,2019,91.10000000000001,2,0.9956092206366629,0.9912569991601607,0.02821536740185695,4.522874943261261,-3.9760603696895513,-0.1361063531326415,0.8257894310170636,0.1389884275239703,2018,-2.7190222141698235,0.8398983076375155,-1.2570381555197279,-0.976004660770157,1.5914553158280973,2018-2019,0.00019527832775900755,0.999804721672241,2,0,2,4,3,B_high_drift_low_JS
226,2020,973.2,5,0.8425811755034935,0.7229778406548267,0.5571803617878932,6.881616621372443,-2.441664946810999,-0.3869921702343587,0.829907087217483,0.135658343738884,2019,-3.9760603696895513,-0.1361063531326415,1.5343954228785521,-0.2508858171017172,1.5547710464803,2019-2020,0.010643580023780075,0.9893564199762199,2,3,0,5,3,B_high_drift_low_JS
226,2021,11344.6,6,0.46189729034077887,0.4119124534640958,1.0364966664264506,9.336585282549732,-0.7545369068729433,-1.0611664504042635,0.8221884761128052,0.14222676506674978,2020,-2.441664946810999,-0.3869921702343587,1.687128039938056,-0.6741742801699048,1.8168412102294014,2020-2021,0.04679703112000799,0.953202968879992,3,3,2,8,3,B_high_drift_low_JS
226,2022,5970.684,10,0.9359061708842739,0.8773216205991781,0.323965762613862,8.694784243662323,-2.765640423158218,0.4207945807510091,0.8376904997283527,0.12527962862764733,2021,-0.7545369068729433,-1.0611664504042635,-2.011103516285275,1.4819610311552727,2.498148484593699,2021-2022,0.05807991060287321,0.9419200893971268,4,6,2,12,3,B_high_drift_low_JS
226,2023,5833.8,5,0.5622407350269121,0.40465046306675856,1.0782644868905442,8.671595268212059,-1.0154386156862034,-1.0944696177347804,0.8236356131357486,0.139597998005302,2022,-2.765640423158218,0.4207945807510091,1.7502018074720147,-1.5152641984857895,2.3150015028269615,2022-2023,0.0569394761766393,0.9430605238233607,3,2,7,12,3,B_high_drift_low_JS
226,2024,70825.984,4,0.5806908379839806,0.503445540765972,0.7340007177489744,11.167995337013746,-1.2684587410875066,-0.42846176800144187,0.8109872782354558,0.15098935707232974,2023,-1.0154386156862034,-1.0944696177347804,-0.25302012540130314,0.6660078497333385,0.7124504472344139,2023-2024,0.34530489195670944,0.6546951080432906,1,2,4,7,3,B_high_drift_low_JS
231,2019,189964.47,31,0.44991918751964516,0.34931924821440424,1.4105725365798198,12.154597597784377,0.2788274880859716,-0.2295422800158391,0.8257894310170636,0.1389884275239703,2018,0.031960996813472364,-0.2667945967588703,0.2468664912724992,0.0372523167430312,0.24966136989113485,2018-2019,0.6926998262085435,0.30730017379145647,17,5,3,25,1,D_low_drift_low_JS
231,2020,315684.627,27,0.4706178169391822,0.30921098942275455,1.5423948607868565,12.66250214611025,0.4646145720895999,-0.31240164068817966,0.829907087217483,0.135658343738884,2019,0.2788274880859716,-0.2295422800158391,0.1857870840036283,-0.08285936067234057,0.20342692602898038,2019-2020,0.516876639714257,0.483123360285743,19,7,5,31,1,D_low_drift_low_JS
231,2021,156064.645,26,0.42810330296141064,0.2725171299479676,1.6964049119725961,11.958031999001696,0.5555325330027694,-0.6113527289123901,0.8221884761128052,0.14222676506674978,2020,0.4646145720895999,-0.31240164068817966,0.0909179609131695,-0.29895108822421046,0.31247052463720204,2020-2021,0.363203684855704,0.636796315144296,17,6,8,31,1,D_low_drift_low_JS
231,2022,58228.329,23,0.5806692477814365,0.3839115630923159,1.438698218633025,10.97214444149498,-0.18801369764142278,-0.41914063937821794,0.8376904997283527,0.12527962862764733,2021,0.5555325330027694,-0.6113527289123901,-0.7435462306441922,0.19221208953417218,0.7679885965743756,2021-2022,0.27401005080666596,0.725989949193334,16,5,7,28,1,B_high_drift_low_JS
231,2023,58338.956000000006,27,0.41146373959794547,0.28715619512600077,1.7028256918582216,10.974042489221908,0.4875133909635598,-0.8076062593543862,0.8236356131357486,0.139597998005302,2022,-0.18801369764142278,-0.41914063937821794,0.6755270886049826,-0.3884656199761683,0.7792575860025956,2022-2023,0.42281980310325074,0.5771801968967493,18,4,2,24,1,B_high_drift_low_JS
231,2024,32402.452,22,0.6413712147463407,0.4325591300168898,1.4403816878237647,10.386020239314973,-0.5426841072331289,-0.3525362412855151,0.8109872782354558,0.15098935707232974,2023,0.4875133909635598,-0.8076062593543862,-1.0301974981966886,0.45507001806887115,1.126230707553261,2023-2024,0.27201353799237915,0.7279864620076208,17,3,7,27,1,B_high_drift_low_JS
232,2019,1.0,1,1.0,1.0,-1.000088900581841e-12,0.6931471805599453,-4.44581228194329,-0.7932794952768254,0.8257894310170636,0.1389884275239703,2018,-3.3024024767711766,0.6951112750537131,-1.1434098051721135,-1.4883907703305383,1.8768838716790295,2018-2019,0.0,1.0,0,1,3,4,3,B_high_drift_low_JS
232,2020,8900.0,1,1.0,1.0,-1.000088900581841e-12,9.093918908958932,-3.3423652890604947,0.63648017777144,0.829907087217483,0.135658343738884,2019,-4.44581228194329,-0.7932794952768254,1.1034469928827955,1.4297596730482653,1.806047615312832,2019-2020,0.0,1.0,0,1,1,2,3,B_high_drift_low_JS
232,2021,4600.0,1,1.0,1.0,-1.000088900581841e-12,8.434028950155469,-3.406925258823498,0.5264646614264772,0.8221884761128052,0.14222676506674978,2020,-3.3423652890604947,0.63648017777144,-0.06455996976300327,-0.11001551634496276,0.12755941177525343,2020-2021,1.0,0.0,1,0,0,1,3,C_low_drift_high_JS
232,2022,13927.4,3,0.9980326550540661,0.9960729396443968,0.01437397918928016,9.541685200162577,-3.3083713818585574,0.761668706488392,0.8376904997283527,0.12527962862764733,2021,-3.406925258823498,0.5264646614264772,0.09855387696494056,0.23520404506191483,0.2550172729018721,2021-2022,0.9688548786934026,0.031145121306597412,1,1,0,2,3,C_low_drift_high_JS
232,2023,23861.962,3,0.9999177770880702,0.9998355643170512,0.0009126071127796055,10.080082828768532,-3.3199066397784573,0.8576512786349676,0.8236356131357486,0.139597998005302,2022,-3.3083713818585574,0.761668706488392,-0.011535257919899955,0.09598257214657557,0.0966732451671671,2022-2023,0.9688548786934026,0.031145121306597412,1,0,1,2,3,C_low_drift_high_JS
232,2024,14.83,2,0.5144976399190829,0.5004203631264468,0.6927267585099621,2.761906873892921,-2.014699916207577,-1.9400643842456693,0.8109872782354558,0.15098935707232974,2023,-3.3199066397784573,0.8576512786349676,1.3052067235708802,-2.7977156628806368,3.0871957374909473,2023-2024,0.0,1.0,0,2,1,3,3,B_high_drift_low_JS
233,2019,289623.744,34,0.6919806029439355,0.49368998033540423,1.2914518386841265,12.57634137783269,-0.34651448653987826,0.5290918961977533,0.8257894310170636,0.1389884275239703,2018,0.17077159626108476,0.11012267913914309,-0.517286082800963,0.41896921705861023,0.6656726645298495,2018-2019,0.7342134028024503,0.2657865971975497,23,0,3,26,1,A_high_drift_high_JS
233,2020,529748.3770000001,38,0.7471587383456957,0.5692244782758774,1.0858055405647395,13.180159300103426,-0.4194805897944066,0.8940707670416866,0.829907087217483,0.135658343738884,2019,-0.34651448653987826,0.5290918961977533,-0.07296610325452835,0.3649788708439333,0.37220105908858325,2019-2020,0.8356262448904447,0.16437375510955532,22,1,0,23,1,C_low_drift_high_JS
233,2021,463501.52,41,0.7473782394500023,0.5754529431107753,0.9831756295133773,13.04656710086647,-0.4891977078295872,0.9365857786667147,0.8221884761128052,0.14222676506674978,2020,-0.4194805897944066,0.8940707670416866,-0.0697171180351806,0.04251501162502802,0.08165783955388223,2020-2021,0.8475199211077548,0.15248007889224524,22,0,0,22,1,C_low_drift_high_JS
233,2022,524042.05100000004,43,0.6323151555637279,0.4406849812210854,1.2450317263287798,13.16932911832531,0.137144336057756,0.5551380045114138,0.8376904997283527,0.12527962862764733,2021,-0.4891977078295872,0.9365857786667147,0.6263420438873433,-0.38144777415530084,0.7333530939111172,2021-2022,0.8220154979998373,0.1779845020001627,21,1,0,22,1,A_high_drift_high_JS
233,2023,639616.773,45,0.7653159323887836,0.602549863385344,0.938218395529293,13.368626047235665,-0.5235179698445448,1.1407028632650793,0.8236356131357486,0.139597998005302,2022,0.137144336057756,0.5551380045114138,-0.6606623059023008,0.5855648587536655,0.8828141855721087,2022-2023,0.8154700398424938,0.18452996015750622,26,1,0,27,1,A_high_drift_high_JS
233,2024,1045526.171,46,0.7474804961147166,0.5852002138343092,0.8931706090202696,13.860031786035368,-0.515015317253773,1.2341306247112167,0.8109872782354558,0.15098935707232974,2023,-0.5235179698445448,1.1407028632650793,0.008502652590771764,0.0934277614461374,0.09381386736466905,2023-2024,0.8876499889000079,0.1123500110999921,26,1,0,27,1,C_low_drift_high_JS
234,2019,8.12,2,0.9852216748768474,0.970880147540586,0.07695321955401549,2.21046980408624,-4.143278700766821,-0.590319281644964,0.8257894310170636,0.1389884275239703,2018,-4.250632644552685,-0.8196048317909205,0.10735394378586438,0.22928555014595653,0.25317332551458194,2018-2019,0.028232312408047355,0.9717676875919526,1,1,0,2,3,D_low_drift_low_JS
234,2020,11.0,2,0.5454545454545454,0.5041322314049586,0.6890092384746587,2.4849066497880004,-2.0009814173667646,-1.966021906807066,0.829907087217483,0.135658343738884,2019,-4.143278700766821,-0.590319281644964,2.1422972834000564,-1.375702625162102,2.545976308479944,2019-2020,0.47001865837638146,0.5299813416236185,1,1,1,3,3,B_high_drift_low_JS
234,2021,4.865,3,0.4696813977389517,0.4281531462541023,0.9200608976889239,1.7690024821054389,-1.6416617086751657,-2.2813715919468245,0.8221884761128052,0.14222676506674978,2020,-2.0009814173667646,-1.966021906807066,0.3593197086915989,-0.3153496851397586,0.4780753883771474,2020-2021,1.1102230246251565e-16,0.9999999999999999,0,3,2,5,3,D_low_drift_low_JS
234,2022,427.894,4,0.7460492551893694,0.616660118021638,0.6073925578552946,6.061209802150095,-2.222299795531666,-0.8669839614627749,0.8376904997283527,0.12527962862764733,2021,-1.6416617086751657,-2.2813715919468245,-0.5806380868565002,1.4143876304840495,1.528931966169411,2021-2022,0.016483250895931056,0.9835167491040689,2,2,1,5,3,B_high_drift_low_JS
234,2023,424.45,6,0.9829190717398987,0.9663905758397558,0.09140279152806527,6.0531474322955665,-3.518681500312725,0.1498500167148486,0.8236356131357486,0.139597998005302,2022,-2.222299795531666,-0.8669839614627749,-1.296381704781059,1.0168339781776234,1.647591230757064,2022-2023,0.631961319613707,0.36803868038629295,3,3,1,7,3,B_high_drift_low_JS
234,2024,22.596,7,0.5974508762612852,0.3950646827739263,1.3071655516756984,3.161077206140829,-1.4722213006281994,-1.9337695852824077,0.8109872782354558,0.15098935707232974,2023,-3.518681500312725,0.1498500167148486,2.0464601996845255,-2.083619601997256,2.9205256367167935,2023-2024,0.02906854674495818,0.9709314532550418,4,3,2,9,3,B_high_drift_low_JS
238,2021,66.0,1,1.0,1.0,-1.000088900581841e-12,4.204692619390966,-3.8096783896749544,-0.15452056191122018,0.8221884761128052,0.14222676506674978,2020,-3.0423229094863693,-0.6431300754792459,-0.7673554801885851,0.48860951356802573,0.9097107725671038,2020-2021,0.7573286555357923,0.24267134446420768,1,0,2,3,0,A_high_drift_high_JS
238,2023,54.0,1,1.0,1.0,-1.000088900581841e-12,4.007333185232471,-3.961348382835422,-0.2022280768999321,0.8236356131357486,0.139597998005302,2021,-3.8096783896749544,-0.15452056191122018,-0.1516699931604677,-0.047707514988711924,0.15899620690977032,2021-2023,0.0,1.0,0,1,1,2,0,D_low_drift_low_JS
238,2024,12.0,1,1.0,1.0,-1.000088900581841e-12,2.5649493574615367,-4.16948203114071,-0.39157829895931445,0.8109872782354558,0.15098935707232974,2023,-3.961348382835422,-0.2022280768999321,-0.2081336483052878,-0.18935022205938234,0.28137718839807646,2023-2024,0.0,1.0,0,1,1,2,0,D_low_drift_low_JS
239,2020,109.108,1,1.0,1.0,-1.000088900581841e-12,4.701461702306012,-3.7806109873704057,-0.09376365855715775,0.829907087217483,0.135658343738884,2018,-3.7338408870118625,0.029891322917469328,-0.04677010035854323,-0.12365498147462708,0.13220437485589714,2018-2020,0.0,1.0,0,1,1,2,1,D_low_drift_low_JS
239,2021,94.598,1,1.0,1.0,-1.000088900581841e-12,4.560151899336427,-3.7758285544545047,-0.09728640075445981,0.8221884761128052,0.14222676506674978,2020,-3.7806109873704057,-0.09376365855715775,0.004782432915900969,-0.003522742197302059,0.005939812891307738,2020-2021,1.0,0.0,1,0,0,1,1,C_low_drift_high_JS
239,2023,35.800000000000004,2,0.9832402234636871,0.9670422271464685,0.08514547068390006,3.6054978451748854,-3.845789678285128,-0.33999033584286487,0.8236356131357486,0.139597998005302,2021,-3.7758285544545047,-0.09728640075445981,-0.06996112383062325,-0.24270393508840504,0.25258614165278453,2021-2023,0.9081796765889262,0.09182032341107382,1,1,0,2,1,C_low_drift_high_JS
239,2024,1815.8,1,1.0,1.0,-1.000088900581841e-12,7.504831990791349,-3.696961649064984,0.4139273154341104,0.8109872782354558,0.15098935707232974,2023,-3.845789678285128,-0.33999033584286487,0.14882802922014404,0.7539176512769752,0.7684670501645096,2023-2024,1.1102230246251565e-16,0.9999999999999999,0,1,2,3,1,B_high_drift_low_JS
242,2019,157054.861,36,0.20846327067839052,0.1278903020946612,2.406793821242926,11.9643568235955,1.7410101372773001,-1.0742307776677433,0.8257894310170636,0.1389884275239703,2018,1.5652709718915718,-0.7563527986588146,0.1757391653857283,-0.3178779790089288,0.3632226091383538,2018-2019,0.7032092872577872,0.2967907127422128,27,4,8,39,1,D_low_drift_low_JS
242,2020,118664.73999999999,28,0.24514678918101537,0.14788569513143146,2.2821701220486896,11.684065912146803,1.4682732471273174,-1.197329778637278,0.829907087217483,0.135658343738884,2019,1.7410101372773001,-1.0742307776677433,-0.2727368901499827,-0.12309900096953474,0.29923030476270485,2019-2020,0.662838388614102,0.33716161138589795,25,2,6,33,1,D_low_drift_low_JS
242,2021,124121.838,34,0.3102531401444442,0.14489321867386493,2.376502734751378,11.729026983270302,1.4938462893229707,-0.9924167013957965,0.8221884761128052,0.14222676506674978,2020,1.4682732471273174,-1.197329778637278,0.02557304219565326,0.20491307724148156,0.20650266272306042,2020-2021,0.5718894116099547,0.42811058839004534,25,6,3,34,1,D_low_drift_low_JS
242,2022,182418.354,42,0.3536217633012959,0.17801239309271422,2.1883361949631452,12.114063458449511,1.4855663593780293,-0.667466641330196,0.8376904997283527,0.12527962862764733,2021,1.4938462893229707,-0.9924167013957965,-0.008279929944941422,0.32495006006560057,0.32505553183499364,2021-2022,0.6084571297621854,0.39154287023781464,30,6,1,37,1,D_low_drift_low_JS
242,2023,229388.773,40,0.32231307152944233,0.16422552246741925,2.2026752228820916,12.343177901166621,1.5440075273459677,-0.7370466904713293,0.8236356131357486,0.139597998005302,2022,1.4855663593780293,-0.667466641330196,0.05844116796793841,-0.06958004914113336,0.09086667899697515,2022-2023,0.6832634022865283,0.31673659771347173,32,1,5,38,1,D_low_drift_low_JS
242,2024,193442.303,35,0.2893929566171469,0.15393769919643632,2.1827072649719548,12.172739740764877,1.4295385865031796,-0.8994600437503937,0.8109872782354558,0.15098935707232974,2023,1.5440075273459677,-0.7370466904713293,-0.11446894084278814,-0.16241335327906437,0.19869885691925834,2023-2024,0.5915298828472303,0.4084701171527697,30,3,3,36,1,D_low_drift_low_JS
246,2019,474334.35,47,0.30234215590753655,0.15906151579830594,2.2649656443461583,13.069669839976008,1.789927361348438,-0.40012279664038536,0.8257894310170636,0.1389884275239703,2018,1.8966073946439819,-0.3584831877297827,-0.10668003329554376,-0.04163960891060264,0.1145184986548735,2018-2019,0.7581669665548845,0.24183303344511553,31,4,1,36,1,C_low_drift_high_JS
246,2020,484920.89900000003,49,0.30913828071575855,0.1642826509531315,2.2107335014023963,13.091743123962726,1.8588669097073576,-0.37097152856271737,0.829907087217483,0.135658343738884,2019,1.789927361348438,-0.40012279664038536,0.06893954835891947,0.02915126807766799,0.074849567523586,2019-2020,0.8182924766704569,0.1817075233295431,33,2,4,39,1,C_low_drift_high_JS
246,2021,817458.647,56,0.2900932455363702,0.17105056415851227,2.1085861825775614,13.613956819067338,1.9505577678162007,-0.15507359596401785,0.8221884761128052,0.14222676506674978,2020,1.8588669097073576,-0.37097152856271737,0.09169085810884314,0.21589793259869952,0.23456157136480948,2020-2021,0.7072538494760033,0.29274615052399666,35,0,0,35,1,D_low_drift_low_JS
246,2022,563785.196,56,0.1716136264067494,0.11060134402303581,2.4233503909838205,13.24243037350289,2.447602554147323,-0.636509857154873,0.8376904997283527,0.12527962862764733,2021,1.9505577678162007,-0.15507359596401785,0.49704478633112226,-0.48143626119085514,0.6919786074788586,2021-2022,0.6698503445705853,0.33014965542941466,31,1,0,32,1,B_high_drift_low_JS
246,2023,600973.5900000001,58,0.31644720361172607,0.14979315342738667,2.366037681570329,13.30630793308943,2.130464088701901,-0.27402720254818635,0.8236356131357486,0.139597998005302,2022,2.447602554147323,-0.636509857154873,-0.3171384654454221,0.3624826546066866,0.4816331395946376,2022-2023,0.7346079901486028,0.2653920098513972,35,0,1,36,1,C_low_drift_high_JS
246,2024,1305836.567,58,0.3934555594352566,0.23899056051902293,1.8963721531740292,14.082355206657645,1.5640535191898313,0.25174732265760447,0.8109872782354558,0.15098935707232974,2023,2.130464088701901,-0.27402720254818635,-0.5664105695120696,0.5257745252057908,0.7728258436480769,2023-2024,0.5459854430962431,0.4540145569037569,36,0,0,36,1,B_high_drift_low_JS
251,2019,11397530.741,66,0.3674691224945563,0.18499935012103705,2.2494816331005842,16.248907375974827,2.3634925269734492,0.73305959008069,0.8257894310170636,0.1389884275239703,2018,2.717999544794795,0.4396102131792781,-0.35450701782134564,0.2934493769014119,0.4602040444068378,2018-2019,0.8911545316044789,0.10884546839552112,42,0,0,42,1,C_low_drift_high_JS
251,2020,9873698.93,66,0.2621347076054708,0.14726555007248895,2.3721532221711428,16.10538520742626,2.7100390149668425,0.3613866490130202,0.829907087217483,0.135658343738884,2019,2.3634925269734492,0.73305959008069,0.34654648799339327,-0.3716729410676698,0.5081685187636544,2019-2020,0.8103592355776748,0.18964076442232525,42,0,0,42,1,A_high_drift_high_JS
251,2021,10466610.751,67,0.23385052126507613,0.13132816648654055,2.4587259846365295,16.163700915476863,2.7760061227130644,0.2639307198986622,0.8221884761128052,0.14222676506674978,2020,2.7100390149668425,0.3613866490130202,0.06596710774622183,-0.09745592911435802,0.11768312293589261,2020-2021,0.898732553705725,0.10126744629427498,43,0,0,43,1,C_low_drift_high_JS
251,2022,10169913.548,66,0.24325986925292198,0.12285695522761704,2.5088757829818507,16.13494436562956,2.8430471568173687,0.16905148779415113,0.8376904997283527,0.12527962862764733,2021,2.7760061227130644,0.2639307198986622,0.0670410341043044,-0.09487923210451105,0.11617473451020315,2021-2022,0.9093911896937146,0.09060881030628543,43,0,0,43,1,C_low_drift_high_JS
251,2023,9665775.825,67,0.2327289284096344,0.12412739068069846,2.511703162528155,16.08410204245933,2.8621932588054886,0.1696462035993172,0.8236356131357486,0.139597998005302,2022,2.8430471568173687,0.16905148779415113,0.019146101988119835,0.0005947158051660684,0.019155336285964823,2022-2023,0.9068547040802606,0.09314529591973941,44,0,0,44,1,C_low_drift_high_JS
251,2024,8984740.508000001,67,0.2359243094569738,0.11522562675565956,2.612178848495514,16.011038308503817,2.8528676352741704,0.16030686545318207,0.8109872782354558,0.15098935707232974,2023,2.8621932588054886,0.1696462035993172,-0.009325623531318161,-0.009339338146135134,0.01319812453554405,2023-2024,0.8046290519405638,0.19537094805943622,49,0,0,49,1,C_low_drift_high_JS
258,2019,5991.58,14,0.9821449434039102,0.9646685987747043,0.12553948061208342,8.698277316240288,-3.1518483626570934,0.7807449729311909,0.8257894310170636,0.1389884275239703,2018,-2.609791879069588,0.5125842324551074,-0.5420564835875052,0.2681607404760835,0.6047606254808036,2018-2019,0.8296493459237867,0.1703506540762133,8,5,5,18,3,A_high_drift_high_JS
258,2020,7027.012,12,0.827253461357402,0.7014499099266119,0.6175018185506521,8.857659156761422,-2.0053463839271153,0.025828891159660018,0.829907087217483,0.135658343738884,2019,-3.1518483626570934,0.7807449729311909,1.1465019787299782,-0.7549160817715309,1.372721777254603,2019-2020,0.6954385709829359,0.30456142901706407,9,3,4,16,3,B_high_drift_low_JS
258,2021,11958.093,21,0.5237674602463788,0.3658032159743821,1.223499814566992,9.389247188508518,-0.3765092807197835,-0.7468903527358994,0.8221884761128052,0.14222676506674978,2020,-2.0053463839271153,0.025828891159660018,1.6288371032073319,-0.7727192438955595,1.8028325875331235,2020-2021,0.6163221775536776,0.3836778224463224,11,8,1,20,3,B_high_drift_low_JS
258,2022,18311.677,17,0.451952052234211,0.3863975465760325,1.16532290640784,9.815348831241723,-0.36467934448399236,-0.8726434860166429,0.8376904997283527,0.12527962862764733,2021,-0.3765092807197835,-0.7468903527358994,0.01182993623579115,-0.12575313328074345,0.1263083446224647,2021-2022,0.7535116170557873,0.24648838294421271,16,0,4,20,3,C_low_drift_high_JS
258,2023,15581.067000000001,16,0.6261445381115427,0.49877715922915655,0.8559093792930201,9.6538759807147,-1.1018212145624273,-0.42380765085588984,0.8236356131357486,0.139597998005302,2022,-0.36467934448399236,-0.8726434860166429,-0.7371418700784349,0.44883583516075304,0.8630363512316169,2022-2023,0.7537877889137665,0.24621221108623348,13,0,2,15,3,A_high_drift_high_JS
258,2024,12208.758,21,0.6223835381125582,0.4538568242774694,1.0885638341978392,9.409990747088516,-0.8743663252975677,-0.44395419036603895,0.8109872782354558,0.15098935707232974,2023,-1.1018212145624273,-0.42380765085588984,0.22745488926485957,-0.02014653951014911,0.22834537373181776,2023-2024,0.7933845736112143,0.20661542638878572,11,5,1,17,3,C_low_drift_high_JS
262,2019,51238.06,17,0.4284510381540597,0.2892881665906368,1.516601865858703,10.844257410799463,0.042251071089298424,-0.9213093547957734,0.8257894310170636,0.1389884275239703,2018,-0.4670704589111325,-0.1102812212154246,0.5093215300004309,-0.8110281335803488,0.9576925677798716,2018-2019,0.19843314744551233,0.8015668525544877,6,10,7,23,2,B_high_drift_low_JS
262,2020,81025.996,15,0.9832646796467642,0.9668974376886523,0.11112623404203195,11.302537662078434,-2.689226724000837,1.2093968738580434,0.829907087217483,0.135658343738884,2019,0.042251071089298424,-0.9213093547957734,-2.7314777950901354,2.1307062286538168,3.4642286266778983,2019-2020,0.0041642606512897196,0.9958357393487103,9,4,8,21,2,B_high_drift_low_JS
262,2021,52568.615,13,0.4878576123795539,0.4253749860125609,1.0575540615417482,10.869893570218101,-0.5231712136543621,-0.6145278306295082,0.8221884761128052,0.14222676506674978,2020,-2.689226724000837,1.2093968738580434,2.166055510346475,-1.8239247044875517,2.8316952169226,2020-2021,0.005002654255504058,0.9949973457444959,7,5,5,17,2,B_high_drift_low_JS
262,2022,18400.431,15,0.4077078411913286,0.30387097114083933,1.3700457991193369,9.820183712312142,-0.07102638651035169,-1.1396978997107063,0.8376904997283527,0.12527962862764733,2021,-0.5231712136543621,-0.6145278306295082,0.45214482714401044,-0.5251700690811981,0.6929924575143928,2021-2022,0.034883844453469814,0.9651161555465302,7,7,5,19,2,B_high_drift_low_JS
262,2023,18926.193,17,0.5054503037140116,0.40912200565498047,1.125109227197496,9.848354950059894,-0.5393595985264082,-0.7511804948379657,0.8236356131357486,0.139597998005302,2022,-0.07102638651035169,-1.1396978997107063,-0.46833321201605654,0.38851740487274067,0.6085078235867849,2022-2023,0.6659614228133683,0.33403857718663166,12,2,2,16,2,B_high_drift_low_JS
262,2024,31529.765,11,0.34951100967609494,0.296667729103627,1.3199724379940474,10.358719014851815,-0.09314716647790951,-1.2002820570663748,0.8109872782354558,0.15098935707232974,2023,-0.5393595985264082,-0.7511804948379657,0.44621243204849875,-0.44910156222840913,0.6330858928381154,2023-2024,0.26974724563259966,0.7302527543674003,7,2,9,18,2,B_high_drift_low_JS
266,2019,40301.369999999995,13,0.2807348732809828,0.21843732869496513,1.6367443253012177,10.6041655551386,0.3801718014781758,-1.4196945337947244,0.8257894310170636,0.1389884275239703,2018,-0.4350287267910526,-0.3426710134809622,0.8152005282692284,-1.0770235203137624,1.3507522217636654,2018-2019,0.6296281032700188,0.37037189672998116,10,2,3,15,2,B_high_drift_low_JS
266,2020,5749.46,15,0.4796276519881867,0.3153444515293627,1.4844789815015464,8.657035130591566,-0.23951039082291567,-1.200914255629646,0.829907087217483,0.135658343738884,2019,0.3801718014781758,-1.4196945337947244,-0.6196821923010915,0.2187802781650785,0.6571687983836999,2019-2020,0.2986791668090959,0.7013208331909041,10,5,1,16,2,B_high_drift_low_JS
266,2021,20032.5,11,0.9197553974790965,0.8480920372110285,0.39524369048219304,9.905161151288137,-2.4584744622924863,0.5580357032557938,0.8221884761128052,0.14222676506674978,2020,-0.23951039082291567,-1.200914255629646,-2.218964071469571,1.7589499588854398,2.8315554927170163,2020-2021,0.21431210521739474,0.7856878947826053,8,3,6,17,2,B_high_drift_low_JS
266,2022,15873.098,14,0.9192912435871057,0.8462097960404726,0.4362759118025691,9.672444003249,-2.441092114438772,0.5732169813483717,0.8376904997283527,0.12527962862764733,2021,-2.4584744622924863,0.5580357032557938,0.017382347853714286,0.015181278092577966,0.023078501282182803,2021-2022,0.7942105063047133,0.20578949369528665,8,4,3,15,2,C_low_drift_high_JS
266,2023,40432.104,12,0.49341978344733184,0.37450463111420157,1.1193181178714955,10.607404134360065,-0.4890429346955736,-0.7898807720080082,0.8236356131357486,0.139597998005302,2022,-2.441092114438772,0.5732169813483717,1.9520491797431985,-1.36309775335638,2.3808678008955693,2022-2023,0.43899967902426495,0.561000320975735,8,3,5,16,2,B_high_drift_low_JS
266,2024,60367.637,13,0.551547180818093,0.3697948984140391,1.2885796168582027,11.008224994096473,-0.4911910014829817,-0.6275359575059782,0.8109872782354558,0.15098935707232974,2023,-0.4890429346955736,-0.7898807720080082,-0.0021480667874081427,0.16234481450202998,0.1623590249620319,2023-2024,0.6644854481614214,0.3355145518385786,8,3,3,14,2,D_low_drift_low_JS
268,2019,238595.731,36,0.3465597630495744,0.24032086602861424,1.7811112753412321,12.382530087797695,0.987982049255626,-0.4772954262673475,0.8257894310170636,0.1389884275239703,2018,0.5644615010252428,-0.15514153572959224,0.4235205482303832,-0.3221538905377552,0.5321210237924981,2018-2019,0.6850190191728546,0.31498098082714543,23,2,0,25,1,B_high_drift_low_JS
268,2020,262587.244,33,0.2584975491040989,0.1704039040554411,1.9743992154045502,12.47834247214119,1.4105207019016217,-0.8324501549962163,0.829907087217483,0.135658343738884,2019,0.987982049255626,-0.4772954262673475,0.42253865264599566,-0.35515472872886883,0.5519726391030355,2019-2020,0.6331247177325161,0.3668752822674839,22,1,4,27,1,B_high_drift_low_JS
268,2021,275312.932,37,0.36227139522817625,0.25166144852505834,1.648760564700487,12.525667296461197,0.9487669302889428,-0.40348078057559106,0.8221884761128052,0.14222676506674978,2020,1.4105207019016217,-0.8324501549962163,-0.46175377161267894,0.42896937442062527,0.6302628576945944,2020-2021,0.6445669728840959,0.3554330271159041,23,3,0,26,1,B_high_drift_low_JS
268,2022,350910.644,54,0.3311616988169786,0.2393252214691749,1.7391624985219838,12.768289744263845,1.4669513518560062,-0.1666984860945825,0.8376904997283527,0.12527962862764733,2021,0.9487669302889428,-0.40348078057559106,0.5181844215670635,0.23678229448100857,0.5697200626048579,2021-2022,0.8640205770319155,0.13597942296808452,25,4,0,29,1,A_high_drift_high_JS
268,2023,306766.523,46,0.24914591153090065,0.162537074734691,2.1223909471872515,12.63384548563598,1.7749822226968635,-0.6709919319942449,0.8236356131357486,0.139597998005302,2022,1.4669513518560062,-0.1666984860945825,0.30803087084085723,-0.5042934458996624,0.59092715030563,2022-2023,0.6940100521545827,0.30598994784541733,28,1,1,30,1,B_high_drift_low_JS
268,2024,313186.579,50,0.37789491611644055,0.2072001026071509,1.9891961068035964,12.65455758394711,1.4069547347229345,-0.24152825788317975,0.8109872782354558,0.15098935707232974,2023,1.7749822226968635,-0.6709919319942449,-0.3680274879739289,0.4294636741110651,0.565582248028857,2023-2024,0.7867701767232438,0.21322982327675621,29,2,0,31,1,A_high_drift_high_JS
270,2019,22490.61,11,0.5922249329831427,0.431872664675237,1.103705078220229,10.020897629763272,-0.9383034407484908,-0.6457860403614551,0.8257894310170636,0.1389884275239703,2018,-1.6476054532197897,-0.059355448918324595,0.7093020124712989,-0.5864305914431306,0.9203315617081567,2018-2019,0.48880733604818805,0.511192663951812,8,3,3,14,2,B_high_drift_low_JS
270,2020,21274.8,4,0.9363190253257375,0.8796984549839926,0.2645333383826408,9.965325555554818,-2.7375284108172617,0.5257392174898985,0.829907087217483,0.135658343738884,2019,-0.9383034407484908,-0.6457860403614551,-1.7992249700687708,1.1715252578513535,2.147016982397356,2019-2020,0.07235258618456808,0.9276474138154319,2,1,9,12,2,B_high_drift_low_JS
270,2021,4365.85,8,0.42374337185198757,0.3370438309125382,1.181422072938548,8.381797204372624,-0.5367417149186651,-1.3634800904099222,0.8221884761128052,0.14222676506674978,2020,-2.7375284108172617,0.5257392174898985,2.2007866958985964,-1.8892193078998207,2.900450253699542,2020-2021,0.03175121533626157,0.9682487846637384,2,5,1,8,2,B_high_drift_low_JS
270,2022,2661.2,3,0.7139636254321359,0.5728881362964225,0.7098284967222067,7.8869081276129185,-1.8719378155054258,-0.7041240253655718,0.8376904997283527,0.12527962862764733,2021,-0.5367417149186651,-1.3634800904099222,-1.3351961005867607,0.6593560650443504,1.4891269413763424,2021-2022,0.553961647539851,0.446038352460149,3,0,4,7,2,B_high_drift_low_JS
270,2023,20981.09,9,0.8926418980138782,0.8006408917221504,0.48770619229152146,9.951424495673137,-2.401185585714705,0.4067765366188695,0.8236356131357486,0.139597998005302,2022,-1.8719378155054258,-0.7041240253655718,-0.5292477702092793,1.1109005619844412,1.2305296668056571,2022-2023,0.040396865088364375,0.9596031349116356,3,6,0,9,2,B_high_drift_low_JS
270,2024,9262.9,7,0.7137030519599694,0.5370637963758488,0.9385415461146945,9.133880405281285,-1.5697235983072029,-0.4944326935012244,0.8109872782354558,0.15098935707232974,2023,-2.401185585714705,0.4067765366188695,0.8314619874075022,-0.9012092301200938,1.2261758083396057,2023-2024,0.7199042973146563,0.2800957026853437,5,2,4,11,2,A_high_drift_high_JS
275,2019,2874.55,5,0.5873615000608791,0.42367958353146573,1.0797355395466315,7.963999239282933,-1.2770617365237915,-1.1525911802998305,0.8257894310170636,0.1389884275239703,2018,-1.4414286520987296,-1.5041710411823317,0.1643669155749381,0.35157986088250115,0.3881042147591001,2018-2019,0.30133606767231846,0.6986639323276815,4,1,1,6,2,D_low_drift_low_JS
275,2020,10634.270999999999,5,0.8995821152197457,0.8137217945324654,0.41882791954554366,9.271931209209068,-2.5273248136518336,0.2512644493617204,0.829907087217483,0.135658343738884,2019,-1.2770617365237915,-1.1525911802998305,-1.250263077128042,1.403855629661551,1.8798852068576184,2019-2020,0.6818228791308096,0.31817712086919037,4,1,1,6,2,B_high_drift_low_JS
275,2021,3839.6200000000003,10,0.30157932295383394,0.24444810448200235,1.539905478381725,8.253389090882113,0.05733359751674648,-1.7369729420821935,0.8221884761128052,0.14222676506674978,2020,-2.5273248136518336,0.2512644493617204,2.58465841116858,-1.988237391443914,3.2609119931639046,2020-2021,0.3458932614838264,0.6541067385161736,5,5,0,10,2,B_high_drift_low_JS
275,2022,6329.35,7,0.554505596941234,0.3956561091184741,1.1149719462241823,8.753110805868745,-0.8963436489511768,-1.0626997929388493,0.8376904997283527,0.12527962862764733,2021,0.05733359751674648,-1.7369729420821935,-0.9536772464679233,0.6742731491433442,1.167965996973509,2021-2022,0.5308579066046482,0.46914209339535184,6,1,4,11,2,B_high_drift_low_JS
275,2023,10053.27,12,0.7501390094964127,0.5937433298959717,0.7730121867508831,9.215752698875024,-1.649656893735423,-0.2293393863243809,0.8236356131357486,0.139597998005302,2022,-0.8963436489511768,-1.0626997929388493,-0.7533132447842462,0.8333604066144684,1.123374564461917,2022-2023,0.17253085474046204,0.827469145259538,5,6,2,13,2,B_high_drift_low_JS
275,2024,2006.3500000000001,9,0.5778802302688962,0.4136700855288856,1.079255940357689,7.604570723228506,-1.1442702252955177,-1.1142737308835995,0.8109872782354558,0.15098935707232974,2023,-1.649656893735423,-0.2293393863243809,0.5053866684399053,-0.8849343445592186,1.0190802121605742,2023-2024,0.19765181008651345,0.8023481899134866,7,2,4,13,2,B_high_drift_low_JS
276,2019,19940105.581,65,0.2779917547318227,0.14938456500616545,2.363588188487781,16.808243667568938,2.6862141220369313,0.5855917160152735,0.8257894310170636,0.1389884275239703,2018,3.0115824072225004,0.32143999430029435,-0.32536828518556904,0.26415172171497914,0.419095040640647,2018-2019,0.8072652862494795,0.19273471375052054,44,1,0,45,1,C_low_drift_high_JS
276,2020,21738012.012000002,67,0.3366357161805031,0.1882891542679076,2.1947982402257806,16.894573037688218,2.5108720167343526,0.7277347023881091,0.829907087217483,0.135658343738884,2019,2.6862141220369313,0.5855917160152735,-0.17534210530257877,0.14214298637283562,0.2257199204034255,2019-2020,0.8886997088038505,0.11130029119614948,48,0,0,48,1,C_low_drift_high_JS
276,2021,25998721.461,67,0.25660582617524585,0.15016638115549197,2.3345998488409685,17.07355795866315,2.721432572720251,0.5002506896713917,0.8221884761128052,0.14222676506674978,2020,2.5108720167343526,0.7277347023881091,0.2105605559858983,-0.22748401271671737,0.3099753599542877,2020-2021,0.875934922176955,0.12406507782304499,47,0,0,47,1,C_low_drift_high_JS
276,2022,22660951.389,66,0.2533241522589632,0.1402016279690367,2.3798864147189214,16.93615384220431,2.8009967356156356,0.3780163535578152,0.8376904997283527,0.12527962862764733,2021,2.721432572720251,0.5002506896713917,0.0795641628953847,-0.12223433611357654,0.1458481708571284,2021-2022,0.8635978405392903,0.13640215946070966,43,0,0,43,1,C_low_drift_high_JS
276,2023,24982202.235,67,0.33049352584427993,0.17219022726619723,2.270305088375233,17.033674258732287,2.558518014416779,0.6105160068977727,0.8236356131357486,0.139597998005302,2022,2.8009967356156356,0.3780163535578152,-0.24247872119885638,0.23249965333995753,0.3359345457636549,2022-2023,0.8639281150666234,0.13607188493337663,48,0,0,48,1,C_low_drift_high_JS
276,2024,27032038.844,67,0.4267604699214378,0.2103469291699576,2.237381915199613,17.112533381331968,2.2301726909973634,0.8643028896896677,0.8109872782354558,0.15098935707232974,2023,2.558518014416779,0.6105160068977727,-0.3283453234194158,0.253786882791895,0.41499208822413447,2023-2024,0.7882575229528087,0.2117424770471913,46,0,0,46,1,C_low_drift_high_JS
288,2019,560881.76,36,0.5177039453021257,0.2946872724795407,1.9066078006654863,13.237267178707423,0.7625160262813118,-0.008536089721615753,0.8257894310170636,0.1389884275239703,2018,0.6088411866274985,0.09478820864171984,0.15367483965381323,-0.10332429836333559,0.18518063336888338,2018-2019,0.6819879120237349,0.3180120879762651,28,4,1,33,1,D_low_drift_low_JS
288,2020,817085.9219999999,39,0.43295091798191576,0.3085829270927064,1.619506148453519,13.613500759859813,0.916213037904772,0.02561622100744676,0.829907087217483,0.135658343738884,2019,0.7625160262813118,-0.008536089721615753,0.15369701162346028,0.03415231072906251,0.15744571035794058,2019-2020,0.5427925150137036,0.4572074849862964,29,4,4,37,1,D_low_drift_low_JS
288,2021,845595.44,40,0.41288857943699414,0.2190031339065202,1.986120607588664,13.64779750350092,1.2745627956174983,-0.20751799933750545,0.8221884761128052,0.14222676506674978,2020,0.916213037904772,0.02561622100744676,0.35834975771272626,-0.2331342203449522,0.42751153615852094,2020-2021,0.5521756967782663,0.4478243032217337,31,4,3,38,1,D_low_drift_low_JS
288,2022,566632.473,45,0.48762048270396247,0.2716598944113245,1.8765618831577453,13.247467941583809,1.0876689736542846,0.0004983556159728515,0.8376904997283527,0.12527962862764733,2021,1.2745627956174983,-0.20751799933750545,-0.1868938219632137,0.2080163549534783,0.279642816135421,2021-2022,0.6220073026517219,0.3779926973482781,28,5,1,34,1,D_low_drift_low_JS
288,2023,475317.42299999995,41,0.38879582581596217,0.20507002099391902,2.071181650627301,13.071740222633585,1.3719447406791212,-0.39978833656873436,0.8236356131357486,0.139597998005302,2022,1.0876689736542846,0.0004983556159728515,0.2842757670248366,-0.4002866921847072,0.49096043390250266,2022-2023,0.5300554602558554,0.46994453974414463,30,2,3,35,1,B_high_drift_low_JS
288,2024,448553.37,37,0.5441492948765495,0.3284375714225573,1.6918099760909902,13.013785179443595,0.5049943250430472,0.03971219517319313,0.8109872782354558,0.15098935707232974,2023,1.3719447406791212,-0.39978833656873436,-0.866950415636074,0.4395005317419275,0.9719895784281838,2023-2024,0.6178831246375058,0.38211687536249417,25,2,4,31,1,B_high_drift_low_JS
292,2019,97.65,4,0.9728622631848438,0.9469426033025458,0.141806566325339,4.591578232468624,-3.747089900024514,-0.20157563515047028,0.8257894310170636,0.1389884275239703,2018,-4.051836449581244,-0.4928260069843758,0.3047465495567301,0.2912503718339055,0.4215415027730019,2018-2019,0.03835522105672817,0.9616447789432718,1,3,0,4,3,D_low_drift_low_JS
292,2020,265.2,7,0.8295625942684767,0.700496110963239,0.6375616062303597,5.5842479059610115,-2.4248530828735717,-0.6286870754939321,0.829907087217483,0.135658343738884,2019,-3.747089900024514,-0.20157563515047028,1.3222368171509422,-0.4271114403434618,1.3895086840684807,2019-2020,0.7467461046005197,0.2532538953994803,3,4,1,8,3,A_high_drift_high_JS
292,2021,25.506999999999998,7,0.4194926882816482,0.2614587395901393,1.5745533062024861,3.2774088490538547,-0.6880345069433519,-2.4077150538692402,0.8221884761128052,0.14222676506674978,2020,-2.4248530828735717,-0.6286870754939321,1.73681857593022,-1.779027978375308,2.486258094715513,2020-2021,0.06823670278966243,0.9317632972103376,3,4,4,11,3,B_high_drift_low_JS
292,2022,799.96,14,0.8694184709235462,0.7594582367375282,0.6239047843923478,6.68581100824341,-2.3989260824228507,-0.18316981344964048,0.8376904997283527,0.12527962862764733,2021,-0.6880345069433519,-2.4077150538692402,-1.7108915754794989,2.2245452404196,2.8063769365001945,2021-2022,0.10888285739312975,0.8911171426068702,7,7,0,14,3,B_high_drift_low_JS
292,2023,51.97,11,0.30248220126996345,0.18825069257959506,1.9520651584989328,3.9697257155564354,-0.017725542701862617,-2.6789675143261427,0.8236356131357486,0.139597998005302,2022,-2.3989260824228507,-0.18316981344964048,2.381200539720988,-2.495797700876502,3.4495104252731226,2022-2023,0.13766944118364577,0.8623305588163542,8,3,6,17,3,B_high_drift_low_JS
292,2024,61.158,13,0.5319173288858366,0.34712780562222156,1.5105934317710947,4.1296795305095895,-0.9397283131942151,-1.86755830150976,0.8109872782354558,0.15098935707232974,2023,-0.017725542701862617,-2.6789675143261427,-0.9220027704923525,0.8114092128163826,1.2281995031096842,2023-2024,0.5210321267402558,0.4789678732597442,10,3,1,14,3,B_high_drift_low_JS
296,2019,104097.03,15,0.7889312500078052,0.6372413563856103,0.7887824204383472,11.553088330312566,-1.5584458334128968,0.3824313048014462,0.8257894310170636,0.1389884275239703,2018,-1.7652393141388334,0.6587440912913027,0.20679348072593662,-0.2763127864898565,0.34512649803881673,2018-2019,0.7759063619900154,0.2240936380099846,10,0,3,13,1,C_low_drift_high_JS
296,2020,86040.913,12,0.9512637319411058,0.9055057220452912,0.27127404760649715,11.362589816979222,-2.4976603005099434,0.9858819047533776,0.829907087217483,0.135658343738884,2019,-1.5584458334128968,0.3824313048014462,-0.9392144670970466,0.6034505999519313,1.1163675209297048,2019-2020,0.7319569599285931,0.2680430400714069,8,2,2,12,1,A_high_drift_high_JS
296,2021,157807.1,13,0.7959914351128689,0.6586287501526189,0.6933491305794414,11.96913501687501,-1.5341964080282195,0.42503761639935,0.8221884761128052,0.14222676506674978,2020,-2.4976603005099434,0.9858819047533776,0.9634638924817238,-0.5608442883540276,1.114813431877895,2020-2021,0.7067502001757573,0.2932497998242427,9,3,0,12,1,B_high_drift_low_JS
296,2022,269335.9,10,0.5123227167265856,0.48427923806162076,0.7846182769860729,12.503718291321698,-0.7280657528636442,-0.22585579302784417,0.8376904997283527,0.12527962862764733,2021,-1.5341964080282195,0.42503761639935,0.8061306551645754,-0.6508934094271942,1.036102728319844,2021-2022,0.7002059825449474,0.29979401745505263,9,1,2,12,1,B_high_drift_low_JS
296,2023,248629.24,19,0.8506091238504369,0.740743624481154,0.5149357740289254,12.423722091851726,-1.76856532511109,0.8715695842518527,0.8236356131357486,0.139597998005302,2022,-0.7280657528636442,-0.22585579302784417,-1.040499572247446,1.097425377279697,1.5122770310179954,2022-2023,0.6672812773889683,0.33271872261103175,8,5,1,14,1,B_high_drift_low_JS
296,2024,397419.68,18,0.9762269447753569,0.9533274769429783,0.13925638354546058,12.892750645994527,-2.640553950955991,1.5194398103699671,0.8109872782354558,0.15098935707232974,2023,-1.76856532511109,0.8715695842518527,-0.871988625844901,0.6478702261181144,1.0863240738809095,2023-2024,0.7113754938872762,0.28862450611272383,11,2,3,16,1,B_high_drift_low_JS
300,2019,433187.6,44,0.28895656293024086,0.18623419182504655,2.1357679712003605,12.978928477973232,1.6201234411960248,-0.43977884704922293,0.8257894310170636,0.1389884275239703,2018,1.499073704836879,-0.5882905139540899,0.12104973635914584,0.148511666904867,0.19159528668388712,2018-2019,0.8626608836830161,0.13733911631698392,31,2,0,33,1,C_low_drift_high_JS
300,2020,388878.456,45,0.5097139194566231,0.2904474891830788,1.8905782673092353,12.871024692829241,1.019048480016827,0.06316400961117206,0.829907087217483,0.135658343738884,2019,1.6201234411960248,-0.43977884704922293,-0.6010749611791979,0.502942856660395,0.7837363242968217,2019-2020,0.6518497617931325,0.3481502382068675,33,0,0,33,1,B_high_drift_low_JS
300,2021,412574.546,49,0.4233562581439525,0.21962000683232558,2.049876034605729,12.930174609806638,1.403440855860743,-0.1319073932762059,0.8221884761128052,0.14222676506674978,2020,1.019048480016827,0.06316400961117206,0.38439237584391606,-0.19507140288737795,0.4310572477425477,2020-2021,0.7498143712881951,0.25018562871180494,31,0,1,32,1,C_low_drift_high_JS
300,2022,475898.53,49,0.3666384932939381,0.19159011374001372,2.141310707276581,13.072962039506276,1.6497257099408595,-0.31500444760139407,0.8376904997283527,0.12527962862764733,2021,1.403440855860743,-0.1319073932762059,0.24628485408011658,-0.18309705432518816,0.3068888408721067,2021-2022,0.6701800689727923,0.32981993102720775,32,1,0,33,1,D_low_drift_low_JS
300,2023,567489.499,49,0.5042868150058932,0.2874274792880053,1.902622940243369,13.248979286347328,1.107471350340814,0.1323775609594162,0.8236356131357486,0.139597998005302,2022,1.6497257099408595,-0.31500444760139407,-0.5422543596000455,0.44738200856081023,0.7029868079054972,2022-2023,0.7095765671250995,0.29042343287490047,32,1,1,34,1,B_high_drift_low_JS
300,2024,730904.457,55,0.4229378437077994,0.22622972135722363,2.073388646257786,13.502039396578251,1.527172626972181,0.07749137579955025,0.8109872782354558,0.15098935707232974,2023,1.107471350340814,0.1323775609594162,0.419701276631367,-0.054886185159865944,0.4232749164873845,2023-2024,0.7944650416947213,0.20553495830527868,32,0,0,32,1,C_low_drift_high_JS
304,2019,64.48,6,0.6536910669975186,0.4748941618845014,1.0240651676460948,4.181744752502934,-1.8945516034849332,-1.5907090945027504,0.8257894310170636,0.1389884275239703,2018,-1.4963143552702187,-2.222550108224495,-0.3982372482147145,0.6318410137217447,0.7468707870084023,2018-2019,0.16827201028862193,0.8317279897113781,2,4,3,9,2,B_high_drift_low_JS
304,2020,72.8,3,0.945054945054945,0.8950156985871272,0.24372344808661794,4.301358731606427,-3.3747570372325435,-0.39881650794132567,0.829907087217483,0.135658343738884,2019,-1.8945516034849332,-1.5907090945027504,-1.4802054337476103,1.1918925865614247,1.90042523241406,2019-2020,0.5539463719594362,0.4460536280405638,2,1,4,7,2,B_high_drift_low_JS
304,2021,27.838,10,0.5552841439758603,0.3444478691054178,1.5367672780046016,3.361693961884455,-1.0094469428007806,-2.0065413608190217,0.8221884761128052,0.14222676506674978,2020,-3.3747570372325435,-0.39881650794132567,2.365310094431763,-1.607724852877696,2.859977455397403,2020-2021,0.016008417804636355,0.9839915821953636,1,9,2,12,2,B_high_drift_low_JS
304,2022,188.423,13,0.7732601646295834,0.6183886197416812,0.8641508611356369,5.243982609493254,-2.0215965629233628,-0.8497803815305348,0.8376904997283527,0.12527962862764733,2021,-1.0094469428007806,-2.0065413608190217,-1.0121496201225821,1.156760979288487,1.5370565431104826,2021-2022,0.26211837517653314,0.7378816248234669,8,5,2,15,2,B_high_drift_low_JS
304,2023,475.87699999999995,16,0.8105245683233273,0.6678673284793218,0.7959648356991226,6.167258596001093,-2.086107712608093,-0.4672829037601725,0.8236356131357486,0.139597998005302,2022,-2.0215965629233628,-0.8497803815305348,-0.06451114968473037,0.3824974777703623,0.3878994830292179,2022-2023,0.1561962775080259,0.8438037224919741,9,7,4,20,2,D_low_drift_low_JS
304,2024,5047.5960000000005,18,0.9122881466741791,0.8337222817483232,0.4662149926071593,8.526865463812756,-2.545137453817702,0.4652108609636226,0.8109872782354558,0.15098935707232974,2023,-2.086107712608093,-0.4672829037601725,-0.45902974120960893,0.9324937647237951,1.0393521658050833,2023-2024,0.6971502792506687,0.30284972074933125,13,3,3,19,2,B_high_drift_low_JS
308,2020,25.8,1,1.0,1.0,-1.000088900581841e-12,3.288401887516811,-3.9215952602161397,-0.3286841532976726,0.829907087217483,0.135658343738884,2019,-1.8499531016441058,-1.2982736677943922,-2.071642158572034,0.9695895144967197,2.287313939929318,2019-2020,0.49306687892547973,0.5069331210745203,1,0,1,2,2,B_high_drift_low_JS
308,2021,6.839,4,0.9504313496125164,0.904138767360015,0.25169992526609225,2.059111275206585,-3.5704403849443027,-0.698400930546383,0.8221884761128052,0.14222676506674978,2020,-3.9215952602161397,-0.3286841532976726,0.351154875271837,-0.3697167772487104,0.5099021884698592,2020-2021,0.0,1.0,0,4,1,5,2,B_high_drift_low_JS
308,2022,220.0,1,1.0,1.0,-1.000088900581841e-12,5.3981627015177525,-3.780598497762565,0.017169381442268525,0.8376904997283527,0.12527962862764733,2021,-3.5704403849443027,-0.698400930546383,-0.21015811281826213,0.7155703119886515,0.7457930703505292,2021-2022,0.0,1.0,0,1,4,5,2,B_high_drift_low_JS
308,2023,7.489000000000001,2,0.9465883295500066,0.8988822721805305,0.2084407310117667,2.138771207755831,-3.7393248964860994,-0.7649693081603187,0.8236356131357486,0.139597998005302,2022,-3.780598497762565,0.017169381442268525,0.0412736012764654,-0.7821386896025873,0.7832269402514069,2022-2023,0.0,1.0,0,2,1,3,2,B_high_drift_low_JS
308,2024,17.999,1,1.0,1.0,-1.000088900581841e-12,2.944386346202403,-4.133187300232773,-0.32970666203475824,0.8109872782354558,0.15098935707232974,2023,-3.7393248964860994,-0.7649693081603187,-0.3938624037466738,0.4352626461255605,0.5870103612350746,2023-2024,0.8349712629916911,0.1650287370083089,1,0,1,2,2,A_high_drift_high_JS
316,2019,2376459.819,44,0.32253088138579633,0.17826426650201604,2.074825482972374,14.681122888049881,1.7197424276911737,-0.08828087778755543,0.8257894310170636,0.1389884275239703,2018,2.025912845532641,-0.44545315673321684,-0.3061704178414675,0.3571722789456614,0.470438478027102,2018-2019,0.7980027429190754,0.20199725708092464,25,0,0,25,1,C_low_drift_high_JS
316,2020,2241976.12,48,0.22068393797164976,0.14108809717082088,2.2661158177749336,14.622868677388217,2.214001125983661,-0.3208291449853527,0.829907087217483,0.135658343738884,2019,1.7197424276911737,-0.08828087778755543,0.49425869829248725,-0.23254826719779725,0.5462328783719285,2019-2020,0.8231382463536447,0.17686175364635526,26,2,1,29,1,A_high_drift_high_JS
316,2021,1761658.046,52,0.2375142894218643,0.1359666202044129,2.3482997505193626,14.381766562781195,2.229566203089902,-0.3009365964035509,0.8221884761128052,0.14222676506674978,2020,2.214001125983661,-0.3208291449853527,0.015565077106240999,0.019892548581801783,0.025258367215688582,2020-2021,0.7379807570364957,0.2620192429635043,29,0,0,29,1,C_low_drift_high_JS
316,2022,1869050.367,51,0.21758919833325174,0.1312155799013679,2.3352248506372355,14.440941569741144,2.3003032670986325,-0.40430112962538384,0.8376904997283527,0.12527962862764733,2021,2.229566203089902,-0.3009365964035509,0.07073706400873059,-0.10336453322183292,0.1252515826356803,2021-2022,0.8381534518813518,0.16184654811864818,32,0,0,32,1,C_low_drift_high_JS
316,2023,2908329.718,47,0.2796128420264624,0.15235052526917958,2.226801477566521,14.883089838129237,2.0438244680476534,-0.2597469041773396,0.8236356131357486,0.139597998005302,2022,2.3003032670986325,-0.40430112962538384,-0.25647879905097914,0.14455422544804425,0.29441008552275605,2022-2023,0.7592241941313586,0.24077580586864145,34,0,0,34,1,C_low_drift_high_JS
316,2024,2229512.2970000003,51,0.22570150461924093,0.12295799881892697,2.365769665052505,14.617293867149398,2.2568663862246234,-0.34950840883173523,0.8109872782354558,0.15098935707232974,2023,2.0438244680476534,-0.2597469041773396,0.21304191817697005,-0.08976150465439564,0.23117955493153777,2023-2024,0.7794376861913302,0.22056231380866975,32,0,0,32,1,C_low_drift_high_JS
320,2019,1250816.0960000001,41,0.2619137226069083,0.12566281234095705,2.434269340437059,14.039307572524862,1.993615588609334,-0.5234500832087557,0.8257894310170636,0.1389884275239703,2018,2.3357267725042554,-0.835366273095234,-0.34211118389492134,0.3119161898864783,0.4629597948626665,2018-2019,0.6937516050134263,0.30624839498657375,29,5,3,37,1,D_low_drift_low_JS
320,2020,975058.833,40,0.37093766833247077,0.18665661639846487,2.195164721554308,13.790254115276584,1.5927356680793199,-0.3188536718800967,0.829907087217483,0.135658343738884,2019,1.993615588609334,-0.5234500832087557,-0.4008799205300142,0.20459641132865902,0.4500715523255345,2019-2020,0.7540259173909327,0.24597408260906728,32,1,2,35,1,C_low_drift_high_JS
320,2021,1089139.736,45,0.17720523236882435,0.10436068430703531,2.55870890937244,13.900899627724863,2.3207903902197686,-0.7113204262668188,0.8221884761128052,0.14222676506674978,2020,1.5927356680793199,-0.3188536718800967,0.7280547221404488,-0.39246675438672207,0.8270996504230029,2020-2021,0.579415971795114,0.42058402820488605,33,2,0,35,1,B_high_drift_low_JS
320,2022,1197704.6909999999,42,0.19245592985658602,0.12252918046250398,2.380259722384029,13.995918360531556,2.159023541671569,-0.719260819266095,0.8376904997283527,0.12527962862764733,2021,2.3207903902197686,-0.7113204262668188,-0.16176684854819978,-0.00794039299927618,0.16196161005065107,2021-2022,0.5794801068900393,0.42051989310996074,33,0,1,34,1,D_low_drift_low_JS
320,2023,1055150.695,52,0.2879029805311364,0.14486981979595018,2.3819182725173165,13.869195101285841,2.1347719692776623,-0.3597265586755995,0.8236356131357486,0.139597998005302,2022,2.159023541671569,-0.719260819266095,-0.024251572393906518,0.3595342605904955,0.36035124989644646,2022-2023,0.7852722832065582,0.21472771679344183,33,1,0,34,1,C_low_drift_high_JS
320,2024,1300334.032,49,0.2936040514242267,0.16038841422064964,2.284006204205814,14.07813250615154,1.932685374692598,-0.30212983003283966,0.8109872782354558,0.15098935707232974,2023,2.1347719692776623,-0.3597265586755995,-0.20208659458506428,0.05759672864275983,0.210134182991097,2023-2024,0.7192245455490063,0.2807754544509937,35,2,2,39,1,C_low_drift_high_JS
324,2019,173588.771,20,0.5258186314367074,0.32097515977931335,1.6121973878928924,12.06445015666131,0.06878869169955336,-0.463307889564274,0.8257894310170636,0.1389884275239703,2018,0.9275515547678713,-0.7942821612615066,-0.858762863068318,0.33097427169723265,0.9203356037396403,2018-2019,0.43299251572621034,0.5670074842737897,19,0,6,25,1,B_high_drift_low_JS
324,2020,159299.76,30,0.3203890577110725,0.1981462101886432,1.914364617481735,11.978549266759327,1.1127021847060168,-0.8322398595552504,0.829907087217483,0.135658343738884,2019,0.06878869169955336,-0.463307889564274,1.0439134930064635,-0.3689319699909764,1.1071884118623978,2019-2020,0.49886906959497546,0.5011309304050245,17,7,3,27,1,B_high_drift_low_JS
324,2021,471058.396,26,0.26316548235348725,0.1414398646466264,2.2518459144428706,13.062739471204955,1.4764267825521502,-0.9923494551541499,0.8221884761128052,0.14222676506674978,2020,1.1127021847060168,-0.8322398595552504,0.3637245978461334,-0.16010959559889948,0.3974049140123642,2020-2021,0.3942937628923625,0.6057062371076375,19,3,5,27,1,D_low_drift_low_JS
324,2022,118537.25,22,0.4906693043747851,0.35711974594142853,1.2920400011214481,11.68299097228364,-0.022297103255622164,-0.45915170123444,0.8376904997283527,0.12527962862764733,2021,1.4764267825521502,-0.9923494551541499,-1.4987238858077723,0.5331977539197099,1.59074609245969,2021-2022,0.5389881423997214,0.46101185760027863,16,3,5,24,1,B_high_drift_low_JS
324,2023,69881.57800000001,20,0.44408198681489414,0.2664419756306153,1.7909734289653254,11.154571655382046,0.39629477493281184,-0.9135803192655105,0.8236356131357486,0.139597998005302,2022,-0.022297103255622164,-0.45915170123444,0.418591878188434,-0.45442861803107054,0.6178385949185672,2022-2023,0.4314587659983735,0.5685412340016265,15,4,4,23,1,B_high_drift_low_JS
324,2024,98471.985,29,0.28316175407655286,0.18795708966824792,2.062689660869708,11.497537525583551,1.1273197138192337,-1.071606264909337,0.8109872782354558,0.15098935707232974,2023,0.39629477493281184,-0.9135803192655105,0.7310249388864218,-0.15802594564382644,0.7479101956588922,2023-2024,0.34800390694782546,0.6519960930521745,18,8,2,28,1,B_high_drift_low_JS
328,2019,3531.7,7,0.5011750714953139,0.48299111579291454,0.7892896140162945,8.169817730082674,-1.3287056012421865,-1.0616972029022795,0.8257894310170636,0.1389884275239703,2018,-0.7708807807509364,-0.7644619677159525,-0.5578248204912502,-0.297235235186327,0.6320738211572811,2018-2019,0.34669671397592294,0.6533032860240771,3,4,4,11,2,B_high_drift_low_JS
328,2020,9170.314999999999,9,0.9759455373125133,0.9526978160728508,0.14432291884727078,9.123835957368497,-2.974492032659762,0.6798036808810656,0.829907087217483,0.135658343738884,2019,-1.3287056012421865,-1.0616972029022795,-1.6457864314175756,1.741500883783345,2.396129860015181,2019-2020,0.0053905454600601255,0.9946094545399399,3,6,4,13,2,B_high_drift_low_JS
328,2021,883.6779999999999,14,0.6687707513370255,0.4821115161806488,1.1700536119702174,6.7852237369935295,-1.2312327960895249,-0.9288410086886302,0.8221884761128052,0.14222676506674978,2020,-2.974492032659762,0.6798036808810656,1.7432592365702373,-1.6086446895696958,2.372064607713759,2020-2021,0.03241553878127279,0.9675844612187272,7,7,2,16,2,B_high_drift_low_JS
328,2022,11979.514000000001,9,0.6237314802587149,0.5187848367806253,0.745316453256166,9.391036775590456,-1.33332754006051,-0.5509652809362822,0.8376904997283527,0.12527962862764733,2021,-1.2312327960895249,-0.9288410086886302,-0.10209474397098517,0.377875727752348,0.39142483617019963,2021-2022,0.3308615959205745,0.6691384040794255,8,0,6,14,2,D_low_drift_low_JS
328,2023,72696.265,13,0.8608136882960906,0.7467587390282118,0.5882258474811718,11.194059042456313,-1.99297751122925,0.550397389595242,0.8236356131357486,0.139597998005302,2022,-1.33332754006051,-0.5509652809362822,-0.65964997116874,1.101362670531524,1.2837981992911698,2022-2023,0.5034022838955302,0.4965977161044698,5,4,1,10,2,B_high_drift_low_JS
328,2024,112290.95999999999,15,0.9309983635370114,0.8678402686034842,0.36711535403253215,11.628857544218775,-2.4584500337390036,1.0071116534386448,0.8109872782354558,0.15098935707232974,2023,-1.99297751122925,0.550397389595242,-0.4654725225097536,0.45671426384340286,0.6521139379047303,2023-2024,0.7742303776939043,0.22576962230609565,9,3,2,14,2,A_high_drift_high_JS
332,2019,748186.1,17,0.42396403782427927,0.25933335297966914,1.6228108691412795,13.525408359368239,0.4488109601135705,-0.5324850838331273,0.8257894310170636,0.1389884275239703,2018,0.8378096848996633,-0.8498850604220163,-0.3889987247860928,0.31739997658888897,0.502058515537615,2018-2019,0.6648451398376629,0.3351548601623371,11,2,2,15,1,B_high_drift_low_JS
332,2020,621334.619,22,0.4465275095189892,0.2719721427556911,1.579426080996925,13.339626664200866,0.55268096332341,-0.40281697477390876,0.829907087217483,0.135658343738884,2019,0.4488109601135705,-0.5324850838331273,0.10387000320983947,0.12966810905921855,0.16614089223850176,2019-2020,0.7644772378953009,0.23552276210469913,12,5,0,17,1,C_low_drift_high_JS
332,2021,584195.833,27,0.3482553426566465,0.2185933188319295,1.7598125176022532,13.277993247832415,0.9620285248173386,-0.585148214442046,0.8221884761128052,0.14222676506674978,2020,0.55268096332341,-0.40281697477390876,0.4093475614939286,-0.18233123966813725,0.44811840741030196,2020-2021,0.7407127666303606,0.25928723336963944,18,2,2,22,1,C_low_drift_high_JS
332,2022,266454.064,24,0.42820889382268906,0.30369142591909337,1.378602458672612,12.492960892986249,0.3467969806215193,-0.47115076921724797,0.8376904997283527,0.12527962862764733,2021,0.9620285248173386,-0.585148214442046,-0.6152315441958193,0.11399744522479804,0.6257038201028927,2021-2022,0.5068581241718506,0.4931418758281494,18,2,2,22,1,B_high_drift_low_JS
332,2023,279692.068,19,0.42026064893624365,0.2499670538456962,1.652317829479429,12.541448095186112,0.49858470774612795,-0.7302482235523096,0.8236356131357486,0.139597998005302,2022,0.3467969806215193,-0.47115076921724797,0.15178772712460864,-0.2590974543350616,0.3002848729932362,2022-2023,0.5345607942828392,0.4654392057171608,16,2,3,21,1,D_low_drift_low_JS
332,2024,229994.23,18,0.39083945714638146,0.27030035824835313,1.4631176558993548,12.345813848559839,0.29348886609175034,-0.7332423200566309,0.8109872782354558,0.15098935707232974,2023,0.49858470774612795,-0.7302482235523096,-0.2050958416543776,-0.002994096504321364,0.20511769518448358,2023-2024,0.7803370012192429,0.21966299878075712,16,0,0,16,1,C_low_drift_high_JS
336,2024,4.853,4,0.7224397280032969,0.5724853448441675,0.7598846380704725,1.7669543503090839,-2.5179524858920463,-1.6530794009716878,0.8109872782354558,0.15098935707232974,2023,-3.3907649633994903,0.7662468536611835,0.872812477507444,-2.419326254632871,2.5719527886896754,2023-2024,1.1102230246251565e-16,0.9999999999999999,0,4,1,5,4,B_high_drift_low_JS
340,2019,2343126.35,21,0.9807265536491448,0.9619083955960961,0.12844417266920538,14.666997069405927,-2.3568102571763956,1.9645405453164568,0.8257894310170636,0.1389884275239703,2018,-2.17511637989281,1.8320884792978338,-0.18169387728358544,0.13245206601862303,0.2248470921202769,2018-2019,0.9449656500656247,0.05503434993437528,11,1,3,15,1,C_low_drift_high_JS
340,2020,2185562.788,26,0.9799515890183612,0.9604180045329009,0.1319040433462194,14.597384379773326,-2.1075170970797785,1.9757565924085256,0.829907087217483,0.135658343738884,2019,-2.3568102571763956,1.9645405453164568,0.24929316009661706,0.011216047092068804,0.24954534534494738,2019-2020,0.956619269893723,0.043380730106276966,9,2,1,12,1,C_low_drift_high_JS
340,2021,2190515.119,26,0.9780870021924738,0.9568514879540434,0.13165819420054875,14.599647744802944,-2.1385771752038596,1.9255308365100778,0.8221884761128052,0.14222676506674978,2020,-2.1075170970797785,1.9757565924085256,-0.03106007812408107,-0.0502257558984478,0.05905383144762483,2020-2021,0.9465873266571737,0.05341267334282629,7,0,4,11,1,C_low_drift_high_JS
340,2022,2333460.094,20,0.9828188379552378,0.9660105605523958,0.11385931405119448,14.662863171423929,-2.319783290883075,1.8914013509055816,0.8376904997283527,0.12527962862764733,2021,-2.1385771752038596,1.9255308365100778,-0.18120611567921552,-0.034129485604496246,0.1843921856998738,2021-2022,0.9687759640706713,0.031224035929328653,6,1,0,7,1,C_low_drift_high_JS
340,2023,2928281.05,33,0.9727590410080345,0.9463785552241208,0.1829592343392789,14.889926477975955,-2.0011642530463174,2.1208832495518704,0.8236356131357486,0.139597998005302,2022,-2.319783290883075,1.8914013509055816,0.3186190378367577,0.22948189864628876,0.3926576537880381,2022-2023,0.9201954453179739,0.07980455468202607,7,7,0,14,1,C_low_drift_high_JS
340,2024,3425515.435,30,0.9717276121396311,0.944406480271154,0.18614270369445424,15.046762802253312,-2.14585371806575,2.095038493206725,0.8109872782354558,0.15098935707232974,2023,-2.0011642530463174,2.1208832495518704,-0.1446894650194328,-0.02584475634514538,0.14697956564825468,2023-2024,0.9443604472964191,0.0556395527035809,16,0,0,16,1,C_low_drift_high_JS
344,2019,78859178.678,67,0.39320705033731923,0.19682212253611647,2.283063439376567,18.18317428410249,2.5467479679086016,1.1391857855099996,0.8257894310170636,0.1389884275239703,2018,2.5246322218435067,1.2240902278397778,0.02211574606509492,-0.08490444232977823,0.08773750937510363,2018-2019,0.9101684537513081,0.08983154624869194,49,0,0,49,1,C_low_drift_high_JS
344,2020,70872540.388,67,0.2403652048415127,0.11850831913242818,2.6107408769000324,18.076393629999565,3.150305644341991,0.5811229873123785,0.829907087217483,0.135658343738884,2019,2.5467479679086016,1.1391857855099996,0.6035576764333892,-0.5580627981976211,0.8220194374306671,2019-2020,0.8084998367715563,0.19150016322844365,50,0,0,50,1,A_high_drift_high_JS
344,2021,61248943.582,67,0.22053928900693248,0.11532385890563965,2.6142928618513457,17.930457175926364,3.0827704923350865,0.46892089963049616,0.8221884761128052,0.14222676506674978,2020,3.150305644341991,0.5811229873123785,-0.0675351520069043,-0.11220208768188239,0.13095917393130002,2020-2021,0.8619463730668581,0.13805362693314194,48,0,0,48,1,C_low_drift_high_JS
344,2022,52380253.543,67,0.1956467621063955,0.10326961083591499,2.666314267383798,17.77404025657766,3.2348106411396604,0.3320423926816963,0.8376904997283527,0.12527962862764733,2021,3.0827704923350865,0.46892089963049616,0.15204014880457395,-0.13687850694879988,0.20457744869131994,2021-2022,0.8555941983061965,0.14440580169380346,49,0,0,49,1,C_low_drift_high_JS
344,2023,48298908.065,67,0.19897203413101633,0.10273358871650287,2.6960914565261493,17.692919531721756,3.227782093030858,0.3129025526949206,0.8236356131357486,0.139597998005302,2022,3.2348106411396604,0.3320423926816963,-0.007028548108802379,-0.019139839986775653,0.020389555248634672,2022-2023,0.8828119766302758,0.11718802336972423,55,0,0,55,1,C_low_drift_high_JS
344,2024,51978551.006,67,0.2168935442178571,0.11567961752297919,2.5719579773479233,17.766341730037013,3.0290616634313805,0.4273491332382515,0.8109872782354558,0.15098935707232974,2023,3.227782093030858,0.3129025526949206,-0.19872042959947755,0.1144465805433309,0.22932036311296483,2023-2024,0.8869658688672938,0.11303413113270622,54,0,0,54,1,C_low_drift_high_JS
348,2019,4354641.5,50,0.4168460205047878,0.29056400427223866,1.5968186348108024,15.28675307534697,1.2782762720697183,0.5737621246882081,0.8257894310170636,0.1389884275239703,2018,1.5417056118580947,0.1835496797016698,-0.26342933978837646,0.3902124449865383,0.4708086333997202,2018-2019,0.7807362624773599,0.21926373752264006,27,2,1,30,1,C_low_drift_high_JS
348,2020,8760141.777,53,0.4760343052835958,0.35714105531070545,1.3314791025522124,15.985722761524043,1.1183676814175465,0.9226832033575936,0.829907087217483,0.135658343738884,2019,1.2782762720697183,0.5737621246882081,-0.15990859065217178,0.3489210786693855,0.38381854632647877,2019-2020,0.8232936662634739,0.1767063337365261,29,0,0,29,1,C_low_drift_high_JS
348,2021,9576278.67,55,0.6632369466123734,0.4802092183991331,1.1404846314826742,16.07479973109841,0.4665301827961351,1.4293423111899064,0.8221884761128052,0.14222676506674978,2020,1.1183676814175465,0.9226832033575936,-0.6518374986214114,0.5066591078323128,0.8255880184198737,2020-2021,0.8197139935776253,0.1802860064223747,30,0,0,30,1,A_high_drift_high_JS
348,2022,8845380.011,53,0.6080695789566117,0.41600618129969497,1.3020038632670692,15.99540596107562,0.7373743440526493,1.1541233161932989,0.8376904997283527,0.12527962862764733,2021,0.4665301827961351,1.4293423111899064,0.2708441612565142,-0.2752189949966075,0.38613735236789426,2021-2022,0.919054379370844,0.080945620629156,32,0,0,32,1,C_low_drift_high_JS
348,2023,7603849.602,54,0.5851482980186382,0.38984952886001406,1.3944099657243159,15.844165335106547,0.8444546486835407,1.0565008065026311,0.8236356131357486,0.139597998005302,2022,0.7373743440526493,1.1541233161932989,0.10708030463089135,-0.09762250969066777,0.14490115954728938,2022-2023,0.8621893851416675,0.13781061485833246,31,1,0,32,1,C_low_drift_high_JS
348,2024,5748780.477,62,0.6555015165523427,0.47103622909163245,1.2112604519216312,15.564498473272465,0.512491123322816,1.4750220941922603,0.8109872782354558,0.15098935707232974,2023,0.8444546486835407,1.0565008065026311,-0.3319635253607247,0.41852128768962915,0.534190837079134,2023-2024,0.7546140899764143,0.24538591002358567,32,1,0,33,1,A_high_drift_high_JS
352,2019,11932.41,26,0.8499934212786855,0.728111665466127,0.7171492514213358,9.38709730828105,-1.8569858869374378,0.5035460842770343,0.8257894310170636,0.1389884275239703,2018,0.9193987414137261,-1.5699491151398173,-2.776384628351164,2.0734951994168513,3.4652119627158973,2018-2019,0.36288438588220495,0.637115614117795,21,3,8,32,2,B_high_drift_low_JS
352,2020,6771.133,27,0.8578635215110971,0.7398601627290666,0.718671188235498,8.820571382753023,-1.7574828689583224,0.4165230343959224,0.829907087217483,0.135658343738884,2019,-1.8569858869374378,0.5035460842770343,0.09950301797911543,-0.08702304988111187,0.13218873551692162,2019-2020,0.7018370241322254,0.2981629758677746,19,7,5,31,2,D_low_drift_low_JS
352,2021,755897.427,30,0.981434746966006,0.9633480330172676,0.11679388399637505,13.535662290315013,-2.184847663260477,1.85588594278572,0.8221884761128052,0.14222676506674978,2020,-1.7574828689583224,0.4165230343959224,-0.4273647943021548,1.4393629083897976,1.5014680314469768,2020-2021,0.022594797823509594,0.9774052021764904,24,1,2,27,2,B_high_drift_low_JS
352,2022,16087.194,37,0.7359063364313254,0.5572094165328159,1.1009133507583084,9.685840990057057,-0.7889675175254589,0.18902055147223984,0.8376904997283527,0.12527962862764733,2021,-2.184847663260477,1.85588594278572,1.3958801457350183,-1.66686539131348,2.1741484802137725,2021-2022,0.0239084146754458,0.9760915853245542,22,3,1,26,2,B_high_drift_low_JS
352,2023,23765.327,40,0.855985276365017,0.7406243052372831,0.6545050063492741,10.076025025907045,-1.507719170023223,0.8829633817800668,0.8236356131357486,0.139597998005302,2022,-0.7889675175254589,0.18902055147223984,-0.7187516524977642,0.693942830307827,0.999079871533755,2022-2023,0.7563189488890888,0.2436810511109112,25,5,3,33,2,A_high_drift_high_JS
352,2024,9939.936,42,0.7782798601520171,0.6174776814032327,1.0067928390418295,9.204416460207314,-1.0772597280688316,0.45131211818464717,0.8109872782354558,0.15098935707232974,2023,-1.507719170023223,0.8829633817800668,0.43045944195439145,-0.43165126359541967,0.6096049085524234,2023-2024,0.8389078329560841,0.16109216704391593,30,4,3,37,2,A_high_drift_high_JS
360,2019,48949555.157,61,0.38779341179131116,0.1950785332317845,2.225342136202114,17.706300859626957,2.347657154936448,0.9203407092592981,0.8257894310170636,0.1389884275239703,2018,2.3992878966329947,0.9917113226459451,-0.05163074169654669,-0.07137061338664696,0.08808801248366178,2018-2019,0.8081157653384751,0.19188423466152493,41,0,1,42,1,C_low_drift_high_JS
360,2020,48801987.855000004,64,0.35696459848643597,0.1853051451435176,2.244205444903461,17.703281625218313,2.5286501740167715,0.8136339556272781,0.829907087217483,0.135658343738884,2019,2.347657154936448,0.9203407092592981,0.1809930190803235,-0.10670675363201998,0.2101066496484463,2019-2020,0.785202023806565,0.214797976193435,41,1,0,42,1,C_low_drift_high_JS
360,2021,49506860.657,62,0.44357016802468185,0.22275935082655363,2.243887584965975,17.71762183726548,2.1907806744956266,0.9005576593666716,0.8221884761128052,0.14222676506674978,2020,2.5286501740167715,0.8136339556272781,-0.33786949952114487,0.08692370373939351,0.348871794472472,2020-2021,0.7622635663626628,0.2377364336373372,40,0,0,40,1,C_low_drift_high_JS
360,2022,48819110.637,65,0.4021452124758829,0.1922453757185399,2.3450635476471486,17.703632426061354,2.491429088804424,0.8064864834198866,0.8376904997283527,0.12527962862764733,2021,2.1907806744956266,0.9005576593666716,0.3006484143087973,-0.09407117594678505,0.3150219915663115,2021-2022,0.8683975546826185,0.13160244531738152,40,0,0,40,1,C_low_drift_high_JS
360,2023,49345098.489,65,0.43147321440134945,0.21538108235927045,2.1826924928870017,17.71434901777833,2.284071584433345,0.9287361652976849,0.8236356131357486,0.139597998005302,2022,2.491429088804424,0.8064864834198866,-0.20735750437107914,0.12224968187779828,0.2407116933973607,2022-2023,0.7915907499095701,0.20840925009042988,40,0,0,40,1,C_low_drift_high_JS
360,2024,52758691.97,65,0.4289356357217512,0.2281195116721157,2.047732319349831,17.781239112382952,2.1043449858391208,1.0066795639329393,0.8109872782354558,0.15098935707232974,2023,2.284071584433345,0.9287361652976849,-0.17972659859422402,0.07794339863525446,0.1959000347959732,2023-2024,0.7722134006580114,0.22778659934198864,36,0,0,36,1,C_low_drift_high_JS
364,2019,544823.88,25,0.2755834233991359,0.15971779037208825,2.203812331648399,13.208219700909778,1.351919903253206,-0.9150927968383262,0.8257894310170636,0.1389884275239703,2018,1.8778447099790863,-0.38759952826382893,-0.5259248067258802,-0.5274932685744973,0.7448798901306579,2018-2019,0.5171200368340314,0.4828799631659686,22,2,6,30,1,B_high_drift_low_JS
364,2020,353045.02599999995,24,0.46683306904881877,0.2591205761666355,1.909008297871917,12.774353712685135,0.7153094839177517,-0.5184155909627497,0.829907087217483,0.135658343738884,2019,1.351919903253206,-0.9150927968383262,-0.6366104193354544,0.39667720587557653,0.7500837497691292,2019-2020,0.6479534942169332,0.35204650578306684,22,2,2,26,1,B_high_drift_low_JS
364,2021,346434.38800000004,24,0.38280022016751986,0.2620045611539037,1.7361092347961897,12.755451609805855,0.7099039756654868,-0.6179130304117428,0.8221884761128052,0.14222676506674978,2020,0.7153094839177517,-0.5184155909627497,-0.0054055082522649345,-0.09949743944899314,0.09964416679550972,2020-2021,0.6785917376865277,0.3214082623134723,20,1,3,24,1,D_low_drift_low_JS
364,2022,414061.07399999996,30,0.30710712738961793,0.15063034001279013,2.3102969513832137,12.933771178766062,1.5233557842912664,-0.8993945127524285,0.8376904997283527,0.12527962862764733,2021,0.7099039756654868,-0.6179130304117428,0.8134518086257796,-0.2814814823406857,0.8607762019580129,2021-2022,0.5768012882065232,0.4231987117934768,19,7,1,27,1,B_high_drift_low_JS
364,2023,422154.616,32,0.3674830763901916,0.19820840005850446,2.080471484072806,12.953129283337358,1.235638260590296,-0.6501851444951419,0.8236356131357486,0.139597998005302,2022,1.5233557842912664,-0.8993945127524285,-0.28771752370097037,0.24920936825728668,0.3806398332700013,2022-2023,0.6005483724140999,0.39945162758590014,22,6,5,33,1,D_low_drift_low_JS
364,2024,394210.047,30,0.37385534975976903,0.18675842198680484,2.226505429773916,12.88464169715386,1.221438645729978,-0.7242425926829011,0.8109872782354558,0.15098935707232974,2023,1.235638260590296,-0.6501851444951419,-0.014199614860318066,-0.07405744818775928,0.07540646321280435,2023-2024,0.5749922428527109,0.4250077571472891,24,5,4,33,1,D_low_drift_low_JS
368,2019,7350944.204,46,0.7220364952725195,0.5358038197179178,1.1905874862025618,15.810339462104526,0.07087272052397293,1.4943122625389944,0.8257894310170636,0.1389884275239703,2018,0.1366262912047218,1.252773061760451,-0.06575357068074887,0.24153920077854352,0.2503292183705406,2018-2019,0.8886700766739002,0.11132992332609981,36,3,0,39,3,C_low_drift_high_JS
368,2020,4406639.749,49,0.5068055083256592,0.3072933568062988,1.6748378191832014,15.298623222234935,1.1949420434538718,0.6226858985066739,0.829907087217483,0.135658343738884,2019,0.07087272052397293,1.4943122625389944,1.1240693229298988,-0.8716263640323205,1.4224149750436,2019-2020,0.765451180471806,0.23454881952819395,37,1,2,40,3,A_high_drift_high_JS
368,2021,2265006.4570000004,47,0.4052029508187843,0.24361246466965264,1.8795271159435287,14.633088609167583,1.4206250715927085,0.14533449838900744,0.8221884761128052,0.14222676506674978,2020,1.1949420434538718,0.6226858985066739,0.22568302813883667,-0.4773514001176664,0.5280124888525,2020-2021,0.7469509114294073,0.2530490885705927,39,0,1,40,3,A_high_drift_high_JS
368,2022,2162349.819,46,0.3363326158467424,0.17219952384875487,2.2587905134884796,14.586706529975041,1.894235901164273,-0.21393385418510374,0.8376904997283527,0.12527962862764733,2021,1.4206250715927085,0.14533449838900744,0.47361082957156464,-0.35926835257411116,0.5944585494790882,2021-2022,0.7315382904225916,0.26846170957740845,36,3,2,41,3,A_high_drift_high_JS
368,2023,4668619.5309999995,46,0.6447907660950922,0.4307035365632349,1.5811675456435665,15.35637419650151,0.5780371836132275,0.9205835981629503,0.8236356131357486,0.139597998005302,2022,1.894235901164273,-0.21393385418510374,-1.3161987175510457,1.1345174523480541,1.7376734197671715,2022-2023,0.6532045795415651,0.3467954204584349,40,1,1,42,3,B_high_drift_low_JS
368,2024,2244152.16,50,0.1954113628373577,0.12024569665313864,2.4704935630186053,14.623838796415015,2.360799385749072,-0.44856809794118047,0.8109872782354558,0.15098935707232974,2023,0.5780371836132275,0.9205835981629503,1.7827622021358445,-1.3691516961041308,2.2478472893657755,2023-2024,0.5123064977773315,0.4876935022226685,39,4,1,44,3,B_high_drift_low_JS
372,2019,431933.89,42,0.19737302854378944,0.1168084724229659,2.36228251904426,12.976030138274616,1.9868337135253722,-0.783050509274864,0.8257894310170636,0.1389884275239703,2018,-0.5707615574110366,1.3946108533253605,2.557595270936409,-2.1776613626002246,3.359092523298242,2018-2019,0.3363775870632162,0.6636224129367838,25,0,1,26,3,B_high_drift_low_JS
372,2020,1178861.432,52,0.596741385292856,0.377332221220798,1.5751400302226728,13.980060490777799,0.7989165330859894,0.7247457392408685,0.829907087217483,0.135658343738884,2019,1.9868337135253722,-0.783050509274864,-1.1879171804393827,1.5077962485157324,1.9195303474082324,2019-2020,0.49808119632938164,0.5019188036706184,28,0,0,28,3,B_high_drift_low_JS
372,2021,599084.266,53,0.23383702085075292,0.1410825485757731,2.272199504766195,13.303159214212588,2.1010288249210887,-0.4336968739540314,0.8221884761128052,0.14222676506674978,2020,0.7989165330859894,0.7247457392408685,1.3021122918350994,-1.1584426131949,1.7428384057662614,2020-2021,0.35713846725298526,0.6428615327470147,33,1,0,34,3,B_high_drift_low_JS
372,2022,682673.814,53,0.199867707244444,0.13075257868196408,2.302563624917574,13.433773910972523,2.252618059923377,-0.5607480668978276,0.8376904997283527,0.12527962862764733,2021,2.1010288249210887,-0.4336968739540314,0.15158923500228827,-0.12705119294379624,0.1977910559075428,2021-2022,0.6388606218952124,0.3611393781047876,34,0,1,35,3,D_low_drift_low_JS
372,2023,1136898.17,54,0.22856466643798012,0.15232630328400854,2.1256105454420364,13.943815088061518,2.1186833198994264,-0.33594174673241073,0.8236356131357486,0.139597998005302,2022,2.252618059923377,-0.5607480668978276,-0.13393474002395056,0.2248063201654169,0.2616799498845855,2022-2023,0.6044204031535154,0.3955795968464846,31,0,1,32,3,D_low_drift_low_JS
372,2024,1454306.889,57,0.2883374823922738,0.19278608374880674,1.9714671218920112,14.19004066775399,1.8643205933571163,0.0013825588962884554,0.8109872782354558,0.15098935707232974,2023,2.1186833198994264,-0.33594174673241073,-0.25436272654231007,0.3373243056286992,0.4224785010174152,2023-2024,0.8714062788530699,0.12859372114693013,28,2,0,30,3,C_low_drift_high_JS
376,2019,5699360.324,54,0.4368619807235756,0.29189624602975855,1.696884251209135,15.555864678105833,1.4129378728148307,0.7234869853806177,0.8257894310170636,0.1389884275239703,2018,1.517922249560781,0.6554956820397156,-0.10498437674595018,0.06799130334090209,0.12507812235051408,2018-2019,0.8839618602635667,0.11603813973643329,31,0,0,31,1,C_low_drift_high_JS
376,2020,4662507.014,56,0.3527123487561578,0.2313150295551123,1.9412860626168362,15.355064061753106,1.887793379308326,0.37717810361718096,0.829907087217483,0.135658343738884,2019,1.4129378728148307,0.7234869853806177,0.47485550649349517,-0.34630888176343677,0.5877223780284667,2019-2020,0.7920482140005395,0.20795178599946051,32,1,1,34,1,A_high_drift_high_JS
376,2021,3487712.742,58,0.4978539686167766,0.28164809881094116,1.9190612965502116,15.064756991262398,1.4827670798456343,0.6282839619843579,0.8221884761128052,0.14222676506674978,2020,1.887793379308326,0.37717810361718096,-0.40502629946269164,0.2511058583671769,0.47655058006759227,2020-2021,0.5940748701053382,0.4059251298946618,32,0,1,33,1,D_low_drift_low_JS
376,2022,3213654.307,60,0.6052662527401084,0.3876237614456077,1.650228600381748,14.982919572172866,1.03402312763266,0.9887406213074545,0.8376904997283527,0.12527962862764733,2021,1.4827670798456343,0.6282839619843579,-0.44874395221297436,0.3604566593230967,0.5755867770354763,2021-2022,0.8761640337303473,0.12383596626965265,31,1,1,33,1,A_high_drift_high_JS
376,2023,3358359.676,64,0.568881741182507,0.35239134149972623,1.7148031797503427,15.02696351883274,1.2471260444361036,0.9733528378238872,0.8236356131357486,0.139597998005302,2022,1.03402312763266,0.9887406213074545,0.21310291680344373,-0.015387783483567397,0.21365775677628138,2022-2023,0.8671830323943488,0.1328169676056512,33,0,1,34,1,C_low_drift_high_JS
376,2024,3629367.628,58,0.5438514590729688,0.33123429198852417,1.6918937102993399,15.104569259432724,1.1156727310113619,0.8305849154234062,0.8109872782354558,0.15098935707232974,2023,1.2471260444361036,0.9733528378238872,-0.13145331342474176,-0.14276792240048097,0.1940686818548865,2023-2024,0.8587863178495335,0.14121368215046648,34,0,0,34,1,C_low_drift_high_JS
380,2019,4948652.005,66,0.20785244526403107,0.12907130943839257,2.4520376616097295,15.414625977311433,2.767641876694155,0.20636245839327036,0.8257894310170636,0.1389884275239703,2018,2.9929989564558173,0.09310592979633443,-0.22535707976166242,0.11325652859693593,0.25221588900886643,2018-2019,0.8629854143882956,0.13701458561170443,47,0,0,47,1,C_low_drift_high_JS
380,2020,3731750.086,66,0.21085761957961938,0.12849074503923155,2.434300932299519,15.132388141511724,2.7681794715323864,0.07943556798853367,0.829907087217483,0.135658343738884,2019,2.767641876694155,0.20636245839327036,0.0005375948382315698,-0.1269268904047367,0.12692802888261573,2019-2020,0.8311429774991996,0.16885702250080037,47,0,1,48,1,C_low_drift_high_JS
380,2021,4583666.244,66,0.28405175043106823,0.14069984689960285,2.4583566225271896,15.338009943991441,2.575182985522376,0.1988690213354517,0.8221884761128052,0.14222676506674978,2020,2.7681794715323864,0.07943556798853367,-0.1929964860100104,0.11943345334691803,0.22696253741660227,2020-2021,0.7900930240136714,0.20990697598632857,48,0,0,48,1,C_low_drift_high_JS
380,2022,4743304.356,66,0.19647058886726856,0.1104366177213276,2.6304847909134272,15.372244783137383,2.940622708916198,-0.08380444680491363,0.8376904997283527,0.12527962862764733,2021,2.575182985522376,0.1988690213354517,0.365439723393822,-0.2826734681403653,0.46200701404270395,2021-2022,0.7773407709860883,0.22265922901391166,51,0,0,51,1,C_low_drift_high_JS
380,2023,5076899.607,67,0.28140095936311077,0.14225834880007593,2.466941998600965,15.440211516625428,2.6558331899142376,0.17660639239773243,0.8236356131357486,0.139597998005302,2022,2.940622708916198,-0.08380444680491363,-0.2847895190019605,0.26041083920264607,0.38590008461724185,2022-2023,0.7458609575382527,0.25413904246174734,49,0,0,49,1,C_low_drift_high_JS
380,2024,6131588.75,66,0.23505761536926295,0.12460867867155309,2.476834898362307,15.628964613604612,2.6990648318639203,0.12274594252464474,0.8109872782354558,0.15098935707232974,2023,2.6558331899142376,0.17660639239773243,0.043231641949682764,-0.05386044987308769,0.06906462861839599,2023-2024,0.7503528667025486,0.24964713329745136,47,0,0,47,1,C_low_drift_high_JS
384,2019,799783.96,22,0.9405948826480591,0.8855912915146352,0.3305462712876601,13.59209817051687,-2.1361332028956164,1.586433793298249,0.8257894310170636,0.1389884275239703,2018,-1.7931874764161184,1.3170966363361931,-0.34294572647949795,0.26933715696205596,0.43606682450165113,2018-2019,0.8982545752589292,0.10174542474107084,16,1,2,19,3,C_low_drift_high_JS
384,2020,138096.594,29,0.33789464785786094,0.19116096423152368,2.001702269716171,11.835715917087759,1.1098764897742595,-0.8802444740604274,0.829907087217483,0.135658343738884,2019,-2.1361332028956164,1.586433793298249,3.246009692669876,-2.4666782673586765,4.076895951525668,2019-2020,0.4056977628363957,0.5943022371636043,18,7,1,26,3,B_high_drift_low_JS
384,2021,165268.999,33,0.49322619785456556,0.3035272414314148,1.702210175969578,12.015335773084168,0.5416822433953545,-0.31602693263142934,0.8221884761128052,0.14222676506674978,2020,1.1098764897742595,-0.8802444740604274,-0.5681942463789049,0.564217541428998,0.8007409916285508,2020-2021,0.4275259399551854,0.5724740600448146,26,4,2,32,3,B_high_drift_low_JS
384,2022,218153.25,25,0.43394741999030495,0.2650212272277359,1.7011679023839814,12.292957660369776,0.590418079745505,-0.6063221836382054,0.8376904997283527,0.12527962862764733,2021,0.5416822433953545,-0.31602693263142934,0.04873583635015044,-0.2902952510067761,0.2943578001375805,2021-2022,0.49242430471938814,0.5075756952806119,24,0,7,31,3,D_low_drift_low_JS
384,2023,197112.807,23,0.3166308721888375,0.2033313911478305,1.8659887118214586,12.19153654142304,0.9323004655047905,-0.9901768959255001,0.8236356131357486,0.139597998005302,2022,0.590418079745505,-0.6063221836382054,0.34188238575928553,-0.3838547122872946,0.5140311331404185,2022-2023,0.5724939975417062,0.42750600245829384,19,3,4,26,3,B_high_drift_low_JS
384,2024,193861.731,25,0.487636727023757,0.36790153970001505,1.3042105581804222,12.174905615433186,-0.016072204170467643,-0.29000886284533883,0.8109872782354558,0.15098935707232974,2023,0.9323004655047905,-0.9901768959255001,-0.9483726696752581,0.7001680330801612,1.178832471191016,2023-2024,0.5936961072385645,0.4063038927614355,20,1,2,23,3,B_high_drift_low_JS
388,2019,11132.630000000001,12,0.6912113310152228,0.5303461744181734,0.9077172180870323,9.317725536648252,-1.443832735179419,-0.4034215960628861,0.8257894310170636,0.1389884275239703,2018,-0.361910225426324,-1.1517090537810626,-1.081922509753095,0.7482874577181765,1.3154810665641552,2018-2019,0.5917530788559338,0.40824692114406624,8,3,1,12,2,B_high_drift_low_JS
388,2020,13008.62,9,0.384360524021764,0.3341787866023222,1.157270199719575,9.473444362778674,-0.33683509348055984,-1.2407731093942156,0.829907087217483,0.135658343738884,2019,-1.443832735179419,-0.4034215960628861,1.1069976416988592,-0.8373515133313295,1.3880206538827524,2019-2020,0.15807134920658894,0.8419286507934111,6,2,5,13,2,B_high_drift_low_JS
388,2021,9040.948,9,0.5441630678552736,0.41451646172861273,1.04292046419326,9.109629916897957,-0.8595972119763693,-0.9066732275332324,0.8221884761128052,0.14222676506674978,2020,-0.33683509348055984,-1.2407731093942156,-0.5227621184958094,0.33409988186098316,0.6204054832073533,2020-2021,0.20899883671258734,0.7910011632874127,7,2,2,11,2,B_high_drift_low_JS
388,2022,17488.09,13,0.5512322958081757,0.378874304956476,1.2506398480935215,9.769332536927779,-0.5607361971441925,-0.8301607634782048,0.8376904997283527,0.12527962862764733,2021,-0.8595972119763693,-0.9066732275332324,0.29886101483217675,0.07651246405502765,0.3084996974752009,2021-2022,0.3837009074901029,0.6162990925098971,6,7,3,16,2,D_low_drift_low_JS
388,2023,99165.247,13,0.9232266622600153,0.8548474182803247,0.3496871774918336,11.504552983357984,-2.3948019050207736,0.9030485892078223,0.8236356131357486,0.139597998005302,2022,-0.5607361971441925,-0.8301607634782048,-1.8340657078765812,1.733209352686027,2.523452333817134,2022-2023,0.6123575024920047,0.3876424975079953,10,1,3,14,2,B_high_drift_low_JS
388,2024,29727.221,18,0.7140728021633774,0.5290492398281998,1.0773726423774226,10.299852075654824,-1.1426727510302959,-0.11619998281007196,0.8109872782354558,0.15098935707232974,2023,-2.3948019050207736,0.9030485892078223,1.2521291539904778,-1.0192485720178943,1.614526267929211,2023-2024,0.6500618741192576,0.34993812588074236,11,4,0,15,2,B_high_drift_low_JS
392,2019,275801518.431,67,0.40265338926255073,0.1997958423946081,2.316421287495493,19.43519203248524,2.6790014301377125,1.3662399729979173,0.8257894310170636,0.1389884275239703,2018,2.7194186380319056,1.344236768015744,-0.04041720789419312,0.02200320498217323,0.046018384624516746,2018-2019,0.9641005364367865,0.035899463563213496,54,0,0,54,1,C_low_drift_high_JS
392,2020,283539189.128,67,0.33840523525192184,0.154858350054818,2.478346481767125,19.462860908361325,2.9831980811013317,1.0453084912045372,0.829907087217483,0.135658343738884,2019,2.6790014301377125,1.3662399729979173,0.30419665096361914,-0.32093148179338016,0.4421907037281275,2019-2020,0.8832995141712372,0.1167004858287628,53,0,0,53,1,C_low_drift_high_JS
392,2021,289828052.125,67,0.33623502495876634,0.15185957330046673,2.4983484830076685,19.484798384839443,2.904845238581976,0.9720568378081148,0.8221884761128052,0.14222676506674978,2020,2.9831980811013317,1.0453084912045372,-0.07835284251935581,-0.07325165339642237,0.1072612355707903,2020-2021,0.9069653213744261,0.09303467862557391,54,0,0,54,1,C_low_drift_high_JS
392,2022,289473671.099,67,0.32047765107892223,0.14318713736336464,2.5111242207930378,19.48357490817858,3.0304524670124464,0.9180428390805901,0.8376904997283527,0.12527962862764733,2021,2.904845238581976,0.9720568378081148,0.12560722843047056,-0.05401399872752466,0.13672851894364046,2021-2022,0.9380717435056269,0.06192825649437306,52,0,0,52,1,C_low_drift_high_JS
392,2023,281255408.11800003,67,0.31561994874337435,0.14037699451816832,2.5127290973826146,19.45477374371752,3.023572713669347,0.8944903184300872,0.8236356131357486,0.139597998005302,2022,3.0304524670124464,0.9180428390805901,-0.006879753343099537,-0.02355252065050295,0.024536752740618655,2022-2023,0.9196983986447715,0.08030160135522846,51,0,0,51,1,C_low_drift_high_JS
392,2024,288557751.316,67,0.29273542177869144,0.13187397953978314,2.5145227509064103,19.480405805216773,2.995834318688001,0.8633161526034654,0.8109872782354558,0.15098935707232974,2023,3.023572713669347,0.8944903184300872,-0.02773839498134567,-0.031174165826621802,0.0417282538710507,2023-2024,0.939990529589171,0.06000947041082905,48,0,0,48,1,C_low_drift_high_JS
398,2019,11048541.169000002,56,0.44085860074148214,0.24496048412382332,1.8840802014775577,16.217809046817216,1.7059310414501407,0.7826008332717018,0.8257894310170636,0.1389884275239703,2018,1.8546470145607201,0.6768459501659346,-0.14871597311057938,0.1057548831057672,0.18248434442149017,2018-2019,0.8407624518892955,0.15923754811070445,33,0,0,33,1,C_low_drift_high_JS
398,2020,8403876.362,56,0.3866381964746949,0.20373543468918903,2.0509257815286257,15.944203748027606,1.9957209555644708,0.4662293989413353,0.829907087217483,0.135658343738884,2019,1.7059310414501407,0.7826008332717018,0.2897899141143301,-0.3163714343303665,0.4290327246057627,2019-2020,0.8233556972542869,0.17664430274571308,36,1,0,37,1,C_low_drift_high_JS
398,2021,8600810.478,59,0.2691565528529485,0.14731967714002667,2.259777194498044,15.967367114679286,2.3959747354236254,0.1871875714418835,0.8221884761128052,0.14222676506674978,2020,1.9957209555644708,0.4662293989413353,0.40025377985915456,-0.27904182749945183,0.4879215406044033,2020-2021,0.834748147460157,0.16525185253984298,40,0,0,40,1,C_low_drift_high_JS
398,2022,8919271.579,60,0.2872974746091651,0.17018497637892885,2.137800231400295,16.003724951791394,2.3358050427817023,0.25236088379144433,0.8376904997283527,0.12527962862764733,2021,2.3959747354236254,0.1871875714418835,-0.06016969264192307,0.06517331234956084,0.08870148000589906,2021-2022,0.836939860272085,0.163060139727915,37,0,0,37,1,C_low_drift_high_JS
398,2023,9970228.606,62,0.2557401691336906,0.16466662869246176,2.1444856054083066,16.11511417136191,2.43587471489902,0.2490573184158136,0.8236356131357486,0.139597998005302,2022,2.3358050427817023,0.25236088379144433,0.10006967211731777,-0.0033035653756307293,0.10012418699724134,2022-2023,0.8934945772141977,0.10650542278580233,37,0,0,37,1,C_low_drift_high_JS
398,2024,12982708.075000001,62,0.2935283323005782,0.1754725556609921,2.1429990319523475,16.379128958942207,2.2976975818565535,0.4058349338941032,0.8109872782354558,0.15098935707232974,2023,2.43587471489902,0.2490573184158136,-0.1381771330424666,0.15677761547828958,0.2089788046929495,2023-2024,0.8640421320896184,0.13595786791038156,42,0,0,42,1,C_low_drift_high_JS
400,2019,437266.41000000003,33,0.42025155785462687,0.21274191773323753,2.1461079586778884,12.988300209126479,1.1202523343969497,-0.4469093415617971,0.8257894310170636,0.1389884275239703,2018,1.799950341936231,-0.9704125632488947,-0.6796980075392813,0.5235032216870976,0.8579306525411243,2018-2019,0.6413705918166188,0.3586294081833812,26,4,0,30,1,B_high_drift_low_JS
400,2020,408158.115,46,0.3264506207355451,0.16270946157172925,2.4181824291373006,12.919412365105941,1.874294720433097,-0.4895150269199955,0.829907087217483,0.135658343738884,2019,1.1202523343969497,-0.4469093415617971,0.7540423860361474,-0.042605685358198364,0.7552451021780466,2019-2020,0.6388925219236296,0.36110747807637045,31,12,1,44,1,B_high_drift_low_JS
400,2021,544609.213,39,0.3799416077817986,0.1929337367756418,2.198894777818557,13.207825612259324,1.4344060119169197,-0.43614694282181,0.8221884761128052,0.14222676506674978,2020,1.874294720433097,-0.4895150269199955,-0.43988870851617734,0.0533680840981855,0.443114238408496,2020-2021,0.7020808665164653,0.2979191334835347,34,1,9,44,1,D_low_drift_low_JS
400,2022,430247.246,41,0.2953236800032882,0.1384835823417611,2.401831303410319,12.972117637365884,1.8434926981341015,-0.735562628120099,0.8376904997283527,0.12527962862764733,2021,1.4344060119169197,-0.43614694282181,0.4090866862171818,-0.299415685298289,0.5069533207730265,2021-2022,0.8049416112191109,0.1950583887808891,30,1,0,31,1,A_high_drift_high_JS
400,2023,553036.15,41,0.3868521072266252,0.20651003160835266,2.1322346977492934,13.223180457271571,1.424990271282428,-0.38984919426529363,0.8236356131357486,0.139597998005302,2022,1.8434926981341015,-0.735562628120099,-0.4185024268516735,0.34571343385480535,0.5428278360847214,2022-2023,0.7122259613056995,0.2877740386943005,30,2,2,34,1,B_high_drift_low_JS
400,2024,597185.817,43,0.46941613819338235,0.26665756755862047,1.8835784607529291,13.299985269721674,1.0042287606925366,-0.03496488872199843,0.8109872782354558,0.15098935707232974,2023,1.424990271282428,-0.38984919426529363,-0.4207615105898914,0.3548843055432952,0.5504390239752576,2023-2024,0.8237533159415839,0.17624668405841615,34,3,0,37,1,A_high_drift_high_JS
404,2019,599856.846,34,0.26032851177962546,0.15631588040656424,2.1906186879354235,13.304447982794184,1.576321460051939,-0.7157986400995998,0.8257894310170636,0.1389884275239703,2018,1.552860812212074,-0.35175242484691577,0.023460647839865123,-0.36404621525268405,0.3648013827233522,2018-2019,0.5467546008029747,0.45324539919702533,30,2,4,36,1,D_low_drift_low_JS
404,2020,531052.495,39,0.28909213579723414,0.1572836073838632,2.2527517027674584,13.182618039029224,1.7341207540581296,-0.6223985991119709,0.829907087217483,0.135658343738884,2019,1.576321460051939,-0.7157986400995998,0.15779929400619053,0.09340004098762889,0.18336898550557265,2019-2020,0.6646632178004606,0.33533678219953944,29,4,2,35,1,D_low_drift_low_JS
404,2021,577328.557,34,0.17835933932504225,0.10792285231438253,2.463550282718537,13.266168538421944,1.9782645123178881,-1.015983819136803,0.8221884761128052,0.14222676506674978,2020,1.7341207540581296,-0.6223985991119709,0.24414375825975854,-0.393585220024832,0.4631581804515546,2020-2021,0.47321543053479787,0.5267845694652021,27,2,4,33,1,D_low_drift_low_JS
404,2022,487829.527,38,0.250900177676207,0.14141388975824254,2.3135388224349094,13.09772334378166,1.8163101471045746,-0.8180707150369022,0.8376904997283527,0.12527962862764733,2021,1.9782645123178881,-1.015983819136803,-0.16195436521331352,0.1979131040999007,0.25573191663557654,2021-2022,0.7083525646136131,0.29164743538638693,27,3,2,32,1,D_low_drift_low_JS
404,2023,380736.055,38,0.22317959353757552,0.1203246924776936,2.419525288767644,12.849864271492638,1.9326165035556395,-0.9654315721214015,0.8236356131357486,0.139597998005302,2022,1.8163101471045746,-0.8180707150369022,0.11630635645106491,-0.1473608570844993,0.1877295681335266,2022-2023,0.5927379537923279,0.40726204620767215,31,0,2,33,1,D_low_drift_low_JS
404,2024,330687.457,36,0.24582997715574076,0.14210894669872542,2.3359057448623246,12.708931993613193,1.6922299206807518,-0.9151541436761879,0.8109872782354558,0.15098935707232974,2023,1.9326165035556395,-0.9654315721214015,-0.24038658287488768,0.05027742844521366,0.2455881288607591,2023-2024,0.7295286646401163,0.27047133535988366,30,1,1,32,1,C_low_drift_high_JS
414,2019,19654654.453,61,0.8777240663911456,0.7733150064123044,0.6436143913524619,16.79382478694647,-0.49359007194759047,2.7153164312890214,0.8257894310170636,0.1389884275239703,2018,-0.6171221336741655,2.828078258812778,0.123532061726575,-0.11276182752375652,0.16725848265757928,2018-2019,0.8379711078604127,0.16202889213958727,29,0,0,29,3,C_low_drift_high_JS
414,2020,14468651.736,60,0.8526399716502238,0.7310444829099593,0.7396510094708656,16.487494986878296,-0.2828901879661077,2.378153486081944,0.829907087217483,0.135658343738884,2019,-0.49359007194759047,2.7153164312890214,0.21069988398148276,-0.33716294520707724,0.39758432153509377,2019-2020,0.9342728163231923,0.06572718367680774,28,0,1,29,3,C_low_drift_high_JS
414,2021,6146883.148,65,0.6450199334422096,0.4333683419755343,1.4715128953162195,15.631455868794346,0.9212012162265305,1.3990255041400452,0.8221884761128052,0.14222676506674978,2020,-0.2828901879661077,2.378153486081944,1.2040914041926383,-0.979127981941899,1.5519432060072995,2020-2021,0.7743542812667813,0.2256457187332187,33,1,0,34,3,A_high_drift_high_JS
414,2022,3620174.098,57,0.48581861435107143,0.2847955420203472,1.7714986947308193,15.102032952245441,1.434528298940199,0.5952270610403216,0.8376904997283527,0.12527962862764733,2021,0.9212012162265305,1.3990255041400452,0.5133270827136686,-0.8037984430997236,0.9537277551675137,2021-2022,0.7568658164708694,0.24313418352913063,35,0,1,36,3,A_high_drift_high_JS
414,2023,2512682.6270000003,61,0.26968885911750284,0.16628180887075272,2.139666155562991,14.736861914051996,2.249520556540434,0.023659947919822642,0.8236356131357486,0.139597998005302,2022,1.434528298940199,0.5952270610403216,0.8149922576002351,-0.571567113120499,0.9954402768369528,2022-2023,0.7858795599079169,0.2141204400920831,35,0,0,35,3,A_high_drift_high_JS
414,2024,7528750.9799999995,58,0.7073513022474811,0.5162063599079106,1.2213289599409587,15.834239846331897,0.2986954583153318,1.5724760014554617,0.8109872782354558,0.15098935707232974,2023,2.249520556540434,0.023659947919822642,-1.9508250982251023,1.548816053535639,2.490893360133005,2023-2024,0.6061607831933489,0.3938392168066511,35,0,0,35,3,B_high_drift_low_JS
417,2019,2323440.4699999997,47,0.48105488280489495,0.2831914610232976,1.7524084288091601,14.658560036744436,1.1383475981570699,0.45329457458722905,0.8257894310170636,0.1389884275239703,2018,1.2989354129110307,-0.09095774700169725,-0.16058781475396078,0.5442523215889263,0.5674495887762969,2018-2019,0.7659744626359735,0.23402553736402654,33,8,1,42,1,A_high_drift_high_JS
417,2020,3075630.609,44,0.5474038007273584,0.34249496770502946,1.542598702808449,14.93902083943161,0.8530677538838389,0.5967246318473318,0.829907087217483,0.135658343738884,2019,1.1383475981570699,0.45329457458722905,-0.28527984427323094,0.14343005726010277,0.31930670345953477,2019-2020,0.8335261648985433,0.16647383510145675,33,4,7,44,1,C_low_drift_high_JS
417,2021,4233285.434,44,0.628649223514655,0.41944738069144966,1.4050310138375186,15.258489184116664,0.47893318943647634,0.868813255450836,0.8221884761128052,0.14222676506674978,2020,0.8530677538838389,0.5967246318473318,-0.3741345644473626,0.27208862360350416,0.4626109503769524,2020-2021,0.8451092587822623,0.15489074121773772,32,4,3,39,1,C_low_drift_high_JS
417,2022,5002153.635,50,0.5782912281541709,0.3653813779468743,1.5231227477698543,15.425379304576,0.8853776071177505,0.8290965459042772,0.8376904997283527,0.12527962862764733,2021,0.47893318943647634,0.868813255450836,0.40644441768127415,-0.039716709546558815,0.40838031500241995,2021-2022,0.8979177655811191,0.10208223441888087,33,2,0,35,1,C_low_drift_high_JS
417,2023,5581162.215,50,0.4744738692387209,0.27169944837741344,1.7870322852454372,15.534907774101955,1.3617730653054956,0.49318904985921325,0.8236356131357486,0.139597998005302,2022,0.8853776071177505,0.8290965459042772,0.4763954581877451,-0.3359074960450639,0.5829120675377859,2022-2023,0.8166343769426088,0.18336562305739124,34,2,1,37,1,A_high_drift_high_JS
417,2024,5606278.9290000005,59,0.4650583722321248,0.2698424309921893,1.7802215901083325,15.539397943281125,1.4730978517829694,0.6947002990821401,0.8109872782354558,0.15098935707232974,2023,1.3617730653054956,0.49318904985921325,0.11132478647747379,0.2015112492229269,0.23021727052425864,2023-2024,0.7973217221395335,0.20267827786046655,40,1,1,42,1,C_low_drift_high_JS
418,2019,585121.47,40,0.3037741889731033,0.17088164979140963,2.1446035080864005,13.2795764547306,1.5720644783510567,-0.479582946388136,0.8257894310170636,0.1389884275239703,2018,1.3380834096938574,0.04721387701046213,0.23398106865719925,-0.5267968233985981,0.5764217497916077,2018-2019,0.6114100015665964,0.3885899984334036,35,1,6,42,1,B_high_drift_low_JS
418,2020,725031.396,43,0.5712086983885591,0.36032694605681215,1.619974308142529,13.493971616976436,0.6641112717021346,0.3766892285183237,0.829907087217483,0.135658343738884,2019,1.5720644783510567,-0.479582946388136,-0.9079532066489221,0.8562721749064597,1.24803087421069,2019-2020,0.6585690065069056,0.34143099349309436,30,4,2,36,1,B_high_drift_low_JS
418,2021,931504.206,33,0.5945494893449789,0.39961315065891184,1.431891106456642,13.744557057843375,0.22161267862361064,0.30827826519663715,0.8221884761128052,0.14222676506674978,2020,0.6641112717021346,0.3766892285183237,-0.4424985930785239,-0.06841096332168656,0.44775558598310555,2020-2021,0.7766864376132547,0.22331356238674527,27,1,5,33,1,C_low_drift_high_JS
418,2022,1140798.679,40,0.5869228570521512,0.3634764859088887,1.7403233210450544,13.947240047260642,0.652005520350723,0.3368809144307871,0.8376904997283527,0.12527962862764733,2021,0.22161267862361064,0.30827826519663715,0.43039284172711234,0.028602649234149957,0.4313422188392309,2021-2022,0.7405719907447407,0.25942800925525933,28,5,1,34,1,C_low_drift_high_JS
418,2023,1283641.272,39,0.6822495186957497,0.4793145150310149,1.3670447116359001,14.065212120053268,0.03525094944496149,0.7362921240051967,0.8236356131357486,0.139597998005302,2022,0.652005520350723,0.3368809144307871,-0.6167545709057616,0.3994112095744096,0.7347894358704697,2022-2023,0.7640289337352053,0.2359710662647947,30,2,3,35,1,A_high_drift_high_JS
418,2024,1625635.5520000001,48,0.6687449278914391,0.4598617878968142,1.4547235120372808,14.301410021349731,0.26038318566130064,0.9144064192665446,0.8109872782354558,0.15098935707232974,2023,0.03525094944496149,0.7362921240051967,0.22513223621633915,0.17811429526134792,0.28707007151602576,2023-2024,0.8911739810673923,0.10882601893260768,29,4,2,35,1,C_low_drift_high_JS
422,2019,389963.34,45,0.22188793438890947,0.11720650181580133,2.4891213091939544,12.873810578027877,2.070110343585568,-0.7208180025827077,0.8257894310170636,0.1389884275239703,2018,2.0262516278274783,-0.7003338167308845,0.04385871575808986,-0.02048418585182321,0.04840649561743707,2018-2019,0.6472107049819077,0.3527892950180923,29,0,1,30,1,D_low_drift_low_JS
422,2020,157365.538,37,0.21136946769120438,0.11229526675829968,2.517002437415048,11.96633300024255,1.9330139280699847,-1.1126494901468253,0.829907087217483,0.135658343738884,2019,2.070110343585568,-0.7208180025827077,-0.13709641551558338,-0.3918314875641177,0.4151232850538871,2019-2020,0.6353809088799861,0.3646190911200139,32,1,2,35,1,D_low_drift_low_JS
422,2021,230088.71,35,0.300701542461601,0.1466770782722006,2.2723958559489077,12.34622455533641,1.5260746957675155,-0.8584924684666502,0.8221884761128052,0.14222676506674978,2020,1.9330139280699847,-1.1126494901468253,-0.4069392323024692,0.2541570216801752,0.47978675519053254,2020-2021,0.6752309871280349,0.32476901287196513,30,1,1,32,1,D_low_drift_low_JS
422,2022,257797.46800000002,41,0.34435594999715047,0.16071290943860547,2.373112207374785,12.459933426878411,1.653281719834751,-0.7095599395334456,0.8376904997283527,0.12527962862764733,2021,1.5260746957675155,-0.8584924684666502,0.12720702406723539,0.14893252893320452,0.19586353705190254,2021-2022,0.5373989808732347,0.4626010191267653,29,3,0,32,1,D_low_drift_low_JS
422,2023,250679.86500000002,43,0.19799085179816894,0.10595043617952596,2.55205895156774,12.431935954946988,2.1391002642454704,-1.024841180594177,0.8236356131357486,0.139597998005302,2022,1.653281719834751,-0.7095599395334456,0.4858185444107195,-0.3152812410607314,0.5791562130014192,2022-2023,0.6265852031961494,0.3734147968038506,33,2,2,37,1,B_high_drift_low_JS
422,2024,469786.01700000005,51,0.27381636605842186,0.12797674286634309,2.459919663141242,13.060034715661192,2.072114659703801,-0.5449517811441863,0.8109872782354558,0.15098935707232974,2023,2.1391002642454704,-1.024841180594177,-0.06698560454166946,0.47988939944999076,0.48454195578947107,2023-2024,0.7283839460471795,0.2716160539528205,37,2,0,39,1,C_low_drift_high_JS
426,2019,0.9,1,1.0,1.0,-1.000088900581841e-12,0.6418538861723948,-4.451303895373462,-0.8021137154368447,0.8257894310170636,0.1389884275239703,2018,-3.425163953718445,0.39671030163339516,-1.0261399416550168,-1.19882401707024,1.5780184421495802,2018-2019,0.0,1.0,0,1,3,4,2,B_high_drift_low_JS
426,2020,0.9,1,1.0,1.0,-1.000088900581841e-12,0.6418538861723948,-4.185647525814349,-0.7686714484732133,0.829907087217483,0.135658343738884,2019,-4.451303895373462,-0.8021137154368447,0.265656369559113,0.033442266963631395,0.26775304275954515,2019-2020,1.0,0.0,1,0,0,1,2,C_low_drift_high_JS
426,2021,0.6,1,1.0,1.0,-1.000088900581841e-12,0.4700036292457356,-4.165327022439414,-0.7558603034567138,0.8221884761128052,0.14222676506674978,2020,-4.185647525814349,-0.7686714484732133,0.020320503374934518,0.012811145016499492,0.024021829531584493,2020-2021,0.0,1.0,0,1,1,2,2,D_low_drift_low_JS
426,2023,37105.0,1,1.0,1.0,-1.000088900581841e-12,10.521533960586822,-3.3169913254095604,0.8914659127782013,0.8236356131357486,0.139597998005302,2021,-4.165327022439414,-0.7558603034567138,0.8483356970298539,1.6473262162349152,1.8529320326309788,2021-2023,0.0,1.0,0,1,1,2,2,B_high_drift_low_JS
426,2024,0.6,1,1.0,1.0,-1.000088900581841e-12,0.4700036292457356,-4.369872329737173,-0.7331836914724292,0.8109872782354558,0.15098935707232974,2023,-3.3169913254095604,0.8914659127782013,-1.0528810043276122,-1.6246496042506307,1.935986762833272,2023-2024,0.0,1.0,0,1,1,2,2,B_high_drift_low_JS
428,2019,326798.724,37,0.44164729969998295,0.23864793042156354,2.044602739171654,12.697102797414384,1.033154627000541,-0.31033961834461077,0.8257894310170636,0.1389884275239703,2018,1.9067381502345835,-1.0671326064224123,-0.8735835232340425,0.7567929880778015,1.1558043947267767,2018-2019,0.609939534110185,0.390060465889815,25,2,0,27,1,B_high_drift_low_JS
428,2020,368213.024,51,0.21081184515624304,0.10587638358618094,2.7502134529099624,12.81641963505144,2.4516090179138197,-0.7352468683972208,0.829907087217483,0.135658343738884,2019,1.033154627000541,-0.31033961834461077,1.4184543909132787,-0.42490725005261,1.4807292224604849,2019-2020,0.5575196585078743,0.4424803414921257,33,9,0,42,1,B_high_drift_low_JS
428,2021,511499.55,53,0.231007045851751,0.1031707059128638,2.7272120238749786,13.145103939642057,2.414320520669671,-0.6248913523395637,0.8221884761128052,0.14222676506674978,2020,2.4516090179138197,-0.7352468683972208,-0.03728849724414873,0.11035551605765703,0.11648507179496731,2020-2021,0.6238337875785203,0.37616621242147974,42,4,3,49,1,D_low_drift_low_JS
428,2022,337638.586,49,0.26633893082350485,0.15904303840020406,2.2785546237783953,12.729734291938867,1.924920121444296,-0.611143237853081,0.8376904997283527,0.12527962862764733,2021,2.414320520669671,-0.6248913523395637,-0.48940039922537504,0.013748114486482721,0.48959346545260374,2021-2022,0.6082227864866458,0.39177721351335415,44,1,3,48,1,D_low_drift_low_JS
428,2023,841312.6,53,0.520386477036003,0.3168093427693903,1.6100023107092878,13.642719758866464,0.9718259432118209,0.4132101821596496,0.8236356131357486,0.139597998005302,2022,1.924920121444296,-0.611143237853081,-0.953094178232475,1.0243534200127307,1.399174199902362,2022-2023,0.3945665569429413,0.6054334430570587,39,3,2,44,1,B_high_drift_low_JS
428,2024,525115.82,51,0.25003817253115707,0.16502260172727698,2.0702614203776917,13.171376031106844,1.8233723949770941,-0.4150442199246294,0.8109872782354558,0.15098935707232974,2023,0.9718259432118209,0.4132101821596496,0.8515464517652732,-0.828254402084279,1.1879127552501545,2023-2024,0.3775187560213725,0.6224812439786275,34,1,3,38,1,B_high_drift_low_JS
430,2019,28515.55,19,0.5428967703586289,0.4278240727690622,1.1025315422811777,10.258239899469109,-0.6513263358383782,-0.5045143494713724,0.8257894310170636,0.1389884275239703,2018,-0.3424708619798727,-0.7398478410370471,-0.3088554738585055,0.23533349156567474,0.38829570688439685,2018-2019,0.29481300806237865,0.7051869919376214,8,9,7,24,2,D_low_drift_low_JS
430,2020,30731.655,33,0.3337600919963471,0.19583059795109303,2.0942579411442197,10.33308104904948,1.0956347388289533,-1.0667550761247824,0.829907087217483,0.135658343738884,2019,-0.6513263358383782,-0.5045143494713724,1.7469610746673316,-0.56224072665341,1.8352077896278103,2019-2020,0.2574911201554527,0.7425088798445473,12,17,5,34,2,B_high_drift_low_JS
430,2021,18976.508,19,0.6486967992214373,0.4475965175175531,1.3138881077819005,9.851009767442672,-0.6667503995813855,-0.4404069889584656,0.8221884761128052,0.14222676506674978,2020,1.0956347388289533,-1.0667550761247824,-1.7623851384103388,0.6263480871663167,1.8703778501646486,2020-2021,0.5501280516480458,0.4498719483519542,14,4,15,33,2,B_high_drift_low_JS
430,2022,54562.796,16,0.537270853934978,0.3868962416020403,1.2408756326021304,10.90712586487719,-0.3812346770313964,-0.5842037617801588,0.8376904997283527,0.12527962862764733,2021,-0.6667503995813855,-0.4404069889584656,0.2855157225499891,-0.14379677282169318,0.3196822480169582,2021-2022,0.28512493677938433,0.7148750632206157,11,5,6,22,2,D_low_drift_low_JS
430,2023,28048.63,16,0.35188884448188734,0.2743093797994439,1.528569866041601,10.241730720133006,0.21663459528078208,-1.2308904102981961,0.8236356131357486,0.139597998005302,2022,-0.3812346770313964,-0.5842037617801588,0.5978692723121785,-0.6466866485180374,0.8807106722111328,2022-2023,0.4789709938630702,0.5210290061369298,11,5,5,21,2,B_high_drift_low_JS
430,2024,21817.65,11,0.5146292107536787,0.39281323935721457,1.1786227144626171,9.990520387628864,-0.6681912638607496,-0.8361075682217647,0.8109872782354558,0.15098935707232974,2023,0.21663459528078208,-1.2308904102981961,-0.8848258591415317,0.39478284207643144,0.9689015911863775,2023-2024,0.3737682378594276,0.6262317621405724,9,2,6,17,2,B_high_drift_low_JS
434,2019,1412441.019,36,0.2636180874041863,0.16489686493689343,2.205298558855137,14.160830692664645,1.6990334868683494,-0.5084515369325355,0.8257894310170636,0.1389884275239703,2018,1.4167755470720584,-0.3868214541993776,0.282257939796291,-0.12163008273315795,0.30734902245447515,2018-2019,0.3320951148594773,0.6679048851405227,29,3,2,34,1,D_low_drift_low_JS
434,2020,1046041.845,28,0.24046074370954063,0.14089571558793185,2.3208670173594332,13.860524883571193,1.727322915514169,-0.8613299587097253,0.829907087217483,0.135658343738884,2019,1.6990334868683494,-0.5084515369325355,0.028289428645819514,-0.35287842177718975,0.35401055397977493,2019-2020,0.5977598278128933,0.4022401721871067,23,3,8,34,1,D_low_drift_low_JS
434,2021,1293466.756,41,0.24587757166910906,0.12807337525601503,2.418622735256522,14.07283735258202,2.019474497282932,-0.5978028437546514,0.8221884761128052,0.14222676506674978,2020,1.727322915514169,-0.8613299587097253,0.292151581768763,0.26352711495507386,0.39344515125559104,2020-2021,0.47645819036565906,0.5235418096343409,24,11,2,37,1,D_low_drift_low_JS
434,2022,1564230.8769999999,44,0.37941358831775573,0.19221506533403926,2.2189712956005305,14.262905448049528,1.6899858673162973,-0.20401019692336422,0.8376904997283527,0.12527962862764733,2021,2.019474497282932,-0.5978028437546514,-0.32948862996663464,0.39379264683128723,0.513454385486852,2021-2022,0.695912118953486,0.30408788104651396,30,6,6,42,1,B_high_drift_low_JS
434,2023,557106.424,33,0.35493916329351105,0.18866248688300213,2.0666785215859633,13.230513362073408,1.3124069385014379,-0.6133483902643272,0.8236356131357486,0.139597998005302,2022,1.6899858673162973,-0.20401019692336422,-0.37757892881485944,-0.409338193340963,0.5568874249007786,2022-2023,0.38001909690997215,0.6199809030900278,27,2,10,39,1,B_high_drift_low_JS
434,2024,428850.23600000003,34,0.24018722937114112,0.14107714591417814,2.20606426936809,12.968865368541032,1.6091716862701837,-0.8918872132223767,0.8109872782354558,0.15098935707232974,2023,1.3124069385014379,-0.6133483902643272,0.29676474776874584,-0.27853882295804955,0.4070051491235744,2023-2024,0.7108302624804652,0.2891697375195348,24,0,3,27,1,D_low_drift_low_JS
440,2019,385568.931,39,0.2566994953231852,0.12483315856337023,2.44051449856272,12.862477858906162,1.8398171179535947,-0.7836490213957807,0.8257894310170636,0.1389884275239703,2018,1.5001256816350799,-0.671355766043161,0.33969143631851484,-0.11229325535261969,0.35777094223235106,2018-2019,0.7648323611717139,0.23516763882828606,29,2,2,33,1,C_low_drift_high_JS
440,2020,612656.85,49,0.2667578922850532,0.14066520483694445,2.268031464585017,13.325561902484111,2.0268301988410093,-0.4433612251916489,0.829907087217483,0.135658343738884,2019,1.8398171179535947,-0.7836490213957807,0.18701308088741464,0.34028779620413185,0.38829071154029354,2019-2020,0.7175421241100799,0.2824578758899201,31,1,0,32,1,C_low_drift_high_JS
440,2021,505417.951,44,0.22064184657343128,0.11973792147850336,2.416803689898208,13.133142970265288,2.0458021723520337,-0.7346641129538146,0.8221884761128052,0.14222676506674978,2020,2.0268301988410093,-0.4433612251916489,0.01897197351102431,-0.29130288776216573,0.2919200373346782,2020-2021,0.7645327966999192,0.23546720330008075,32,0,0,32,1,C_low_drift_high_JS
440,2022,572134.539,46,0.26641351746813524,0.15984026093523762,2.2218609708107087,13.257131198585933,1.8822393573603646,-0.563316313276854,0.8376904997283527,0.12527962862764733,2021,2.0458021723520337,-0.7346641129538146,-0.16356281499166903,0.17134779967696057,0.23688153769792772,2021-2022,0.633168403830431,0.36683159616956895,33,0,2,35,1,D_low_drift_low_JS
440,2023,661375.041,55,0.33175751487120303,0.18010632839918198,2.114952583639355,13.402077854198769,1.8511452947614968,-0.19596401292257826,0.8236356131357486,0.139597998005302,2022,1.8822393573603646,-0.563316313276854,-0.031094062598867822,0.3673523003542758,0.3686659101469519,2022-2023,0.8417871972983321,0.15821280270166793,38,1,0,39,1,C_low_drift_high_JS
440,2024,835296.547,52,0.4174393145192782,0.23144794830623583,1.9431791035156458,13.635543284070225,1.4014765947254373,0.06733338593358182,0.8109872782354558,0.15098935707232974,2023,1.8511452947614968,-0.19596401292257826,-0.4496687000360595,0.2632973988561601,0.521082968476748,2023-2024,0.8074847150228263,0.19251528497717374,37,2,0,39,1,A_high_drift_high_JS
442,2019,25782.090000000004,20,0.8520992673596283,0.7303456639109522,0.6961232574173448,10.157474129667365,-1.9205739301945897,0.5083611600671293,0.8257894310170636,0.1389884275239703,2018,-1.1608221236443483,-0.26180610484820876,-0.7597518065502413,0.770167264915338,1.0818412191738342,2018-2019,0.7384985840869562,0.26150141591304377,15,1,3,19,2,A_high_drift_high_JS
442,2020,11528.28,32,0.5555512183951118,0.37271859467465324,1.3677236698033064,9.352645165519704,-0.11405832891168152,-0.49636536961525674,0.829907087217483,0.135658343738884,2019,-1.9205739301945897,0.5083611600671293,1.8065156012829082,-1.004726529682386,2.067117320600395,2019-2020,0.18411881514199524,0.8158811848580048,19,5,0,24,2,B_high_drift_low_JS
442,2021,83634.807,35,0.8776166602500799,0.775328589433125,0.5580810125515953,11.334227020769923,-1.5609996057437117,1.0964504976273932,0.8221884761128052,0.14222676506674978,2020,-0.11405832891168152,-0.49636536961525674,-1.4469412768320302,1.59281586724265,2.151906467656125,2020-2021,0.30095370325301185,0.6990462967469881,25,1,2,28,2,B_high_drift_low_JS
442,2022,36910.493,30,0.5080885806645823,0.4608037937371151,0.9103260925489668,10.516278244948593,-0.40299374698800855,-0.24850945589934426,0.8376904997283527,0.12527962862764733,2021,-1.5609996057437117,1.0964504976273932,1.1580058587557032,-1.3449599535267374,1.774794310759187,2021-2022,0.46368758914348795,0.536312410856512,19,0,4,23,2,B_high_drift_low_JS
442,2023,45462.74,41,0.827099070579556,0.6887547245764474,0.8369796552633008,10.724670364150118,-1.1767425252274664,0.8541093327189403,0.8236356131357486,0.139597998005302,2022,-0.40299374698800855,-0.24850945589934426,-0.7737487782394579,1.1026187886182846,1.3470172102987799,2022-2023,0.5024788702167425,0.49752112978325747,21,3,0,24,2,B_high_drift_low_JS
442,2024,42065.432,49,0.7173681230707437,0.5353253010657388,1.0980558346552354,10.647005361958671,-0.5007120561967315,0.608000289183348,0.8109872782354558,0.15098935707232974,2023,-1.1767425252274664,0.8541093327189403,0.6760304690307348,-0.24610904353559226,0.7194350953129263,2023-2024,0.7309175653633745,0.2690824346366255,21,1,1,23,2,A_high_drift_high_JS
446,2019,563243.564,54,0.3033588147666788,0.1827886961838774,2.1511584433625255,13.241469207116094,1.8478622457458338,-0.14728728090158433,0.8257894310170636,0.1389884275239703,2018,1.6312463072620464,0.07406012179154876,0.21661593848378735,-0.22134740269313308,0.30970492001937583,2018-2019,0.8025606441817228,0.1974393558182772,40,1,1,42,2,C_low_drift_high_JS
446,2020,270188.521,55,0.20069168667605977,0.12922086395654442,2.3866450146153633,12.50687892137276,2.2700435015557954,-0.597789578283282,0.829907087217483,0.135658343738884,2019,1.8478622457458338,-0.14728728090158433,0.4221812558099616,-0.4505022973816977,0.6174053228661572,2019-2020,0.6030357783258067,0.3969642216741933,40,2,2,44,2,B_high_drift_low_JS
446,2021,953145.572,56,0.7988150208811965,0.6429810106739644,0.9933226950071071,13.767523971439825,-0.31193557050988646,1.5328542462701626,0.8221884761128052,0.14222676506674978,2020,2.2700435015557954,-0.597789578283282,-2.581979072065682,2.1306438245534447,3.3475750978421512,2020-2021,0.20982494571483112,0.7901750542851689,37,0,1,38,2,B_high_drift_low_JS
446,2022,689489.2509999999,58,0.7376779250181524,0.5543401683457491,1.161661900751998,13.443707836884206,0.047048723837558565,1.2329498199371212,0.8376904997283527,0.12527962862764733,2021,-0.31193557050988646,1.5328542462701626,0.35898429434744505,-0.2999044263330415,0.46777386472769483,2021-2022,0.8484075847036456,0.15159241529635437,32,1,0,33,2,C_low_drift_high_JS
446,2023,271593.542,55,0.1878661349024271,0.12591165994563305,2.346447161361062,12.512065578735744,2.2459906257188726,-0.7093040522593828,0.8236356131357486,0.139597998005302,2022,0.047048723837558565,1.2329498199371212,2.198941901881314,-1.942253872196504,2.933887453859082,2022-2023,0.3050640039276823,0.6949359960723177,39,1,1,41,2,B_high_drift_low_JS
446,2024,285426.702,57,0.22299263367447664,0.1451723842123529,2.2164932400891955,12.561744043084637,2.054734403242661,-0.49360590676172095,0.8109872782354558,0.15098935707232974,2023,2.2459906257188726,-0.7093040522593828,-0.19125622247621177,0.2156981454976618,0.2882787411638269,2023-2024,0.7708167132058129,0.2291832867941871,41,1,1,43,2,C_low_drift_high_JS
450,2019,92647.647,25,0.4304189182484041,0.2970471848541574,1.4966407817583147,11.436569628260951,0.24609404556706074,-0.6151476942183576,0.8257894310170636,0.1389884275239703,2018,-0.12000702749867644,-0.5124344433589424,0.3661010730657372,-0.10271325085941518,0.38023677833948866,2018-2019,0.7111495266249614,0.28885047337503855,16,5,5,26,1,D_low_drift_low_JS
450,2020,55887.951,24,0.5027917377038925,0.31206834947033846,1.5800108794417635,10.931121983077047,0.19221761024758022,-0.6197034601132156,0.829907087217483,0.135658343738884,2019,0.24609404556706074,-0.6151476942183576,-0.053876435319480526,-0.004555765894858066,0.05406870893245853,2019-2020,0.47132777449473806,0.5286722255052619,17,5,4,26,1,D_low_drift_low_JS
450,2021,61634.52099999999,30,0.43218004403733423,0.35524265113347736,1.3092891541712237,11.028993622939266,0.18455882456163097,-0.46775939449238585,0.8221884761128052,0.14222676506674978,2020,0.19221761024758022,-0.6197034601132156,-0.007658785685949243,0.1519440656208298,0.15213696485591638,2020-2021,0.5439110099777806,0.45608899002221936,19,1,3,23,1,D_low_drift_low_JS
450,2022,76525.86,14,0.4481543885949142,0.357156325114819,1.2159425827709525,11.245397069300656,-0.19794116576155127,-0.740265560732295,0.8376904997283527,0.12527962862764733,2021,0.18455882456163097,-0.46775939449238585,-0.38249999032318227,-0.27250616623990914,0.4696443901890105,2021-2022,0.6482908934899662,0.35170910651003384,10,2,7,19,1,D_low_drift_low_JS
450,2023,96710.59,22,0.6983413088473558,0.5107132710736424,1.1093840416152316,11.47948852948166,-0.7949360097219682,0.08233347758932899,0.8236356131357486,0.139597998005302,2022,-0.19794116576155127,-0.740265560732295,-0.5969948439604169,0.822599038321624,1.016401506080635,2022-2023,0.45502890116990236,0.5449710988300976,11,7,2,20,1,B_high_drift_low_JS
450,2024,101751.5,29,0.3611445531515506,0.27789329693105325,1.5678945896733898,11.530298673027573,0.5377412038447071,-0.6966790524605658,0.8109872782354558,0.15098935707232974,2023,-0.7949360097219682,0.08233347758932899,1.3326772135666753,-0.7790125300498948,1.5436609334742448,2023-2024,0.42213073390024325,0.5778692660997568,19,7,3,29,1,B_high_drift_low_JS
454,2019,39861.24,8,0.9875508137729785,0.9753264530165308,0.08017822765592722,10.59318478887622,-3.1289798050963293,1.0017475592609222,0.8257894310170636,0.1389884275239703,2018,-1.3353067389212312,-0.23930274267166723,-1.7936730661750981,1.2410503019325894,2.1811622865456273,2018-2019,0.5976178022111664,0.40238219778883355,4,2,3,9,2,B_high_drift_low_JS
454,2020,50345.437000000005,15,0.43161806302326855,0.29841286721829996,1.4471712671332186,10.826683130995304,0.06534555030349555,-0.9286921394090574,0.829907087217483,0.135658343738884,2019,-3.1289798050963293,1.0017475592609222,3.1943253553998248,-1.9304396986699794,3.732333305902791,2019-2020,0.39346064066019226,0.6065393593398077,3,8,3,14,2,B_high_drift_low_JS
454,2021,131513.901,16,0.4960578273775028,0.37942722567941833,1.0893438510131435,11.786875439769583,-0.2990140088637916,-0.458109339680084,0.8221884761128052,0.14222676506674978,2020,0.06534555030349555,-0.9286921394090574,-0.36435955916728713,0.4705827997289734,0.5951521316078259,2020-2021,0.3908667569199875,0.6091332430800125,9,4,3,16,2,B_high_drift_low_JS
454,2022,231141.0,16,0.8596484396969815,0.7483259237472716,0.5283881453095284,12.350787519256556,-1.8140351584149068,0.8295184683418492,0.8376904997283527,0.12527962862764733,2021,-0.2990140088637916,-0.458109339680084,-1.5150211495511152,1.2876278080219332,1.9882842994849985,2021-2022,0.5381768093514786,0.4618231906485214,8,3,5,16,2,B_high_drift_low_JS
454,2023,306137.64,8,0.8910175174800459,0.7981264258836566,0.46267635664907164,12.631793350223862,-2.164120688473177,0.8361640573063636,0.8236356131357486,0.139597998005302,2022,-1.8140351584149068,0.8295184683418492,-0.35008553005827037,0.006645588964514393,0.35014860018121646,2022-2023,0.7422627162479972,0.2577372837520028,6,0,4,10,2,C_low_drift_high_JS
454,2024,157539.329,14,0.8620767960742044,0.7555661354693692,0.49031314733181286,11.967436761613646,-2.0618199374965855,0.7533093864681144,0.8109872782354558,0.15098935707232974,2023,-2.164120688473177,0.8361640573063636,0.10230075097659164,-0.08285467083824916,0.13164474972473925,2023-2024,0.761832347231211,0.23816765276878904,6,3,1,10,2,C_low_drift_high_JS
458,2019,29142443.559,64,0.1842169466376833,0.10241485008843126,2.6278741183303507,17.187706245363746,3.1047045408922846,0.3491062124104261,0.8257894310170636,0.1389884275239703,2018,2.9573199556174434,0.5294535211894209,0.14738458527484122,-0.1803473087789948,0.23291064329579925,2018-2019,0.7902132555998234,0.20978674440017664,44,0,0,44,1,C_low_drift_high_JS
458,2020,27448284.255,64,0.23146372942573568,0.10280232507798515,2.651313999676077,17.127814256026898,3.0585304433306186,0.3145057283092194,0.829907087217483,0.135658343738884,2019,3.1047045408922846,0.3491062124104261,-0.04617409756166602,-0.0346004841012067,0.05769957353111121,2019-2020,0.7488456409064729,0.2511543590935271,41,0,0,41,1,C_low_drift_high_JS
458,2021,38061092.963,65,0.2258921112790431,0.10912056349321503,2.5696269417344673,17.454703162535335,2.972273059532228,0.36130232826889574,0.8221884761128052,0.14222676506674978,2020,3.0585304433306186,0.3145057283092194,-0.08625738379839065,0.04679659995967633,0.09813387808259105,2020-2021,0.7205437465196814,0.27945625348031855,40,0,0,40,1,C_low_drift_high_JS
458,2022,36576635.599,66,0.23941654902342674,0.1089408456636774,2.5584463479583643,17.414920250253516,3.029567815853926,0.35417281707485265,0.8376904997283527,0.12527962862764733,2021,2.972273059532228,0.36130232826889574,0.05729475632169789,-0.007129511194043092,0.057736635092709786,2021-2022,0.871442427257296,0.12855757274270396,39,0,0,39,1,C_low_drift_high_JS
458,2023,37159002.734,66,0.3040454815452422,0.13729169611269754,2.47305324747351,17.430716661378284,2.804868002862693,0.5201248258339309,0.8236356131357486,0.139597998005302,2022,3.029567815853926,0.35417281707485265,-0.22469981299123276,0.16595200875907828,0.27933863887666555,2022-2023,0.834687220709908,0.16531277929009203,47,0,0,47,1,C_low_drift_high_JS
458,2024,42417796.298,67,0.29497088255360265,0.14017213695174027,2.405555755386227,17.563078579727147,2.7274812384285574,0.5933494422043487,0.8109872782354558,0.15098935707232974,2023,2.804868002862693,0.5201248258339309,-0.07738676443413572,0.07322461637041777,0.10653898700559936,2023-2024,0.884292902757326,0.11570709724267403,47,0,0,47,1,C_low_drift_high_JS
462,2019,132408.6,26,0.4337391982091798,0.2876374308532691,1.53906675385856,11.79365542740937,0.3399018819781802,-0.5478154231434097,0.8257894310170636,0.1389884275239703,2018,0.8375926673635743,-0.8896507214886592,-0.4976907853853941,0.3418352983452495,0.6037776818103797,2018-2019,0.5349033507011252,0.46509664929887484,19,3,0,22,1,B_high_drift_low_JS
462,2020,144059.278,19,0.5472330633227247,0.410873024341682,1.1890356898963585,11.877987088192985,-0.2785523999946289,-0.27720580349580215,0.829907087217483,0.135658343738884,2019,0.3399018819781802,-0.5478154231434097,-0.6184542819728092,0.27060961964760755,0.6750668597526661,2019-2020,0.6564321132115398,0.3435678867884602,17,1,5,23,1,B_high_drift_low_JS
462,2021,173784.738,25,0.7211605658950326,0.5794090985084535,0.7550051176458471,12.065578428607441,-0.9944720928748162,0.46206072123061165,0.8221884761128052,0.14222676506674978,2020,-0.2785523999946289,-0.27720580349580215,-0.7159196928801873,0.7392665247264139,1.0291044656567823,2020-2021,0.7781655108882287,0.22183448911177128,12,2,4,18,1,A_high_drift_high_JS
462,2022,299132.374,26,0.7025347915033763,0.563287632355471,0.7749024080271427,12.608644819804196,-0.86271169195482,0.5146088898410337,0.8376904997283527,0.12527962862764733,2021,-0.9944720928748162,0.46206072123061165,0.1317604009199962,0.05254816861042205,0.14185243485716936,2021-2022,0.9417365491867671,0.05826345081323292,12,2,1,15,1,C_low_drift_high_JS
462,2023,456807.695,31,0.6993996456211186,0.5138471863541534,1.0846308925209422,13.032019971731224,-0.48437963607976664,0.5384828449618997,0.8236356131357486,0.139597998005302,2022,-0.86271169195482,0.5146088898410337,0.37833205587505336,0.023873955120865986,0.37908456871225665,2022-2023,0.7170154108104208,0.28298458918957925,15,5,1,21,1,C_low_drift_high_JS
462,2024,259184.962,34,0.8043337792105393,0.6588387107269172,0.79015349750687,12.465301083042991,-1.1717142065367003,0.9643834416546684,0.8109872782354558,0.15098935707232974,2023,-0.48437963607976664,0.5384828449618997,-0.6873345704569337,0.4259005966927687,0.8085914481420602,2023-2024,0.747317661324101,0.25268233867589895,19,1,3,23,1,A_high_drift_high_JS
466,2019,20777.18,9,0.8326442760759641,0.7043614979678681,0.6437136842164276,9.941658676601905,-2.1295578933705164,0.16163324695982537,0.8257894310170636,0.1389884275239703,2018,-1.6730121987741726,-0.0013298502320591827,-0.45654569459634375,0.16296309719188454,0.48475864334824353,2018-2019,0.5530225609350035,0.44697743906499654,6,3,2,11,1,D_low_drift_low_JS
466,2020,14544.84,5,0.9776663064014455,0.9560929858052086,0.12642972781664313,9.585060321066475,-3.02906522546385,0.6816641451258943,0.829907087217483,0.135658343738884,2019,-2.1295578933705164,0.16163324695982537,-0.8995073320933336,0.520030898166069,1.0390118264664148,2019-2020,0.7194151531110762,0.2805848468889238,5,0,3,8,1,A_high_drift_high_JS
466,2021,17760.899999999998,6,0.988125601743155,0.9764364053245004,0.07924970267297608,9.784810992805978,-3.0747387454152735,0.781404678355082,0.8221884761128052,0.14222676506674978,2020,-3.02906522546385,0.6816641451258943,-0.04567351995142355,0.09974053322918763,0.10970070370601898,2020-2021,0.9301931406790026,0.0698068593209974,3,2,2,7,1,C_low_drift_high_JS
466,2022,25490.8,8,0.9536774051814773,0.9101174246263681,0.2543686846513801,10.146112110804788,-2.7870868737502796,0.7215135315241423,0.8376904997283527,0.12527962862764733,2021,-3.0747387454152735,0.781404678355082,0.28765187166499384,-0.05989114683093966,0.29382060639291324,2021-2022,0.8666653585693687,0.13333464143063134,4,3,1,8,1,C_low_drift_high_JS
466,2023,49012.24,6,0.9422136184757114,0.8897096061210777,0.2698919797285302,10.799845744675848,-2.7429749531422627,0.7373910055344822,0.8236356131357486,0.139597998005302,2022,-2.7870868737502796,0.7215135315241423,0.04411192060801694,0.015877474010339898,0.046882360442676185,2022-2023,0.905902435691605,0.094097564308395,6,0,1,7,1,C_low_drift_high_JS
466,2024,28849.281000000003,5,0.972987853666093,0.9471401497718993,0.14187637403991893,10.269875011923475,-3.130581672325642,0.8012750096134064,0.8109872782354558,0.15098935707232974,2023,-2.7429749531422627,0.7373910055344822,-0.3876067191833794,0.06388400407892414,0.3928360150664131,2023-2024,0.838529197238663,0.16147080276133696,4,0,2,6,1,C_low_drift_high_JS
470,2019,413876.82,28,0.7267099181829029,0.5406363287099482,1.145689288131081,12.933326088477799,-0.6586314206803524,0.6056865231872318,0.8257894310170636,0.1389884275239703,2018,-0.871258011429508,0.7485299678630207,0.21262659074915558,-0.1428434446757889,0.2561529167908381,2018-2019,0.8464575011837405,0.15354249881625948,20,1,2,23,1,C_low_drift_high_JS
470,2020,375328.855,30,0.8027268247201511,0.6534110533674558,0.8564150153362018,12.835560531652781,-0.9818694350777459,0.9164921641408683,0.829907087217483,0.135658343738884,2019,-0.6586314206803524,0.6056865231872318,-0.3232380143973935,0.3108056409536365,0.44842274741606314,2019-2020,0.8279565623253149,0.1720434376746851,20,1,1,22,1,C_low_drift_high_JS
470,2021,277782.468,33,0.6426194254995243,0.4444414118553721,1.2781594350136711,12.534597197092399,-0.13713020770323478,0.2828720643681799,0.8221884761128052,0.14222676506674978,2020,-0.9818694350777459,0.9164921641408683,0.8447392273745111,-0.6336200997726884,1.055963443070468,2020-2021,0.7952297723335418,0.20477022766645825,21,0,0,21,1,A_high_drift_high_JS
470,2022,373666.914,31,0.6108484092332563,0.40421707182773803,1.405353000212245,12.831122751471606,0.05315722135743428,0.14160823319793792,0.8376904997283527,0.12527962862764733,2021,-0.13713020770323478,0.2828720643681799,0.19028742906066906,-0.141263831170242,0.2369910877130484,2021-2022,0.8890649884610673,0.1109350115389327,20,0,2,22,1,C_low_drift_high_JS
470,2023,302406.885,38,0.357210914691972,0.25643389753867385,1.6576566125633414,12.619531997683024,0.9877888834263097,-0.4265813307459486,0.8236356131357486,0.139597998005302,2022,0.05315722135743428,0.14160823319793792,0.9346316620688754,-0.5681895639438865,1.093789616112885,2022-2023,0.7277710383270994,0.27222896167290056,19,0,1,20,1,A_high_drift_high_JS
470,2024,252140.291,40,0.34785963660206926,0.2497835534024465,1.6378745317720513,12.437744887943486,0.9550109482849425,-0.39057541857138944,0.8109872782354558,0.15098935707232974,2023,0.9877888834263097,-0.4265813307459486,-0.032777935141367176,0.036005912174559174,0.0486910540413097,2023-2024,0.8701822785039897,0.12981772149601034,19,2,0,21,1,C_low_drift_high_JS
478,2019,147.38,9,0.3039761161623015,0.22456971832115485,1.6783110161203192,4.999776550761379,-0.33050363437383257,-2.44166330843865,0.8257894310170636,0.1389884275239703,2018,-1.374760675338658,-0.9657387172885273,1.0442570409648255,-1.4759245911501226,1.8079895371285393,2018-2019,0.08093208954842923,0.9190679104515708,6,3,2,11,2,B_high_drift_low_JS
478,2020,104.4,7,0.5038314176245211,0.3246117203211932,1.3970070186299703,4.657762636107262,-0.9099411199955951,-1.9669465048979662,0.829907087217483,0.135658343738884,2019,-0.33050363437383257,-2.44166330843865,-0.5794374856217626,0.4747168035406837,0.7490686505972296,2019-2020,0.27333817236990166,0.7266618276300983,5,2,4,11,2,B_high_drift_low_JS
478,2021,91.6,4,0.6604803493449782,0.492122099120917,0.9000514755804148,4.528289141652134,-1.80330236115451,-1.436485236648486,0.8221884761128052,0.14222676506674978,2020,-0.9099411199955951,-1.9669465048979662,-0.8933612411589149,0.5304612682494803,1.038981936473317,2020-2021,0.6095813447111414,0.39041865528885855,4,0,3,7,2,B_high_drift_low_JS
478,2022,174.26,4,0.8516584414093883,0.7403308040193546,0.5070057296195818,5.1662705856277045,-2.7585924562901254,-0.6661215691060571,0.8376904997283527,0.12527962862764733,2021,-1.80330236115451,-1.436485236648486,-0.9552900951356154,0.7703636675424288,1.2272079473885569,2021-2022,0.16055624415025982,0.8394437558497402,3,1,1,5,2,B_high_drift_low_JS
478,2023,30511.57,7,0.7526980748614378,0.60751102292056,0.7175353241159292,10.32589400884033,-1.7001227776684136,-0.10999653440641002,0.8236356131357486,0.139597998005302,2022,-2.7585924562901254,-0.6661215691060571,1.0584696786217118,0.5561250346996471,1.1956726620531364,2022-2023,0.2088265300211184,0.7911734699788816,4,3,0,7,2,B_high_drift_low_JS
478,2024,86318.18000000001,11,0.9917756607009091,0.9836563821603732,0.05641699853537507,11.365807100350288,-3.053718371946977,1.2072519151709225,0.8109872782354558,0.15098935707232974,2023,-1.7001227776684136,-0.10999653440641002,-1.3535955942785636,1.3172484495773324,1.8887468095973647,2023-2024,0.6549062662314407,0.34509373376855934,5,3,2,10,2,B_high_drift_low_JS
480,2019,394339.5,34,0.35443185377067227,0.20636607085212905,1.9443717646296466,12.884970028260826,1.1376097325267238,-0.5090306068740589,0.8257894310170636,0.1389884275239703,2018,0.22600840979510115,0.03334430607875785,0.9116013227316226,-0.5423749129528167,1.0607485648383501,2018-2019,0.6399713208894713,0.3600286791105287,26,2,0,28,1,B_high_drift_low_JS
480,2020,302897.125,31,0.2677707819115153,0.1916516004639953,1.9076908440326779,12.6211518068344,1.294982817273986,-0.793521673471246,0.829907087217483,0.135658343738884,2019,1.1376097325267238,-0.5090306068740589,0.15737308474726208,-0.28449106659718715,0.3251176014559564,2019-2020,0.7668703392322394,0.23312966076776065,22,1,6,29,1,C_low_drift_high_JS
480,2021,376514.258,35,0.3701729669955819,0.2577769005165187,1.6722357593390216,12.838713851297348,0.9288611742171077,-0.38114227565304737,0.8221884761128052,0.14222676506674978,2020,1.294982817273986,-0.793521673471246,-0.3661216430568782,0.41237939781819866,0.5514542821119157,2020-2021,0.783535365473113,0.21646463452688702,21,1,1,23,1,A_high_drift_high_JS
480,2022,472642.191,35,0.32355513940988817,0.2422809183683029,1.7069327603612385,13.066096029741088,1.1028668943044837,-0.4857074490717627,0.8376904997283527,0.12527962862764733,2021,0.9288611742171077,-0.38114227565304737,0.17400572008737603,-0.10456517341871535,0.2030070592743323,2021-2022,0.842172774197123,0.157827225802877,23,1,1,25,1,C_low_drift_high_JS
480,2023,590190.562,34,0.28750205598848594,0.2258022139461728,1.7784056383203428,13.28820244454025,1.2207255204664345,-0.5800652894348183,0.8236356131357486,0.139597998005302,2022,1.1028668943044837,-0.4857074490717627,0.11785862616195075,-0.09435784036305556,0.15097701082867662,2022-2023,0.8829965945862285,0.11700340541377152,24,2,1,27,1,C_low_drift_high_JS
480,2024,700800.516,41,0.28703384972964263,0.23417217402359541,1.7029550232874529,13.459979981843988,1.2467546560309704,-0.33646042610653265,0.8109872782354558,0.15098935707232974,2023,1.2207255204664345,-0.5800652894348183,0.0260291355645359,0.24360486332828563,0.24499152094599053,2023-2024,0.8363652592465505,0.16363474075344953,24,0,0,24,1,C_low_drift_high_JS
484,2019,36033817.57,57,0.46906551372652683,0.29807975229270656,1.6322378358742988,17.39996846017813,1.568130484881228,1.1868090768473045,0.8257894310170636,0.1389884275239703,2018,1.5308278757922995,1.1809505529855073,0.03730260908892857,0.0058585238617971935,0.03775985893353766,2018-2019,0.9113791525720122,0.08862084742798781,36,1,0,37,1,C_low_drift_high_JS
484,2020,29311287.007,63,0.3935666966873558,0.25369551958818665,1.749666819950187,17.19348325600678,1.9955785345439334,0.9737001739519424,0.829907087217483,0.135658343738884,2019,1.568130484881228,1.1868090768473045,0.42744804966270533,-0.2131089028953621,0.4776266739344815,2019-2020,0.9141206650151246,0.08587933498487543,37,0,0,37,1,C_low_drift_high_JS
484,2021,31485633.956,65,0.40688123322855035,0.24955173776259643,1.7986737425474248,17.265041966638268,1.9710938920330472,0.9795512911703732,0.8221884761128052,0.14222676506674978,2020,1.9955785345439334,0.9737001739519424,-0.024484642510886223,0.00585111721843079,0.02517405989485435,2020-2021,0.886657302325805,0.11334269767419503,35,0,0,35,1,C_low_drift_high_JS
484,2022,37225200.508,64,0.4123069019252575,0.2407199519396442,1.8785410925022337,17.43249654976348,2.0721855492005115,0.9334452623848395,0.8376904997283527,0.12527962862764733,2021,1.9710938920330472,0.9795512911703732,0.10109165716746427,-0.046106028785533715,0.1111093562182618,2021-2022,0.9094332349580503,0.09056676504194971,37,0,0,37,1,C_low_drift_high_JS
484,2023,34513466.916999996,65,0.3608743689514755,0.21616558687614526,1.9287971071018242,17.35686018023112,2.217730484315553,0.811083460906116,0.8236356131357486,0.139597998005302,2022,2.0721855492005115,0.9334452623848395,0.14554493511504152,-0.12236180147872344,0.1901466239478371,2022-2023,0.8941218236619345,0.10587817633806551,41,0,0,41,1,C_low_drift_high_JS
484,2024,42630816.693,66,0.3156517050307779,0.1945657570233968,1.9350037673813663,17.56808796972094,2.2911100056308293,0.7988693187806083,0.8109872782354558,0.15098935707232974,2023,2.217730484315553,0.811083460906116,0.07337952131527636,-0.012214142125507754,0.07438910818339739,2023-2024,0.8787455958284272,0.12125440417157285,38,0,0,38,1,C_low_drift_high_JS
490,2019,58997472.668,67,0.19501604864915703,0.08920648619196037,2.7505228311764958,17.893005181766785,3.3183329416064713,0.5107843437233013,0.8257894310170636,0.1389884275239703,2018,3.2336065601013355,0.5973110680533248,0.08472638150513578,-0.08652672433002351,0.12110092380422907,2018-2019,0.9045719461338946,0.09542805386610542,51,0,0,51,1,C_low_drift_high_JS
490,2020,70922257.601,67,0.18244687097802642,0.09111236254823246,2.7141183934948248,18.07709488582899,3.354962196047973,0.42940633736778583,0.829907087217483,0.135658343738884,2019,3.3183329416064713,0.5107843437233013,0.03662925444150167,-0.08137800635551545,0.08924170661377215,2019-2020,0.810676683938962,0.18932331606103803,50,0,0,50,1,C_low_drift_high_JS
490,2021,94061130.921,67,0.29765215334817224,0.1324298912206584,2.5342418437075533,18.35945546844024,2.9162615655187167,0.6978699010477181,0.8221884761128052,0.14222676506674978,2020,3.354962196047973,0.42940633736778583,-0.43870063052925623,0.26846356367993224,0.5143257024984227,2020-2021,0.8537673699438095,0.14623263005619047,49,0,0,49,1,A_high_drift_high_JS
490,2022,88979015.38499999,67,0.24194864947482023,0.10917395364643132,2.6563579126277896,18.303911128943017,3.191268474670377,0.5080948540480981,0.8376904997283527,0.12527962862764733,2021,2.9162615655187167,0.6978699010477181,0.2750069091516605,-0.18977504699962,0.3341307656365358,2021-2022,0.9083719490164026,0.09162805098359739,48,0,0,48,1,C_low_drift_high_JS
490,2023,79834550.892,67,0.17984275142253905,0.09454600549246367,2.6795356850803325,18.195466949813525,3.314609096873681,0.35857165911595923,0.8236356131357486,0.139597998005302,2022,3.191268474670377,0.5080948540480981,0.12334062220330377,-0.14952319493213884,0.19383006709025435,2022-2023,0.84820583930766,0.15179416069233997,49,0,0,49,1,C_low_drift_high_JS
490,2024,96903691.167,67,0.239453238122904,0.11365135363338,2.5585865118723117,18.389228178993715,3.04357611093956,0.5655780786532321,0.8109872782354558,0.15098935707232974,2023,3.314609096873681,0.35857165911595923,-0.27103298593412095,0.20700641953727283,0.34104330691864754,2023-2024,0.8899707312382289,0.1100292687617711,50,0,0,50,1,C_low_drift_high_JS
496,2019,9295154.15,64,0.1884392718758731,0.08989918992479082,2.803338119713369,16.045003870768145,3.0991686824091267,0.10052410089130784,0.8257894310170636,0.1389884275239703,2018,3.220956439127791,0.003037138519121136,-0.12178775671866449,0.09748696237218671,0.15599988948432225,2018-2019,0.8673757188375181,0.13262428116248193,55,0,1,56,1,C_low_drift_high_JS
496,2020,10110135.356,63,0.21976612594819545,0.09801642842326752,2.7344050944977094,16.129049078146057,3.015007429031373,0.08207177021735147,0.829907087217483,0.135658343738884,2019,3.0991686824091267,0.10052410089130784,-0.08416125337775382,-0.018452330673956366,0.0861603451560839,2019-2020,0.8895616231790855,0.11043837682091451,55,0,0,55,1,C_low_drift_high_JS
496,2021,13227975.542,61,0.2588098518272873,0.10825580110051924,2.74745758259982,16.397844579722708,2.8389803317222984,0.11193478719762125,0.8221884761128052,0.14222676506674978,2020,3.015007429031373,0.08207177021735147,-0.1760270973090745,0.029863016980269774,0.17854226046015623,2020-2021,0.8706181400929561,0.12938185990704387,51,1,0,52,1,C_low_drift_high_JS
496,2022,15925460.702,66,0.19726520059827657,0.09088197739160798,2.843265182111672,16.58342975127853,3.217490966672496,0.049726839612172585,0.8376904997283527,0.12527962862764733,2021,2.8389803317222984,0.11193478719762125,0.37851063495019766,-0.06220794758544866,0.38358848980801774,2021-2022,0.8635177680797678,0.13648223192023223,54,1,0,55,1,C_low_drift_high_JS
496,2023,17774911.941999998,64,0.18641240535041298,0.0879959260957906,2.8370700506812105,16.69329863586381,3.2010904140941303,0.010947331978222587,0.8236356131357486,0.139597998005302,2022,3.217490966672496,0.049726839612172585,-0.0164005525783657,-0.038779507633949994,0.04210496808225039,2022-2023,0.8813964883071701,0.1186035116928299,54,0,0,54,1,C_low_drift_high_JS
496,2024,21877622.428,66,0.17631988817317934,0.08871787698570321,2.786747443812213,16.90097491115429,3.175867357111275,0.10959066110064426,0.8109872782354558,0.15098935707232974,2023,3.2010904140941303,0.010947331978222587,-0.02522305698285532,0.09864332912242167,0.1018170368058056,2023-2024,0.8487608317198765,0.15123916828012351,56,0,0,56,1,C_low_drift_high_JS
498,2019,119989.169,27,0.5134329249334163,0.3187705060575429,1.4830919847652582,11.695165093408146,0.12556433474435477,-0.3567552021631189,0.8257894310170636,0.1389884275239703,2018,-1.273946512268413,0.037130502322583164,1.3995108470127677,-0.39388570448570204,1.4538832687339767,2018-2019,0.5898318523928591,0.41016814760714093,12,5,3,20,1,B_high_drift_low_JS
498,2020,177139.702,24,0.5978748287608614,0.42202109446912006,1.160989583984382,12.084699622322866,-0.2777918328998749,-0.03396925966149793,0.829907087217483,0.135658343738884,2019,0.12556433474435477,-0.3567552021631189,-0.40335616764422966,0.32278594250162096,0.5166110361319236,2019-2020,0.6691872003058543,0.3308127996941457,13,1,2,16,1,B_high_drift_low_JS
498,2021,199905.28399999999,30,0.4350321625315317,0.274866564568842,1.610777608269414,12.205603955712258,0.5935653155402305,-0.452193109928235,0.8221884761128052,0.14222676506674978,2020,-0.2777918328998749,-0.03396925966149793,0.8713571484401055,-0.4182238502667371,0.9665270141437362,2020-2021,0.7017729641492247,0.29822703585077526,16,3,0,19,1,B_high_drift_low_JS
498,2022,240430.002,33,0.5508350492797484,0.35577797128233934,1.405895705334635,12.39018843339511,0.23431237764543142,-0.05555777230639102,0.8376904997283527,0.12527962862764733,2021,0.5935653155402305,-0.452193109928235,-0.35925293789479906,0.396635337621844,0.5351469559256024,2021-2022,0.7488165493746588,0.2511834506253412,19,0,1,20,1,A_high_drift_high_JS
498,2023,310315.905,35,0.49422627563998045,0.3089780308938589,1.5315918425287347,12.645349328488448,0.5265315137360642,-0.1576454432600075,0.8236356131357486,0.139597998005302,2022,0.23431237764543142,-0.05555777230639102,0.29221913609063277,-0.10208767095361648,0.30953823036628225,2022-2023,0.8709709450487315,0.12902905495126848,18,1,0,19,1,C_low_drift_high_JS
498,2024,390669.131,31,0.4896009841125636,0.29715851273115906,1.553398208515015,12.875618828159107,0.4365289738155816,-0.20188621739347087,0.8109872782354558,0.15098935707232974,2023,0.5265315137360642,-0.1576454432600075,-0.09000253992048263,-0.04424077413346336,0.1002881014281664,2023-2024,0.885897350986074,0.11410264901392597,20,1,1,22,1,C_low_drift_high_JS
499,2019,1390.0,9,0.7433812949640287,0.5788782878732983,0.8934896928143086,7.237778191923443,-1.9092529032197878,-0.6777150402786252,0.8257894310170636,0.1389884275239703,2018,-1.083269528356426,-1.7523415440825723,-0.8259833748633618,1.074626503803947,1.3553857968226477,2018-2019,0.5350769932630743,0.46492300673692566,5,4,2,11,1,B_high_drift_low_JS
499,2020,4624.085999999999,13,0.8080982922895467,0.6757724791231264,0.672106095067064,8.439250244368242,-1.9206357223386346,-0.09884498716724971,0.829907087217483,0.135658343738884,2019,-1.9092529032197878,-0.6777150402786252,-0.011382819118846754,0.5788700531113755,0.5789819573702267,2019-2020,0.8262439346256619,0.17375606537433808,8,5,1,14,1,A_high_drift_high_JS
499,2021,4889.828,10,0.7626566824027348,0.6056930131884797,0.820035864651671,8.495116893288406,-1.709712280089489,-0.34833866391281415,0.8221884761128052,0.14222676506674978,2020,-1.9206357223386346,-0.09884498716724971,0.2109234422491455,-0.24949367674556444,0.32670444323003756,2020-2021,0.590428083013562,0.409571916986438,7,3,5,15,1,D_low_drift_low_JS
499,2022,4767.236,18,0.7340914106203259,0.5530913037048376,1.0725275115847253,8.469731704164563,-1.3003541443297904,-0.39302288537894076,0.8376904997283527,0.12527962862764733,2021,-1.709712280089489,-0.34833866391281415,0.4093581357596987,-0.044684221466126606,0.4117897072058623,2021-2022,0.6727140742623208,0.32728592573767923,9,5,1,15,1,D_low_drift_low_JS
499,2023,8089.733,21,0.8341145498868752,0.7018204296841983,0.7542093986626794,8.998474611634123,-1.8293685399922888,0.20357221876237475,0.8236356131357486,0.139597998005302,2022,-1.3003541443297904,-0.39302288537894076,-0.5290143956624984,0.5965951041413156,0.7973593600777165,2022-2023,0.8285973815624806,0.17140261843751936,12,5,2,19,1,A_high_drift_high_JS
499,2024,10738.106,16,0.8395740366131607,0.7228107365887044,0.563215684869367,9.281647124374732,-2.1401171722760686,0.2605586241197303,0.8109872782354558,0.15098935707232974,2023,-1.8293685399922888,0.20357221876237475,-0.3107486322837798,0.05698640535735555,0.31593062982527137,2023-2024,0.7700263455133557,0.2299736544866443,13,0,5,18,1,C_low_drift_high_JS
500,2023,0.1,1,1.0,1.0,-1.000088900581841e-12,0.09531017980432487,-4.3483090736843835,-0.8590325255295658,0.8236356131357486,0.139597998005302,2019,-4.076259529734207,-0.19878929394191577,-0.27204954395017644,-0.66024323158765,0.7140952872136899,2019-2023,1.0,0.0,1,0,0,1,0,A_high_drift_high_JS
504,2019,820245.121,40,0.3713470061591503,0.23554244926567874,1.8199514790862068,13.617359721766144,1.1912321582574144,-0.14715304893384143,0.8257894310170636,0.1389884275239703,2018,1.0879049330415411,-0.2132091155021087,0.10332722521587323,0.06605606656826726,0.12263734912857154,2018-2019,0.6449911368852457,0.3550088631147543,29,5,2,36,3,D_low_drift_low_JS
504,2020,1013596.579,44,0.44184836381536363,0.28693326938325087,1.6416991847912632,13.829016519470034,1.071839066821788,0.14989229818731778,0.829907087217483,0.135658343738884,2019,1.1912321582574144,-0.14715304893384143,-0.11939309143562626,0.2970453471211592,0.320141606994289,2019-2020,0.5277969743728397,0.4722030256271603,31,0,2,33,3,D_low_drift_low_JS
504,2021,1420509.244,38,0.5778129029901617,0.38248085271091625,1.4760765230780204,14.166526691795607,0.4433044928609734,0.42319259642758333,0.8221884761128052,0.14222676506674978,2020,1.071839066821788,0.14989229818731778,-0.6285345739608147,0.2733002982402656,0.6853822026302703,2020-2021,0.6594402243618657,0.34055977563813433,25,0,0,25,3,B_high_drift_low_JS
504,2022,2569915.677,34,0.8121883529799565,0.6719814719504786,0.7940552243049908,14.75938403494504,-0.8457490051014427,1.3563263179495981,0.8376904997283527,0.12527962862764733,2021,0.4433044928609734,0.42319259642758333,-1.2890534979624162,0.9331337215220148,1.5913508295943626,2021-2022,0.7501486962714803,0.2498513037285197,23,0,2,25,3,A_high_drift_high_JS
504,2023,1151269.914,40,0.5696511930216218,0.3684694732034006,1.5679985236472902,13.956377032727582,0.5469911412953046,0.3595362682833702,0.8236356131357486,0.139597998005302,2022,-0.8457490051014427,1.3563263179495981,1.3927401463967473,-0.9967900496662279,1.712692476336261,2022-2023,0.7246228161334224,0.2753771838665776,25,4,0,29,3,A_high_drift_high_JS
504,2024,1071840.485,38,0.2782207223680303,0.18540395996631265,2.040988131575248,13.884888741209116,1.5330242008107824,-0.4963701480249484,0.8109872782354558,0.15098935707232974,2023,0.5469911412953046,0.3595362682833702,0.9860330595154778,-0.8559064163083185,1.3056940636823018,2023-2024,0.5963085680545765,0.40369143194542345,27,0,2,29,3,B_high_drift_low_JS
508,2019,3244374.79,20,0.9923893533891008,0.98484695386523,0.059657484845639625,14.992433529061964,-2.4416611395331866,2.0636190772641445,0.8257894310170636,0.1389884275239703,2018,-1.792502447787096,1.7255075638409976,-0.6491586917460905,0.33811151342314694,0.7319333320588609,2018-2019,0.8315209603460649,0.16847903965393507,11,1,3,15,3,A_high_drift_high_JS
508,2020,62559.92,16,0.42170770039347877,0.3164520510359734,1.414693613877036,11.043896080993415,0.07696523412539122,-0.8553869066189285,0.829907087217483,0.135658343738884,2019,-2.4416611395331866,2.0636190772641445,2.5186263736585777,-2.919005983883073,3.8553955366516863,2019-2020,0.4025323685297807,0.5974676314702193,12,4,1,17,3,B_high_drift_low_JS
508,2021,1453951.5669999998,22,0.905331738605293,0.8269565471959937,0.3598352603736086,14.189796314122571,-1.7930264152184627,1.4396858960115704,0.8221884761128052,0.14222676506674978,2020,0.07696523412539122,-0.8553869066189285,-1.869991649343854,2.2950728026304987,2.960443875162973,2020-2021,0.46234548939212383,0.5376545106078762,15,2,1,18,3,B_high_drift_low_JS
508,2022,1673616.915,26,0.8651452354614855,0.7610792736973453,0.5048098132802098,14.330498257264855,-1.4591987684786634,1.3983152278687574,0.8376904997283527,0.12527962862764733,2021,-1.7930264152184627,1.4396858960115704,0.33382764673979937,-0.04137066814281298,0.33638137568898646,2021-2022,0.9016196995486108,0.09838030045138924,13,2,1,16,3,C_low_drift_high_JS
508,2023,185331.812,33,0.6617217987379307,0.46050266220107366,1.293236764514878,12.129908471611014,-0.25315970081676326,0.24709171504292057,0.8236356131357486,0.139597998005302,2022,-1.4591987684786634,1.3983152278687574,1.2060390676619002,-1.1512235128258368,1.6672869606668927,2022-2023,0.574660091754611,0.42533990824538903,19,3,0,22,3,B_high_drift_low_JS
508,2024,110951.022,27,0.2164919219941931,0.17227594154494535,1.9292293404021408,11.616853152620093,1.1613770902827438,-1.1863319280595415,0.8109872782354558,0.15098935707232974,2023,-0.25315970081676326,0.24709171504292057,1.414536791099507,-1.433423643102462,2.0138564184120042,2023-2024,0.5288149958666049,0.47118500413339515,19,2,4,25,3,B_high_drift_low_JS
512,2019,7234658.9,38,0.9305602673264941,0.8665602137997582,0.41724232814971235,15.794393909340894,-1.463639499409334,2.274617951761298,0.8257894310170636,0.1389884275239703,2018,-0.5159506975702619,1.5124001999124013,-0.9476888018390721,0.7622177518488966,1.2161784270265454,2018-2019,0.7225593506251188,0.2774406493748812,21,1,1,23,3,A_high_drift_high_JS
512,2020,5541571.725,42,0.8320289258730112,0.6997970121175693,0.7751348143049338,15.527788903814699,-0.6402280304021564,1.7488421237419267,0.829907087217483,0.135658343738884,2019,-1.463639499409334,2.274617951761298,0.8234114690071777,-0.5257758280193712,0.9769578643022501,2019-2020,0.8047942544360918,0.19520574556390824,22,2,0,24,3,A_high_drift_high_JS
512,2021,2227632.994,50,0.5857742565829495,0.41203419695637206,1.285243098945818,14.616450590951118,0.5543325746582043,0.8466095530314786,0.8221884761128052,0.14222676506674978,2020,-0.6402280304021564,1.7488421237419267,1.1945606050603605,-0.9022325707104482,1.4969965433537107,2020-2021,0.7172329644480767,0.2827670355519233,24,3,1,28,3,A_high_drift_high_JS
512,2022,2272917.233,49,0.7184282970324948,0.5355025854536843,1.1491004875634094,14.63657512902441,0.041772656567245735,1.2116665697438407,0.8376904997283527,0.12527962862764733,2021,0.5543325746582043,0.8466095530314786,-0.5125599180909586,0.3650570167123621,0.6292728304037446,2021-2022,0.7956571369063772,0.20434286309362282,29,2,2,33,3,A_high_drift_high_JS
512,2023,863103.927,47,0.6047979202393318,0.3899384297778189,1.6108118470755515,13.668291546684099,0.586466060441903,0.5308515095979475,0.8236356131357486,0.139597998005302,2022,0.041772656567245735,1.2116665697438407,0.5446934038746573,-0.6808150601458932,0.8718945179011144,2022-2023,0.7532077708090598,0.24679222919094024,31,3,3,37,3,A_high_drift_high_JS
512,2024,726337.986,41,0.2172838307261545,0.14080456857308848,2.269272492202949,13.495772107697386,1.8780593053854968,-0.7101899556112489,0.8109872782354558,0.15098935707232974,2023,0.586466060441903,0.5308515095979475,1.2915932449435938,-1.2410414652091963,1.7911998852033548,2023-2024,0.5276256300170397,0.47237436998296034,29,0,3,32,3,B_high_drift_low_JS
516,2019,16398.36,11,0.8708065928544073,0.7657385293286706,0.5145751923075261,9.704997588660575,-2.3565536753514307,0.3427972127744364,0.8257894310170636,0.1389884275239703,2018,-1.1675153250467185,-0.5927578560205039,-1.1890383503047122,0.9355550687949403,1.512969095931327,2018-2019,0.26636991254178977,0.7336300874582102,7,3,1,11,3,B_high_drift_low_JS
516,2020,33200.8,9,0.5709199778318594,0.40737184731705667,1.091564873928118,10.410359370302368,-0.7219264964115815,-0.6803966728688238,0.829907087217483,0.135658343738884,2019,-2.3565536753514307,0.3427972127744364,1.6346271789398492,-1.02319388564326,1.9284531992627154,2019-2020,0.18624081247576685,0.8137591875242332,7,1,3,11,3,B_high_drift_low_JS
516,2021,10567.505000000001,15,0.6132005615327364,0.42824368555078707,1.2073284306815808,9.265633630828816,-0.7716015414494656,-0.6721003687786719,0.8221884761128052,0.14222676506674978,2020,-0.7219264964115815,-0.6803966728688238,-0.049675045037884114,0.008296304090151918,0.05036306941670739,2020-2021,0.45806778155271055,0.5419322184472894,7,6,1,14,3,D_low_drift_low_JS
516,2022,702.614,10,0.2618792110604115,0.18831629323428847,1.8153911597751091,6.556229910334578,0.20919484961716078,-2.2956538476894996,0.8376904997283527,0.12527962862764733,2021,-0.7716015414494656,-0.6721003687786719,0.9807963910666264,-1.6235534789108277,1.896809811133623,2021-2022,0.07793971566487279,0.9220602843351272,7,3,6,16,3,B_high_drift_low_JS
516,2023,11929.623,16,0.45533710495293944,0.28211219477055194,1.638440667222316,9.386863735019341,0.003770441322437564,-1.217546364829288,0.8236356131357486,0.139597998005302,2022,0.20919484961716078,-2.2956538476894996,-0.20542440829472322,1.0781074828602117,1.0975039554017192,2022-2023,0.24791168720541967,0.7520883127945803,7,9,3,19,3,B_high_drift_low_JS
516,2024,3668.0530000000003,16,0.4355716779446753,0.28599677433003945,1.5297358880188479,8.207688869603906,-0.2062257898589392,-1.3763856621799213,0.8109872782354558,0.15098935707232974,2023,0.003770441322437564,-1.217546364829288,-0.20999623118137675,-0.1588392973506334,0.2633027525363629,2023-2024,0.59986819598228,0.40013180401771997,13,3,3,19,3,D_low_drift_low_JS
520,2019,871.79,2,0.9942646738320008,0.9885951355965084,0.0353195006552464,6.771694977074673,-3.724383132244041,0.24374283441754227,0.8257894310170636,0.1389884275239703,2018,-4.261646542142507,-0.8377093458710742,0.5372634098984657,1.0814521802886163,1.2075557088046616,2018-2019,0.012833024424703798,0.9871669755752962,1,1,0,2,2,B_high_drift_low_JS
520,2020,11.0,1,1.0,1.0,-1.000088900581841e-12,2.4849066497880004,-4.001761853760594,-0.4622648388379081,0.829907087217483,0.135658343738884,2019,-3.724383132244041,0.24374283441754227,-0.27737872151655285,-0.7060076732554503,0.758541884041832,2019-2020,0.012833024424703798,0.9871669755752962,1,0,1,2,2,B_high_drift_low_JS
520,2021,2454.0,4,0.6674816625916871,0.5000451668483303,0.8790839036060705,7.805882040228621,-1.5280371157650294,-0.8826229177367249,0.8221884761128052,0.14222676506674978,2020,-4.001761853760594,-0.4622648388379081,2.4737247379955645,-0.42035807889881677,2.5091861218065765,2020-2021,0.006205325356609337,0.9937946746433907,1,3,0,4,2,B_high_drift_low_JS
520,2022,4975.0,3,0.8856281407035176,0.7967902628721497,0.36876405435308457,8.512381634419015,-2.6783795316987713,0.05579547177475086,0.8376904997283527,0.12527962862764733,2021,-1.5280371157650294,-0.8826229177367249,-1.1503424159337419,0.9384183895114757,1.4845594456503215,2021-2022,0.6903792519099806,0.3096207480900194,3,0,1,4,2,B_high_drift_low_JS
520,2023,3166.0,3,0.9684144030322173,0.9387293291921549,0.1464816028883693,8.06054004653864,-3.27530073451029,0.35249640819027156,0.8236356131357486,0.139597998005302,2022,-2.6783795316987713,0.05579547177475086,-0.5969212028115187,0.2967009364155207,0.6665931053017253,2022-2023,0.8603770173273315,0.13962298267266848,3,0,0,3,2,A_high_drift_high_JS
520,2024,5902.0,2,0.9554388342934599,0.9148490635651712,0.18217822905028286,8.683215975240689,-3.2321984990567834,0.39831345512928407,0.8109872782354558,0.15098935707232974,2023,-3.27530073451029,0.35249640819027156,0.043102235453506665,0.04581704693901251,0.0629047255085117,2023-2024,0.9569596272990031,0.04304037270099692,2,0,1,3,2,C_low_drift_high_JS
524,2019,485272.28099999996,42,0.46612353282136054,0.26304464136528305,1.9316306343013676,13.092467477211654,1.030805754807876,-0.02660436682642055,0.8257894310170636,0.1389884275239703,2018,1.1217928322102093,-0.24474420784852569,-0.09098707740233336,0.21813984102210512,0.2363548994528514,2018-2019,0.6410683432254707,0.3589316567745293,33,8,5,46,2,D_low_drift_low_JS
524,2020,432212.613,34,0.7595012040983635,0.5851393085343072,1.0892816436210242,12.976675219551035,-0.5661917673921439,0.8131651094645159,0.829907087217483,0.135658343738884,2019,1.030805754807876,-0.02660436682642055,-1.59699752220002,0.8397694762909365,1.804331970348848,2019-2020,0.550637696535152,0.44936230346484796,32,1,9,42,2,B_high_drift_low_JS
524,2021,504335.55400000006,39,0.5748601257646015,0.35724462086816183,1.6248504835126636,13.130999090070096,0.4958717650734872,0.2037162718467106,0.8221884761128052,0.14222676506674978,2020,-0.5661917673921439,0.8131651094645159,1.0620635324656311,-0.6094488376178053,1.224502687897037,2020-2021,0.70993685838649,0.29006314161351,27,5,3,35,2,B_high_drift_low_JS
524,2022,604811.705,49,0.6842162719056505,0.4829892654559063,1.3490502629759797,13.312674110571262,0.17344647254654733,0.8101367567280843,0.8376904997283527,0.12527962862764733,2021,0.4958717650734872,0.2037162718467106,-0.32242529252693986,0.6064204848813737,0.686807013465095,2021-2022,0.7265455560186183,0.27345444398138175,31,5,1,37,2,A_high_drift_high_JS
524,2023,709414.483,45,0.6092331075231233,0.3937983416434351,1.5620291272755153,13.472196646569813,0.4835449394194561,0.4807889334188947,0.8236356131357486,0.139597998005302,2022,0.17344647254654733,0.8101367567280843,0.31009846687290876,-0.32934782330918955,0.4523616339560967,2022-2023,0.8239878876093903,0.17601211239060965,34,3,0,37,2,C_low_drift_high_JS
524,2024,904083.723,48,0.5613952414891558,0.34153318528729915,1.704065798385586,13.7146783551156,0.744533870711544,0.42930221576560584,0.8109872782354558,0.15098935707232974,2023,0.4835449394194561,0.4807889334188947,0.2609889312920879,-0.05148671765328888,0.2660189924642518,2023-2024,0.7271441302745081,0.2728558697254919,34,2,4,40,2,C_low_drift_high_JS
528,2019,11565353.614,61,0.3772129279920174,0.17474821624272718,2.3647445065821944,16.263524515866735,2.3275286995690556,0.5940706560015722,0.8257894310170636,0.1389884275239703,2018,2.763476774842435,0.29558965580757335,-0.4359480752733793,0.2984810001939988,0.5283385579449733,2018-2019,0.6537233630635265,0.3462766369364735,33,0,0,33,1,B_high_drift_low_JS
528,2020,14127924.286,64,0.41672026129373324,0.20389584432413793,2.247379534267659,16.46366391344836,2.273577256886025,0.7249794670149012,0.829907087217483,0.135658343738884,2019,2.3275286995690556,0.5940706560015722,-0.05395144268303076,0.13090881101332907,0.14159051863915134,2019-2020,0.8352219313297171,0.16477806867028288,33,0,0,33,1,C_low_drift_high_JS
528,2021,20521787.048,67,0.4053686153424313,0.20260907301014722,2.200354020469162,16.836997711312755,2.27972621352333,0.7906794630282088,0.8221884761128052,0.14222676506674978,2020,2.273577256886025,0.7249794670149012,0.00614895663730497,0.06569999601330756,0.06598711346828323,2020-2021,0.85245098426908,0.14754901573092005,36,0,0,36,1,C_low_drift_high_JS
528,2022,33640559.018,66,0.3753402656669253,0.2612216246763518,1.8475067073685887,17.331243040314522,2.114976752424467,0.9301202664626262,0.8376904997283527,0.12527962862764733,2021,2.27972621352333,0.7906794630282088,-0.16474946109886268,0.13944080343441745,0.2158381861367481,2021-2022,0.7358469473276243,0.26415305267237565,35,0,0,35,1,C_low_drift_high_JS
528,2023,34674849.009,65,0.5028159486858805,0.29204050224612077,1.8275820156274407,17.361525198532167,1.7820159745736592,1.1707397327652633,0.8236356131357486,0.139597998005302,2022,2.114976752424467,0.9301202664626262,-0.3329607778508079,0.2406194663026371,0.41080482853878547,2022-2023,0.7590967386448638,0.24090326135513618,33,0,0,33,1,C_low_drift_high_JS
528,2024,64801828.892,66,0.38985851164948937,0.3033839177384613,1.6167669916088236,17.986844399997864,1.823039329841314,1.2094604718874338,0.8109872782354558,0.15098935707232974,2023,1.7820159745736592,1.1707397327652633,0.04102335526765466,0.038720739122170444,0.05641109213251761,2023-2024,0.7645392645187098,0.2354607354812902,33,0,0,33,1,C_low_drift_high_JS
531,2019,19752.5,4,0.9857233261612454,0.9717549709934838,0.08539000220174561,9.891085969818384,-3.276194550448422,0.778930812723725,0.8257894310170636,0.1389884275239703,2018,-2.760776038753208,0.559764462040268,-0.5154185116952137,0.21916635068345702,0.560080468745352,2018-2019,0.006073614298162111,0.9939263857018379,2,2,3,7,3,B_high_drift_low_JS
531,2020,1590.7749999999999,5,0.8266411026072198,0.7034898978150449,0.5604131601300129,7.372605024757777,-2.332150025871142,-0.35648415483024876,0.829907087217483,0.135658343738884,2019,-3.276194550448422,0.778930812723725,0.9440445245772797,-1.1354149675539738,1.4766134270451199,2019-2020,0.018445881632045524,0.9815541183679545,3,2,1,6,3,B_high_drift_low_JS
531,2021,1594.44,6,0.6898973934422117,0.5128206707188844,0.9835383725049835,7.374904839244966,-1.5279295946075642,-0.8848073018838584,0.8221884761128052,0.14222676506674978,2020,-2.332150025871142,-0.35648415483024876,0.8042204312635779,-0.5283231470536096,0.9622348204957069,2020-2021,0.06947071653171255,0.9305292834682874,1,5,4,10,3,B_high_drift_low_JS
531,2022,86.449,5,0.9717636988282108,0.9446435170882396,0.16019941235296586,4.471055766293455,-3.55778311836111,-0.2222376243070565,0.8376904997283527,0.12527962862764733,2021,-1.5279295946075642,-0.8848073018838584,-2.0298535237535456,0.6625696775768019,2.135252656136719,2021-2022,0.0,1.0,0,5,6,11,3,B_high_drift_low_JS
531,2023,16003.795,8,0.9122836177294198,0.8389728357755182,0.32644194962694034,9.68064364382459,-2.6433536664181254,0.4610644150462557,0.8236356131357486,0.139597998005302,2022,-3.55778311836111,-0.2222376243070565,0.9144294519429845,0.6833020393533122,1.1415265654224358,2022-2023,0.009796210047515075,0.9902037899524849,4,3,1,8,3,B_high_drift_low_JS
531,2024,762.266,10,0.4399592793066987,0.2985812588583425,1.4485821410486897,6.6376065943824925,-0.553583797545201,-1.7156117680310206,0.8109872782354558,0.15098935707232974,2023,-2.6433536664181254,0.4610644150462557,2.0897698688729243,-2.1766761830772765,3.017458750476139,2023-2024,0.09574048862685414,0.9042595113731459,7,3,1,11,3,B_high_drift_low_JS
533,2019,128.8,3,0.7763975155279502,0.6517603969754251,0.544378102139011,4.86599480426999,-2.673078767499399,-0.9905157606323521,0.8257894310170636,0.1389884275239703,2018,-2.7837604106214955,-0.31025174610674777,0.1106816431220965,-0.6802640145256044,0.6892093699179509,2018-2019,0.8672840332783633,0.13271596672163666,2,1,1,4,2,A_high_drift_high_JS
533,2020,451.71999999999997,6,0.944168954219428,0.8926106685711113,0.28112593375665745,6.115273832834268,-3.1052199682102897,-0.04615025377068704,0.829907087217483,0.135658343738884,2019,-2.673078767499399,-0.9905157606323521,-0.4321412007108907,0.9443655068616651,1.0385433201855085,2019-2020,0.011217482194511796,0.9887825178054882,1,5,2,8,2,B_high_drift_low_JS
533,2021,17.213,8,0.359611921222332,0.24734373674903437,1.590517079375406,2.902135624816407,-0.5682226160908902,-2.560815278076429,0.8221884761128052,0.14222676506674978,2020,-3.1052199682102897,-0.04615025377068704,2.5369973521193994,-2.514665024305742,3.572099627547843,2020-2021,0.05066121110597943,0.9493387888940206,3,5,3,11,2,B_high_drift_low_JS
533,2022,165.892,6,0.6630820051599836,0.48934586702270916,1.0039637182230605,5.117346896625023,-1.68844337202234,-1.3878129456506219,0.8376904997283527,0.12527962862764733,2021,-0.5682226160908902,-2.560815278076429,-1.1202207559314497,1.173002332425807,1.621983049817726,2021-2022,0.15480361319731717,0.8451963868026828,5,1,3,9,2,B_high_drift_low_JS
533,2023,9589.625,13,0.8764524160225243,0.7782174158208277,0.4598232751611755,9.1685413378081,-2.3505331571499806,0.30724474319005124,0.8236356131357486,0.139597998005302,2022,-1.68844337202234,-1.3878129456506219,-0.6620897851276406,1.6950576888406732,1.819775659818608,2022-2023,0.012217161759686457,0.9877828382403135,4,5,2,11,2,B_high_drift_low_JS
533,2024,293.452,7,0.7707222987064324,0.6266362398814173,0.73027119644853,5.685116001692185,-2.277491322199583,-0.7954295479604513,0.8109872782354558,0.15098935707232974,2023,-2.3505331571499806,0.30724474319005124,0.07304183495039762,-1.1026742911505025,1.1050908116608265,2023-2024,0.009518630273353201,0.9904813697266468,5,2,5,12,2,B_high_drift_low_JS
534,2022,10.399999999999999,2,0.5865384615384616,0.5149778106508875,0.6780936809721114,2.4336133554004498,-2.137233871892001,-1.9400141772239998,0.8376904997283527,0.12527962862764733,2020,-4.044742069844879,-0.5338822853996434,1.9075081979528776,-1.4061318918243564,2.369766744315351,2020-2022,1.1102230246251565e-16,0.9999999999999999,0,2,1,3,0,B_high_drift_low_JS
534,2023,25.5,1,1.0,1.0,-1.000088900581841e-12,3.2771447329921766,-4.033575521463385,-0.32482219843345855,0.8236356131357486,0.139597998005302,2022,-2.137233871892001,-1.9400141772239998,-1.8963416495713843,1.6151919787905413,2.4909750661635344,2022-2023,0.38051168583723693,0.6194883141627631,1,0,1,2,0,B_high_drift_low_JS
534,2024,40.5,1,1.0,1.0,-1.000088900581841e-12,3.725693427236653,-4.0584520184757,-0.202305408391166,0.8109872782354558,0.15098935707232974,2023,-4.033575521463385,-0.32482219843345855,-0.024876497012314758,0.12251679004229254,0.12501681465255343,2023-2024,1.0,0.0,1,0,0,1,0,C_low_drift_high_JS
540,2019,18794.62,13,0.45390649026157487,0.4022984042426197,1.0548740576788147,9.841379142950878,-0.6514180148465603,-0.8833028439516538,0.8257894310170636,0.1389884275239703,2018,-1.246146310144698,-0.4172010564741108,0.5947282952981376,-0.466101787477543,0.7556140691636105,2018-2019,0.6988739225973848,0.3011260774026152,8,3,3,14,1,B_high_drift_low_JS
540,2020,21479.172,17,0.3744092183814162,0.30206518339919036,1.364059418555647,9.974885556039531,0.06604434814717053,-1.092369105233129,0.829907087217483,0.135658343738884,2019,-0.6514180148465603,-0.8833028439516538,0.7174623629937308,-0.2090662612814752,0.7473024447429314,2019-2020,0.708548836973105,0.291451163026895,11,4,1,16,1,B_high_drift_low_JS
540,2021,15805.418000000001,22,0.4675985159013194,0.34912700649070744,1.313359939046399,9.66817133906879,-0.15402008825706318,-0.8105494841398124,0.8221884761128052,0.14222676506674978,2020,0.06604434814717053,-1.092369105233129,-0.2200644364042337,0.2818196210933166,0.357562099505937,2020-2021,0.7483585253851539,0.2516414746148461,13,9,3,25,1,C_low_drift_high_JS
540,2022,55822.60800000001,22,0.6906079164198132,0.4996253721886604,1.1721392179571977,10.92995214133254,-0.7516161211765433,-0.05320003258394635,0.8376904997283527,0.12527962862764733,2021,-0.15402008825706318,-0.8105494841398124,-0.5975960329194802,0.7573494515558661,0.9647275316549598,2021-2022,0.26045306283413894,0.7395469371658611,15,2,7,24,1,B_high_drift_low_JS
540,2023,37496.738000000005,25,0.5952352441964418,0.38883539156967434,1.4182153019098656,10.532035890139177,-0.2594896480883731,-0.41798225181516163,0.8236356131357486,0.139597998005302,2022,-0.7516161211765433,-0.05320003258394635,0.4921264730881702,-0.3647822192312153,0.6125802257512496,2022-2023,0.1833757290004464,0.8166242709995536,16,1,1,18,1,B_high_drift_low_JS
540,2024,16424.39,26,0.3060083205525441,0.2061843270662181,1.903226085733642,9.706583587363157,0.7275591996702107,-1.326004579439351,0.8109872782354558,0.15098935707232974,2023,-0.2594896480883731,-0.41798225181516163,0.9870488477585837,-0.9080223276241892,1.3411823050300054,2023-2024,0.39240147385517987,0.6075985261448201,17,5,3,25,1,B_high_drift_low_JS
548,2019,12079.130000000001,20,0.6994874630871595,0.5503882909293714,0.8510181089517275,9.399317233020305,-1.3475494207298164,-0.14966792620249883,0.8257894310170636,0.1389884275239703,2018,-0.3514470784950313,-0.6694512074089506,-0.9961023422347851,0.5197832812064518,1.1235633207022069,2018-2019,0.5827725990131936,0.41722740098680644,12,4,4,20,1,B_high_drift_low_JS
548,2020,47792.49,26,0.6075054888330782,0.42061389704780344,1.2272220817245652,10.774644716735892,-0.34333043793620266,-0.21137763080006342,0.829907087217483,0.135658343738884,2019,-1.3475494207298164,-0.14966792620249883,1.0042189827936139,-0.061709704597564585,1.006113240666556,2019-2020,0.3121128132976556,0.6878871867023444,14,7,3,24,1,B_high_drift_low_JS
548,2021,22875.4,17,0.659802232966418,0.4778904646053048,1.0925999946720992,10.037861090456737,-0.8842189638684197,-0.34177214984151133,0.8221884761128052,0.14222676506674978,2020,-0.34333043793620266,-0.21137763080006342,-0.540888525932217,-0.13039451904144791,0.5563839753993434,2020-2021,0.2015719345514444,0.7984280654485556,14,3,6,23,1,B_high_drift_low_JS
548,2022,20481.245,33,0.4085811189700626,0.2640296906623628,1.6654288073122452,9.92731369228633,0.5405924189099097,-0.8932656905405123,0.8376904997283527,0.12527962862764733,2021,-0.8842189638684197,-0.34177214984151133,1.4248113827783295,-0.5514935406990009,1.5278195580393048,2021-2022,0.5273875911103066,0.47261240888969336,14,16,2,32,1,B_high_drift_low_JS
548,2023,29839.641,37,0.7213370965153367,0.5296403017944845,1.2744591997770742,10.303626535320223,-0.5844458372048328,0.21620628240217837,0.8236356131357486,0.139597998005302,2022,0.5405924189099097,-0.8932656905405123,-1.1250382561147425,1.1094719729426907,1.5800756742849527,2022-2023,0.6133479276080536,0.38665207239194643,27,8,3,38,1,B_high_drift_low_JS
548,2024,98828.665,38,0.49587839722412524,0.36300645929501835,1.3559181226289807,11.501153091705474,0.201544090014305,-0.1300078365934924,0.8109872782354558,0.15098935707232974,2023,-0.5844458372048328,0.21620628240217837,0.7859899272191377,-0.3462141189956708,0.8588622601336573,2023-2024,0.40152185635096105,0.598478143649039,32,3,4,39,1,B_high_drift_low_JS
554,2019,6650034.43,61,0.3102176149184238,0.1514902894749513,2.3903394209302475,15.710132740437393,2.4398434648164744,0.35243833818726195,0.8257894310170636,0.1389884275239703,2018,2.617938038976854,0.353003156949852,-0.17809457416037944,-0.0005648187625900691,0.17809546980650987,2018-2019,0.8572659288652579,0.14273407113474212,41,0,0,41,1,C_low_drift_high_JS
554,2020,7145573.112,64,0.3238284548672602,0.15330211634195678,2.3992807697068237,15.782003717692618,2.5361283346865546,0.3629042304624372,0.829907087217483,0.135658343738884,2019,2.4398434648164744,0.35243833818726195,0.09628486987008023,0.010465892275175248,0.09685200600407745,2019-2020,0.9011615568857564,0.09883844311424361,38,0,0,38,1,C_low_drift_high_JS
554,2021,7654415.023,67,0.30576810023592055,0.14801162861196815,2.4022069084865265,15.85079329716196,2.562156764193398,0.35910812387389385,0.8221884761128052,0.14222676506674978,2020,2.5361283346865546,0.3629042304624372,0.026028429506843587,-0.0037961065885433465,0.026303793791472515,2020-2021,0.8481437504168517,0.15185624958314825,38,0,0,38,1,C_low_drift_high_JS
554,2022,7359978.926,66,0.3539236533406346,0.1778839535787858,2.272113278203052,15.811567763255688,2.3876795765044627,0.42008874082298214,0.8376904997283527,0.12527962862764733,2021,2.562156764193398,0.35910812387389385,-0.1744771876889355,0.060980616949088295,0.18482674229486235,2021-2022,0.8984204253207616,0.1015795746792384,39,0,0,39,1,C_low_drift_high_JS
554,2023,7759555.369,65,0.36052577847131545,0.1864818103478604,2.2013355611856706,15.864435721581897,2.2848631345171007,0.45797918101616286,0.8236356131357486,0.139597998005302,2022,2.3876795765044627,0.42008874082298214,-0.10281644198736206,0.03789044019318072,0.10957602931742687,2022-2023,0.9295200342211196,0.07047996577888038,39,0,0,39,1,C_low_drift_high_JS
554,2024,8277782.006,67,0.3400843991735339,0.1698637340615992,2.268198635682105,15.929085737610684,2.3570789713595017,0.4729273762219937,0.8109872782354558,0.15098935707232974,2023,2.2848631345171007,0.45797918101616286,0.07221583684240107,0.01494819520583085,0.07374669911772266,2023-2024,0.9286995527976389,0.07130044720236106,38,0,0,38,1,C_low_drift_high_JS
558,2019,376448.89,30,0.5601589634120052,0.3508379439905703,1.557057970169536,12.838540223074746,0.22012180582165036,0.011374652876379704,0.8257894310170636,0.1389884275239703,2018,0.24124281022410665,0.033606361268197486,-0.02112100440245629,-0.022231708391817782,0.030665056415852217,2018-2019,0.8201039271093064,0.17989607289069365,22,1,1,24,1,C_low_drift_high_JS
558,2020,681367.992,28,0.5279845696068447,0.3448723166705573,1.4997234956194203,13.431859276863023,0.3805880691456501,-0.016025136843260818,0.829907087217483,0.135658343738884,2019,0.22012180582165036,0.011374652876379704,0.1604662633239997,-0.02739978971964052,0.1627887285466894,2019-2020,0.7921379309196994,0.20786206908030058,18,2,5,25,1,C_low_drift_high_JS
558,2021,602575.576,32,0.6117438453894454,0.41086793447287484,1.3914834662665796,13.308970033366231,0.08910191359159962,0.26784551242011034,0.8221884761128052,0.14222676506674978,2020,0.3805880691456501,-0.016025136843260818,-0.29148615555405044,0.28387064926337113,0.40687433489087016,2020-2021,0.8626623292531438,0.1373376707468562,19,3,3,25,1,C_low_drift_high_JS
558,2022,613204.3150000001,33,0.6665781045588369,0.4623255527690646,1.3597274452757984,13.326455093587372,-0.07684044008688586,0.4429026837097403,0.8376904997283527,0.12527962862764733,2021,0.08910191359159962,0.26784551242011034,-0.16594235367848548,0.17505717128962994,0.24120919958468084,2021-2022,0.8263884154575889,0.1736115845424111,22,4,1,27,1,C_low_drift_high_JS
558,2023,485861.518,29,0.7398897765762136,0.5568960570764685,1.1341907795321229,13.093680978089523,-0.6301935037786164,0.6201913267234099,0.8236356131357486,0.139597998005302,2022,-0.07684044008688586,0.4429026837097403,-0.5533530636917305,0.17728864301366964,0.5810601311728871,2022-2023,0.7766487539141049,0.22335124608589507,20,1,4,25,1,A_high_drift_high_JS
558,2024,630114.542,29,0.5914379119344305,0.38168146650971624,1.484793657948797,13.353658481551992,0.0796706583860091,0.12318189843500044,0.8109872782354558,0.15098935707232974,2023,-0.6301935037786164,0.6201913267234099,0.7098641621646254,-0.4970094282884095,0.8665595770247175,2023-2024,0.6531322973489828,0.3468677026510172,23,0,0,23,1,B_high_drift_low_JS
562,2019,3216.94,3,0.9543230523416663,0.9118647657384579,0.21526568957320624,8.076496682257313,-3.261721173667369,0.2805167141483476,0.8257894310170636,0.1389884275239703,2018,-2.744252300184511,-0.07749904477138655,-0.5174688734828581,0.35801575891973414,0.6292450386443197,2018-2019,0.7212213232140551,0.2787786767859449,1,2,2,5,3,A_high_drift_high_JS
562,2020,6756.08,7,0.6127813761826385,0.4884477113875629,0.8790209878666222,8.818346123055862,-1.2475794049342777,-0.765664587256736,0.829907087217483,0.135658343738884,2019,-3.261721173667369,0.2805167141483476,2.0141417687330914,-1.0461813014050836,2.2696392620777646,2019-2020,0.5065306674483321,0.4934693325516679,1,6,2,9,3,B_high_drift_low_JS
562,2021,462.9,3,0.9364873622812703,0.8809341634947123,0.24109679778906026,6.1396690117576975,-3.1469261311303796,-0.11115326467250865,0.8221884761128052,0.14222676506674978,2020,-1.2475794049342777,-0.765664587256736,-1.899346726196102,0.6545113225842274,2.008955713225855,2020-2021,0.31348162708373906,0.6865183729162609,2,1,5,8,3,B_high_drift_low_JS
562,2022,5207.3,3,0.9870758358458318,0.9744724191679568,0.07127905885186699,8.558008785916012,-3.318384662553604,0.5316410319481589,0.8376904997283527,0.12527962862764733,2021,-3.1469261311303796,-0.11115326467250865,-0.17145853142322443,0.6427942966206676,0.6652687695705155,2021-2022,0.012539304086901293,0.9874606959130987,2,1,1,4,3,B_high_drift_low_JS
562,2023,83.861,3,0.6977140744803901,0.5739585617745445,0.6466424405480773,4.441014623819759,-2.252733508868767,-1.298729306378155,0.8236356131357486,0.139597998005302,2022,-3.318384662553604,0.5316410319481589,1.0656511536848368,-1.830370338326314,2.1179867697354977,2022-2023,0.023495193390886793,0.9765048066091132,2,1,1,4,3,B_high_drift_low_JS
562,2024,1791.43,16,0.39074928967361267,0.28339719932550167,1.6085971714220106,7.491327520107337,-0.14198026672050207,-1.5882594431657377,0.8109872782354558,0.15098935707232974,2023,-2.252733508868767,-1.298729306378155,2.1107532421482653,-0.28953013678758266,2.1305180002402353,2023-2024,0.3333512321432761,0.6666487678567239,2,14,1,17,3,B_high_drift_low_JS
566,2019,4071349.281,44,0.36966884836526015,0.21876204227525922,1.9363766003342235,15.219485266770612,1.546126629028648,0.16859145288404048,0.8257894310170636,0.1389884275239703,2018,1.9403103863882205,-0.3431189122596323,-0.39418375735957256,0.5117103651436727,0.6459321422267058,2018-2019,0.7765769235234812,0.22342307647651882,34,2,1,37,1,A_high_drift_high_JS
566,2020,1950988.991,45,0.46190880838240467,0.263174989765378,1.917541761020853,14.483847489402443,1.3220600884907105,0.21413049869477913,0.829907087217483,0.135658343738884,2019,1.546126629028648,0.16859145288404048,-0.2240665405379374,0.04553904581073864,0.22864736884992073,2019-2020,0.6678898511651661,0.3321101488348339,33,2,1,36,1,D_low_drift_low_JS
566,2021,1639033.719,48,0.47844064518601886,0.2583883494898321,2.0457638109436846,14.309618040540048,1.3553533655714622,0.2044193568347472,0.8221884761128052,0.14222676506674978,2020,1.3220600884907105,0.21413049869477913,0.03329327708075169,-0.009711141860031913,0.03468066572315719,2020-2021,0.5797179372474109,0.42028206275258906,35,3,2,40,1,D_low_drift_low_JS
566,2022,2441184.599,46,0.39921390639577764,0.2438938585933808,1.9614045681631984,14.707994380487117,1.5035847964098108,0.07417921295143778,0.8376904997283527,0.12527962862764733,2021,1.3553533655714622,0.2044193568347472,0.14823143083834855,-0.13024014388330943,0.19731966999549044,2021-2022,0.6710929422249525,0.3289070577750475,34,1,5,40,1,D_low_drift_low_JS
566,2023,3238850.29,45,0.43184667544482275,0.28596725941384266,1.7566101637164562,14.990729284780846,1.2415624216640728,0.25446054771022797,0.8236356131357486,0.139597998005302,2022,1.5035847964098108,0.07417921295143778,-0.262022374745738,0.18028133475879018,0.3180520154468557,2022-2023,0.7265079560799754,0.2734920439200246,33,1,2,36,1,C_low_drift_high_JS
566,2024,3329252.1720000003,46,0.434154508377685,0.24196623164220124,1.9503227190356343,15.018258564131077,1.3725511868778488,0.20353733574969674,0.8109872782354558,0.15098935707232974,2023,1.2415624216640728,0.25446054771022797,0.130988765213776,-0.050923211960531234,0.1405390697585797,2023-2024,0.7975485374330213,0.20245146256697866,31,1,2,34,1,C_low_drift_high_JS
574,2023,4.0,1,1.0,1.0,-1.000088900581841e-12,1.6094379124341003,-4.198537992931788,-0.604819851114095,0.8236356131357486,0.139597998005302,2018,-4.269189196039465,-0.850107870786123,0.07065120310767625,0.24528801967202807,0.2552602693236598,2018-2023,0.0,1.0,0,1,1,2,0,D_low_drift_low_JS
574,2024,10102.0,1,1.0,1.0,-1.000088900581841e-12,9.220587688427733,-3.5328424587980565,0.6937013404380241,0.8109872782354558,0.15098935707232974,2023,-4.198537992931788,-0.604819851114095,0.6656955341337318,1.298521191552119,1.459214798813228,2023-2024,0.0,1.0,0,1,1,2,0,B_high_drift_low_JS
579,2019,853086.742,52,0.47020710820049294,0.2849589610450713,1.7525205690374657,13.656617684020842,1.152693709149927,0.381543927407064,0.8257894310170636,0.1389884275239703,2018,1.3163660125492043,0.35898500882302725,-0.1636723033992773,0.022558918584036747,0.16521963475236917,2018-2019,0.6708790678663958,0.32912093213360416,37,1,0,38,1,D_low_drift_low_JS
579,2020,1714418.622,57,0.660986849686704,0.4707805351931476,1.2401660575957962,14.354585168479646,0.4823038676064924,1.1984290785054232,0.829907087217483,0.135658343738884,2019,1.152693709149927,0.381543927407064,-0.6703898415434346,0.8168851510983592,1.0567515742735474,2019-2020,0.7146853280759811,0.28531467192401894,35,0,1,36,1,B_high_drift_low_JS
579,2021,1127869.896,60,0.44430862351875383,0.2912671473662334,1.674659008256589,13.935842250589085,1.3514443707966843,0.4796513952285004,0.8221884761128052,0.14222676506674978,2020,0.4823038676064924,1.1984290785054232,0.869140503190192,-0.7187776832769228,1.1278504210499902,2020-2021,0.789356090217282,0.21064390978271796,35,1,0,36,1,A_high_drift_high_JS
579,2022,836017.332,58,0.2583183526630522,0.17044500126888235,2.133100472007589,13.636405820056083,2.1066089713994525,-0.24136040943194184,0.8376904997283527,0.12527962862764733,2021,1.3514443707966843,0.4796513952285004,0.7551646006027681,-0.7210118046604422,1.0440936722647283,2021-2022,0.6509520347122796,0.3490479652877204,36,0,1,37,1,B_high_drift_low_JS
579,2023,1883918.824,60,0.27271355350075316,0.19857749153949844,1.912075021181953,14.448865176949631,2.004624419183214,0.05487184958174741,0.8236356131357486,0.139597998005302,2022,2.1066089713994525,-0.24136040943194184,-0.10198455221623837,0.29623225901368927,0.3132960264208599,2022-2023,0.8224940337316398,0.17750596626836024,35,0,1,36,1,C_low_drift_high_JS
579,2024,1842897.8429999999,59,0.49242488206656393,0.3051841229864156,1.6637801704241495,14.426850348005074,1.1877570838383988,0.6330471145208262,0.8109872782354558,0.15098935707232974,2023,2.004624419183214,0.05487184958174741,-0.8168673353448153,0.5781752649390788,1.000779136743324,2023-2024,0.608820420335625,0.391179579664375,37,0,0,37,1,B_high_drift_low_JS
580,2019,1045799.6200000001,33,0.5077349808178359,0.30860978419078555,1.6082515624723661,13.860293293583572,0.5843659137881648,0.1027002159514622,0.8257894310170636,0.1389884275239703,2018,1.358242903251746,-0.657073538815587,-0.7738769894635812,0.7597737547670492,1.084500693062958,2018-2019,0.7802130201857858,0.21978697981421425,17,0,0,17,1,A_high_drift_high_JS
580,2020,1100542.69,31,0.505085395642399,0.29831352094503966,1.7025821288941554,13.911314879296926,0.7222358638704796,-0.017253779338845195,0.829907087217483,0.135658343738884,2019,0.5843659137881648,0.1027002159514622,0.13786995008231473,-0.1199539952903074,0.18274869116304784,2019-2020,0.7754693347211101,0.22453066527888987,19,4,1,24,1,C_low_drift_high_JS
580,2021,836477.203,35,0.4463824939410812,0.26306586324516973,1.7586241743427697,13.636955741687567,0.9141391417776107,-0.15051986950720345,0.8221884761128052,0.14222676506674978,2020,0.7222358638704796,-0.017253779338845195,0.19190327790713113,-0.13326609016835825,0.23363800816704158,2020-2021,0.7635008203665228,0.23649917963347722,23,2,1,26,1,C_low_drift_high_JS
580,2022,1028822.639,41,0.46945827365293813,0.271553701390767,1.7808352330655766,13.843926609456574,1.0420726246072871,0.019908731224098846,0.8376904997283527,0.12527962862764733,2021,0.9141391417776107,-0.15051986950720345,0.12793348282967643,0.17042860073130228,0.2131029891300466,2021-2022,0.8756406450410483,0.12435935495895167,23,3,1,27,1,C_low_drift_high_JS
580,2023,1343300.613,44,0.5820764931043771,0.3719040095574136,1.5356167675770582,14.110641031824596,0.5946552001822626,0.4998317658979825,0.8236356131357486,0.139597998005302,2022,1.0420726246072871,0.019908731224098846,-0.4474174244250245,0.47992303467388364,0.6561314433021117,2022-2023,0.8644356388691486,0.13556436113085135,28,2,0,30,1,A_high_drift_high_JS
580,2024,1266848.117,53,0.5680808617407449,0.3591320204062821,1.5901344364202208,14.05204336539262,0.7642622323646666,0.6538436863221535,0.8109872782354558,0.15098935707232974,2023,0.5946552001822626,0.4998317658979825,0.16960703218240403,0.154011920424171,0.2290987057983179,2023-2024,0.917897673053351,0.08210232694664898,28,2,1,31,1,C_low_drift_high_JS
583,2019,139429.18,16,0.8327512935240673,0.7033328979778044,0.6666832047966448,11.845319253158612,-1.7633613542192643,0.6453423196179267,0.8257894310170636,0.1389884275239703,2018,-0.8872973161375227,0.3187132960695169,-0.8760640380817416,0.3266290235484097,0.9349731107600233,2018-2019,0.8202716368882803,0.1797283631117197,10,3,7,20,1,A_high_drift_high_JS
583,2020,192242.236,20,0.8594246167631966,0.7459801273287457,0.6129421691270105,12.166516703393935,-1.6410225465057393,0.8578894486716475,0.829907087217483,0.135658343738884,2019,-1.7633613542192643,0.6453423196179267,0.12233880771352501,0.21254712905372086,0.2452408325335443,2019-2020,0.8010153450951997,0.19898465490480033,11,3,2,16,1,C_low_drift_high_JS
583,2021,203231.69,15,0.9333316570855658,0.8728140684891742,0.34107186208323026,12.222106857731562,-2.2521916690835138,1.0816586047090306,0.8221884761128052,0.14222676506674978,2020,-1.6410225465057393,0.8578894486716475,-0.6111691225777744,0.22376915603738312,0.6508458585457615,2020-2021,0.8388702806674102,0.1611297193325898,9,1,4,14,1,A_high_drift_high_JS
583,2022,208614.844,13,0.8858358132942831,0.7886194244739313,0.520852599099636,12.248249772643359,-2.0012469849502383,0.849961624643573,0.8376904997283527,0.12527962862764733,2021,-2.2521916690835138,1.0816586047090306,0.2509446841332754,-0.23169698006545758,0.3415504722090169,2021-2022,0.8523413131189024,0.14765868688109762,10,1,0,11,1,C_low_drift_high_JS
583,2023,176139.794,19,0.8951537095586702,0.8042541417212619,0.5027457388503584,12.079038920127195,-1.993074343104832,0.9737424569685587,0.8236356131357486,0.139597998005302,2022,-2.0012469849502383,0.849961624643573,0.008172641845406448,0.1237808323249856,0.12405033867668193,2022-2023,0.8881173072522208,0.11188269274777918,9,5,3,17,1,C_low_drift_high_JS
583,2024,220987.19999999998,11,0.8672644388453269,0.7560997725240813,0.6225496432228055,12.305864585409239,-2.017157633425091,0.7192378454268018,0.8109872782354558,0.15098935707232974,2023,-1.993074343104832,0.9737424569685587,-0.024083290320259243,-0.25450461154175685,0.2556415501609049,2023-2024,0.8236290743134029,0.17637092568659707,8,3,7,18,1,C_low_drift_high_JS
584,2019,70473.48,16,0.6933612473798655,0.4942090837271716,1.29127234033691,11.163005937452077,-0.879983076937224,-0.12925549495576683,0.8257894310170636,0.1389884275239703,2018,-1.5885199095176914,0.2314430363253485,0.7085368325804674,-0.3606985312811153,0.795064697739445,2018-2019,0.6555353152100949,0.3444646847899051,13,3,1,17,1,B_high_drift_low_JS
584,2020,92169.08,16,0.5448983541986098,0.3374183730340239,1.5143084024599802,11.431390844948709,-0.07316667114916929,-0.5939627363787753,0.829907087217483,0.135658343738884,2019,-0.879983076937224,-0.12925549495576683,0.8068164057880547,-0.46470724142300845,0.9310776191487674,2019-2020,0.6172595079218379,0.3827404920781621,13,2,3,18,1,B_high_drift_low_JS
584,2021,70990.708,15,0.7723906627329312,0.6133770589326799,0.8752337898390743,11.170318360470723,-1.3523917682772117,0.19918677935884374,0.8221884761128052,0.14222676506674978,2020,-0.07316667114916929,-0.5939627363787753,-1.2792250971280426,0.793149515737619,1.5051587967510502,2020-2021,0.6271452164164645,0.3728547835835355,11,3,4,18,1,B_high_drift_low_JS
584,2022,66884.28,15,0.9268336296660441,0.8599531759070488,0.40359008333585816,11.110734192010824,-2.3323944998746384,0.8797594574445428,0.8376904997283527,0.12527962862764733,2021,-1.3523917682772117,0.19918677935884374,-0.9800027315974267,0.680572678085699,1.1931406137145606,2021-2022,0.6826847586562416,0.31731524134375844,10,3,5,18,1,B_high_drift_low_JS
584,2023,57587.019,15,0.8682144147798309,0.7556636953477763,0.694497895735463,10.961069821576038,-1.9395027350258858,0.5515027534247406,0.8236356131357486,0.139597998005302,2022,-2.3323944998746384,0.8797594574445428,0.39289176484875266,-0.3282567040198021,0.5119730487241604,2022-2023,0.8156217633614541,0.1843782366385459,12,3,3,18,1,A_high_drift_high_JS
584,2024,54404.015999999996,20,0.8668319632874162,0.7533057732170503,0.7082415322764496,10.904211634475686,-1.9152043238350647,0.6555725959767735,0.8109872782354558,0.15098935707232974,2023,-1.9395027350258858,0.5515027534247406,0.0242984111908211,0.10406984255203289,0.10686882106209994,2023-2024,0.824845538677931,0.17515446132206902,12,5,3,20,1,C_low_drift_high_JS
585,2019,58367.079999999994,15,0.3847220042530824,0.2809591131265462,1.5295575347573458,10.974524444047098,0.11274895658507623,-1.0306875051701565,0.8257894310170636,0.1389884275239703,2018,0.13464772003407577,-1.0536972766343498,-0.021898763448999534,0.02300977146419325,0.031764845717075975,2018-2019,0.8150113145457208,0.18498868545427916,9,5,4,18,1,C_low_drift_high_JS
585,2020,55726.36,22,0.38720024060426694,0.24146305407699747,1.688769260645869,10.928226508187267,0.5275622597931015,-0.9632429399553112,0.829907087217483,0.135658343738884,2019,0.11274895658507623,-1.0306875051701565,0.41481330320802523,0.06744456521484532,0.4202604500727764,2019-2020,0.7355739124228802,0.26442608757711983,12,9,3,24,1,C_low_drift_high_JS
585,2021,36011.61,20,0.30517685824099505,0.1901962577530602,1.8986302160323307,10.491624433883086,0.7572628136792935,-1.3185422314971262,0.8221884761128052,0.14222676506674978,2020,0.5275622597931015,-0.9632429399553112,0.22970055388619204,-0.35529929154181505,0.4230838345124275,2020-2021,0.7260460895869889,0.2739539104130111,15,4,5,24,1,C_low_drift_high_JS
585,2022,38516.45,22,0.35789772941171893,0.2106726487987544,1.8354416987169546,10.558866664343839,0.6580703178452596,-1.1907325220857587,0.8376904997283527,0.12527962862764733,2021,0.7572628136792935,-1.3185422314971262,-0.09919249583403389,0.1278097094113675,0.16178526833306867,2021-2022,0.6486374670357252,0.3513625329642748,13,8,7,28,1,D_low_drift_low_JS
585,2023,35424.52,11,0.3564468904589251,0.2948109181541252,1.3424149520173387,10.47518774335023,-0.014391970151781121,-1.2163394475915161,0.8236356131357486,0.139597998005302,2022,0.6580703178452596,-1.1907325220857587,-0.6724622879970408,-0.025606925505757383,0.6729496588988454,2022-2023,0.6637657479882799,0.3362342520117201,9,1,11,21,1,B_high_drift_low_JS
585,2024,58435.225,12,0.36248187629978323,0.27184536349627936,1.4623064826767025,10.975691267611204,0.09136779156867077,-1.127125208158206,0.8109872782354558,0.15098935707232974,2023,-0.014391970151781121,-1.2163394475915161,0.10575976172045189,0.0892142394333102,0.13836295644727586,2023-2024,0.7891099256621612,0.2108900743378388,6,5,4,15,1,C_low_drift_high_JS
586,2019,4064914.892,38,0.334651532969906,0.16758810353823228,2.170117631406194,15.217903609975084,1.7032892764517369,-0.15251147450690253,0.8257894310170636,0.1389884275239703,2018,2.1320938721197815,-0.5970285621724706,-0.42880459566804463,0.4445170876655681,0.6176316236177626,2018-2019,0.6045938444617767,0.39540615553822334,28,1,1,30,2,B_high_drift_low_JS
586,2020,3526311.808,41,0.2421804555293597,0.13043375522144154,2.333198850636798,15.075763352695905,2.135060279500763,-0.39273938422006965,0.829907087217483,0.135658343738884,2019,1.7032892764517369,-0.15251147450690253,0.43177100304902627,-0.24022790971316713,0.4941008476810375,2019-2020,0.8454242699309306,0.15457573006906944,29,2,0,31,2,A_high_drift_high_JS
586,2021,5667108.317,42,0.42273005314078593,0.21606935142792308,2.05167291672328,15.550189725066287,1.5211048034203685,0.1361093011958869,0.8221884761128052,0.14222676506674978,2020,2.135060279500763,-0.39273938422006965,-0.6139554760803947,0.5288486854159565,0.8103223177694722,2020-2021,0.7853135532995803,0.2146864467004197,29,0,1,30,2,A_high_drift_high_JS
586,2022,7877976.085,38,0.6815442116184084,0.4775441976848415,1.354305392665845,15.879581713775577,0.22445737551059255,1.027556722349816,0.8376904997283527,0.12527962862764733,2021,1.5211048034203685,0.1361093011958869,-1.296647427909776,0.8914474211539292,1.5735224996761337,2021-2022,0.7651812023931571,0.23481879760684288,24,0,1,25,2,A_high_drift_high_JS
586,2023,1587625.945,36,0.2713762277297629,0.16899391395933597,2.1721892675762584,14.277750971906256,1.7191108156545525,-0.5654164356777535,0.8236356131357486,0.139597998005302,2022,0.22445737551059255,1.027556722349816,1.49465344014396,-1.5929731580275694,2.1843883327674365,2022-2023,0.27268638299932735,0.7273136170006727,28,2,0,30,2,B_high_drift_low_JS
586,2024,1900495.488,37,0.28056084919260804,0.16700425918821585,2.1249456090879573,14.45762571947498,1.6460923730251344,-0.46632511328098,0.8109872782354558,0.15098935707232974,2023,1.7191108156545525,-0.5654164356777535,-0.07301844262941803,0.09909132239677348,0.12308851749195339,2023-2024,0.8254201397173907,0.1745798602826093,29,0,2,31,2,C_low_drift_high_JS
591,2019,536231.969,38,0.45764853493843066,0.24486773872946116,2.082223858348978,13.192323989279462,1.0910735364233828,-0.17639718228776283,0.8257894310170636,0.1389884275239703,2018,1.5412379554398792,-0.4014878897437387,-0.4501644190164964,0.2250907074559759,0.5033029214414431,2018-2019,0.7013878435549039,0.2986121564450961,31,2,3,36,1,B_high_drift_low_JS
591,2020,464830.96499999997,40,0.3176966426924678,0.17263148307160087,2.214782326988429,13.049431253669816,1.6449984947067755,-0.5488148704384054,0.829907087217483,0.135658343738884,2019,1.0910735364233828,-0.17639718228776283,0.5539249582833927,-0.3724176881506426,0.6674786841965274,2019-2020,0.7361118326512814,0.26388816734871856,31,3,4,38,1,A_high_drift_high_JS
591,2021,612897.625,40,0.3152138042629876,0.2199643975682417,1.9130282227626125,13.325954826038446,1.369712369396283,-0.3895050937610601,0.8221884761128052,0.14222676506674978,2020,1.6449984947067755,-0.5488148704384054,-0.27528612531049257,0.1593097766773453,0.3180598304304551,2020-2021,0.7876033891961289,0.21239661080387107,31,1,3,35,1,C_low_drift_high_JS
591,2022,710565.803,40,0.3187480203012247,0.20015119779321489,2.0685490201922128,13.473818244618805,1.534910766629223,-0.4686793161404063,0.8376904997283527,0.12527962862764733,2021,1.369712369396283,-0.3895050937610601,0.16519839723294005,-0.07917422237934624,0.18319134242017668,2021-2022,0.7777564664982299,0.22224353350177006,28,1,2,31,1,C_low_drift_high_JS
591,2023,1402286.801,40,0.6355302969153455,0.41829596436874317,1.5915515626727073,14.153615604397148,0.3827528579556772,0.5620031037970321,0.8236356131357486,0.139597998005302,2022,1.534910766629223,-0.4686793161404063,-1.1521579086735458,1.0306824199374385,1.5458894194886945,2022-2023,0.6508767274204741,0.3491232725795259,31,1,0,32,1,B_high_drift_low_JS
591,2024,724871.71,40,0.3386852868075097,0.1876388743886621,2.144529378521263,13.493751346008379,1.4877225289978375,-0.4455656407912177,0.8109872782354558,0.15098935707232974,2023,0.3827528579556772,0.5620031037970321,1.1049696710421604,-1.0075687445882497,1.4953771260100783,2023-2024,0.6602435126070665,0.3397564873929335,30,1,2,33,1,B_high_drift_low_JS
598,2019,87141.62,23,0.3061223787209832,0.2052033807805732,1.8207340550575328,11.375301365779002,0.758696488424303,-1.075081783391255,0.8257894310170636,0.1389884275239703,2018,0.7060532160015416,-1.0783490140978313,0.052643272422761456,0.0032672307065764183,0.05274456301712123,2018-2019,0.6093197072447658,0.3906802927552342,13,7,6,26,1,D_low_drift_low_JS
598,2020,79190.391,24,0.20065565783101133,0.13096174152856,2.194467644200407,11.279622872399349,1.3989487092754582,-1.421517548192774,0.829907087217483,0.135658343738884,2019,0.758696488424303,-1.075081783391255,0.6402522208511552,-0.34643576480151905,0.7279702229064385,2019-2020,0.44023626147645767,0.5597637385235423,16,7,6,29,1,B_high_drift_low_JS
598,2021,95108.95,25,0.45737020543282203,0.2748860645140889,1.644222895393297,11.462788869769216,0.40365079986897595,-0.6514702210109833,0.8221884761128052,0.14222676506674978,2020,1.3989487092754582,-1.421517548192774,-0.9952979094064822,0.7700473271817907,1.2584080477209028,2020-2021,0.36286756539263454,0.6371324346073655,15,3,8,26,1,B_high_drift_low_JS
598,2022,78136.253,21,0.32477881937850284,0.20411404425378082,1.7766687583958831,11.266222213140846,0.74253419101488,-1.1350946818742578,0.8376904997283527,0.12527962862764733,2021,0.40365079986897595,-0.6514702210109833,0.3388833911459041,-0.4836244608632745,0.5905375279690874,2021-2022,0.5649541743110919,0.43504582568890815,17,2,2,21,1,B_high_drift_low_JS
598,2023,121985.87999999999,18,0.31332667354615146,0.23171391869241942,1.6626142069050203,11.71166877694884,0.6211287187718515,-1.094167817341541,0.8236356131357486,0.139597998005302,2022,0.74253419101488,-1.1350946818742578,-0.12140547224302856,0.04092686453271677,0.12811829272602773,2022-2023,0.5451265477962555,0.45487345220374453,12,4,7,23,1,D_low_drift_low_JS
598,2024,170725.42500000002,28,0.35533228281610657,0.24377620564655303,1.6975139165586293,12.047817700550937,0.7141652986121609,-0.7209262585222765,0.8109872782354558,0.15098935707232974,2023,0.6211287187718515,-1.094167817341541,0.09303657984030944,0.37324155881926446,0.38466227579295675,2023-2024,0.6376254301291802,0.36237456987081984,14,10,2,26,1,D_low_drift_low_JS
600,2019,515611.469,32,0.2654537713551131,0.140999047877715,2.2779580452629395,13.153110733230315,1.5855749109385064,-0.821404110519405,0.8257894310170636,0.1389884275239703,2018,2.148694794327892,-0.9398782770534799,-0.5631198833893853,0.11847416653407494,0.5754477658349355,2018-2019,0.6687847064395036,0.3312152935604964,28,1,1,30,1,B_high_drift_low_JS
600,2020,741882.6329999999,36,0.5272975705309441,0.31143319603020725,1.7486014899690998,13.516947681009619,0.7525991302496768,0.06580954675258345,0.829907087217483,0.135658343738884,2019,1.5855749109385064,-0.821404110519405,-0.8329757806888296,0.8872136572719884,1.2169620885073218,2019-2020,0.5891189665111352,0.41088103348886484,27,2,1,30,1,B_high_drift_low_JS
600,2021,1406680.25,35,0.6180380352962231,0.41663420868476364,1.412484737093935,14.156743764588922,0.2217400744587502,0.47959855399846923,0.8221884761128052,0.14222676506674978,2020,0.7525991302496768,0.06580954675258345,-0.5308590557909266,0.4137890072458858,0.6730770235513688,2020-2021,0.8396234384503637,0.1603765615496363,28,0,1,29,1,A_high_drift_high_JS
600,2022,607166.937,37,0.364252607516407,0.1854116195792865,2.152693870254794,13.316560698992134,1.4530086380054947,-0.521277794945737,0.8376904997283527,0.12527962862764733,2021,0.2217400744587502,0.47959855399846923,1.2312685635467444,-1.0008763489442063,1.5867500563902142,2021-2022,0.5284480331401926,0.4715519668598074,26,1,2,29,1,B_high_drift_low_JS
600,2023,496852.302,38,0.4398282530247791,0.23319010709451254,2.0548961058886115,13.1160500945064,1.170640055373003,-0.32817654906070454,0.8236356131357486,0.139597998005302,2022,1.4530086380054947,-0.521277794945737,-0.28236858263249176,0.19310124588503247,0.3420820188496234,2022-2023,0.8050099208240019,0.1949900791759981,28,3,1,32,1,C_low_drift_high_JS
600,2024,676532.787,38,0.3782091643106131,0.2102732582602661,2.0775446893953085,13.424737669174357,1.2925654386587464,-0.3897089641528457,0.8109872782354558,0.15098935707232974,2023,1.170640055373003,-0.32817654906070454,0.12192538328574343,-0.06153241509214119,0.13657246133993123,2023-2024,0.713525516843722,0.286474483156278,31,2,1,34,1,D_low_drift_low_JS
604,2019,1341170.127,45,0.19101570325984452,0.09548805877315922,2.6627946419895583,14.10905376560613,2.3951910435865127,-0.6288611831599,0.8257894310170636,0.1389884275239703,2018,0.3294820533823126,0.9027404683045235,2.0657089902042003,-1.5316016514644235,2.5715670807853734,2018-2019,0.5394322295162244,0.4605677704837756,32,3,0,35,3,B_high_drift_low_JS
604,2020,1088734.805,49,0.18681623299440675,0.10967334728606543,2.52671603222902,13.90052776917637,2.4236549271604235,-0.5767116249038959,0.829907087217483,0.135658343738884,2019,2.3951910435865127,-0.6288611831599,0.02846388357391083,0.05214955825600409,0.05941185988004007,2019-2020,0.8219005996791047,0.17809940032089533,33,2,3,38,3,C_low_drift_high_JS
604,2021,1523211.314,53,0.19675939001067583,0.1183178930750208,2.4848546039268227,14.236332027282778,2.4134408794179407,-0.4221342559226958,0.8221884761128052,0.14222676506674978,2020,2.4236549271604235,-0.5767116249038959,-0.010214047742482801,0.15457736898120011,0.15491445953311073,2020-2021,0.8200503288075891,0.1799496711924109,35,1,0,36,3,C_low_drift_high_JS
604,2022,1442637.048,53,0.16955709708073435,0.11034540945382688,2.510899342937745,14.18198397330532,2.536382780299555,-0.5572196179501935,0.8376904997283527,0.12527962862764733,2021,2.4134408794179407,-0.4221342559226958,0.12294190088161416,-0.13508536202749766,0.1826547727996308,2021-2022,0.7486850908020846,0.25131490919791544,39,1,0,40,3,C_low_drift_high_JS
604,2023,1461755.628,51,0.3467468503565768,0.17855825950443205,2.1885429625677,14.195149440318726,1.870816162729886,-0.1386730044262961,0.8236356131357486,0.139597998005302,2022,2.536382780299555,-0.5572196179501935,-0.6655666175696688,0.4185466135238974,0.7862316389687282,2022-2023,0.7730457054539703,0.22695429454602967,38,1,2,41,3,A_high_drift_high_JS
604,2024,1688497.6230000001,56,0.32413304735816023,0.15593287910750098,2.2856307206657958,14.339350303290697,2.0499225973263586,-0.06834533803762256,0.8109872782354558,0.15098935707232974,2023,1.870816162729886,-0.1386730044262961,0.17910643459647257,0.07032766638867353,0.19241906239647116,2023-2024,0.8180127965112682,0.18198720348873176,36,0,0,36,3,C_low_drift_high_JS
608,2019,48715531.273,66,0.16204784005661232,0.09568665557987652,2.7101122646404896,17.7015084750469,3.3007053440355816,0.4193590697085407,0.8257894310170636,0.1389884275239703,2018,3.2388300065042612,0.4441209356467747,0.06187533753132035,-0.024761865938233985,0.06664613566710297,2018-2019,0.8691796510383726,0.13082034896162742,46,0,0,46,1,C_low_drift_high_JS
608,2020,53158278.166999996,64,0.1802811778420107,0.09991376716011983,2.654917201807102,17.788784420461443,3.2200056071028755,0.3391397453938915,0.829907087217483,0.135658343738884,2019,3.3007053440355816,0.4193590697085407,-0.08069973693270605,-0.08021932431464918,0.1137874665088683,2019-2020,0.8006926862058572,0.1993073137941428,46,0,1,47,1,C_low_drift_high_JS
608,2021,59214889.141,64,0.19067126467323703,0.10217664169345184,2.633052853755309,17.896683590879743,3.103299243580455,0.3328032294403015,0.8221884761128052,0.14222676506674978,2020,3.2200056071028755,0.3391397453938915,-0.11670636352242036,-0.006336515953590027,0.11687825598056052,2020-2021,0.8800312027053412,0.11996879729465881,44,0,0,44,1,C_low_drift_high_JS
608,2022,65098048.621,66,0.19121048574695032,0.1058578851289868,2.6472466382206594,17.99140514699113,3.2286002877801128,0.3511245652328278,0.8376904997283527,0.12527962862764733,2021,3.103299243580455,0.3328032294403015,0.1253010441996576,0.018321335792526316,0.12663341984937093,2021-2022,0.8883083007199422,0.11169169928005784,42,0,0,42,1,C_low_drift_high_JS
608,2023,67760304.482,64,0.22666867931622176,0.12278075397698723,2.50814923204726,18.03148711659189,3.005876468863952,0.4242802655888126,0.8236356131357486,0.139597998005302,2022,3.2286002877801128,0.3511245652328278,-0.2227238189161609,0.07315570035598479,0.23443049291244827,2022-2023,0.815149460648125,0.184850539351875,44,0,0,44,1,C_low_drift_high_JS
608,2024,78005939.51,67,0.2096441484421011,0.12559800775916985,2.452142666974504,18.172295542138425,2.9904520284923626,0.5260870726960897,0.8109872782354558,0.15098935707232974,2023,3.005876468863952,0.4242802655888126,-0.015424440371589299,0.10180680710727708,0.10296863276821264,2023-2024,0.9273094269818627,0.0726905730181373,46,0,0,46,1,C_low_drift_high_JS
616,2019,15387651.011,49,0.4304668318292938,0.22892160110828727,1.9996997820177904,16.549075928288765,1.7070490608334152,0.6111029376221788,0.8257894310170636,0.1389884275239703,2018,2.4660851325423145,-0.1860286624633507,-0.7590360717088993,0.7971316000855295,1.100706385013821,2018-2019,0.7629307449315927,0.23706925506840726,31,1,0,32,1,A_high_drift_high_JS
616,2020,18537019.601999998,60,0.4041344367026365,0.2258114718627229,1.9301851043769656,16.73528040410943,2.020234902189573,0.7695024759951987,0.829907087217483,0.135658343738884,2019,1.7070490608334152,0.6111029376221788,0.3131858413561579,0.1583995383730199,0.350964079333983,2019-2020,0.8605507175413034,0.1394492824586966,32,0,0,32,1,C_low_drift_high_JS
616,2021,19498781.861,64,0.34077381230107395,0.18635699053535162,2.0908418153140724,16.785862604201313,2.2895991613277724,0.6263293736465516,0.8221884761128052,0.14222676506674978,2020,2.020234902189573,0.7695024759951987,0.2693642591381993,-0.1431731023486471,0.3050502275645884,2020-2021,0.90170619546358,0.09829380453642,34,0,0,34,1,C_low_drift_high_JS
616,2022,14251562.26,63,0.2645070625401036,0.13297998964275196,2.3889334458276825,16.4723771611182,2.6918758174690876,0.24552210572699054,0.8376904997283527,0.12527962862764733,2021,2.2895991613277724,0.6263293736465516,0.40227665614131514,-0.3808072679195611,0.5539320205373565,2021-2022,0.7285965575028095,0.2714034424971905,36,0,0,36,1,A_high_drift_high_JS
616,2023,16476790.191,61,0.20007083471880568,0.11385727266694831,2.4385241920065353,16.617463354203306,2.825631372682968,0.08577127110256338,0.8236356131357486,0.139597998005302,2022,2.6918758174690876,0.24552210572699054,0.1337555552138805,-0.15975083462442716,0.2083527722728318,2022-2023,0.7426494040960003,0.25735059590399967,31,0,0,31,1,C_low_drift_high_JS
616,2024,20679852.253,62,0.23419105875369237,0.136836244836046,2.321785733403966,16.844670511496155,2.6219903045653443,0.29071983809071766,0.8109872782354558,0.15098935707232974,2023,2.825631372682968,0.08577127110256338,-0.20364106811762372,0.20494856698815428,0.28891798098177385,2023-2024,0.8098569468603409,0.19014305313965907,30,0,0,30,1,C_low_drift_high_JS
620,2019,907438.81,45,0.7346794545849322,0.5518125740816374,1.112352951326104,13.718382517852667,-0.26887413348471484,1.171545891767263,0.8257894310170636,0.1389884275239703,2018,-0.40312624908948275,1.3494714474643126,0.1342521156047679,-0.1779255556970496,0.22289265110016493,2018-2019,0.8537969012940756,0.1462030987059244,24,1,0,25,3,C_low_drift_high_JS
620,2020,1281247.085,44,0.8764945240831514,0.7704175913121021,0.6521400615345283,14.063345227233592,-1.0068921671783813,1.7398590395101077,0.829907087217483,0.135658343738884,2019,-0.26887413348471484,1.171545891767263,-0.7380180336936664,0.5683131477428447,0.931477563849203,2019-2020,0.8176119511621798,0.18238804883782023,25,1,0,26,3,A_high_drift_high_JS
620,2021,1212604.0219999999,54,0.8148505011308631,0.6709035169403164,0.8704199084144637,14.008281514125294,-0.4721362026933628,1.6203290829970558,0.8221884761128052,0.14222676506674978,2020,-1.0068921671783813,1.7398590395101077,0.5347559644850184,-0.11952995651305187,0.5479519614494635,2020-2021,0.8744446483100464,0.12555535168995358,26,1,0,27,3,A_high_drift_high_JS
620,2022,691426.451,51,0.5410838021295196,0.3299644430735579,1.666165441201482,13.446513509181642,0.9154707771654997,0.3651338739971135,0.8376904997283527,0.12527962862764733,2021,-0.4721362026933628,1.6203290829970558,1.3876069798588626,-1.2551952089999423,1.8710874226634744,2021-2022,0.7086784825413955,0.29132151745860446,27,0,1,28,3,B_high_drift_low_JS
620,2023,533495.872,52,0.4013309385081803,0.23257949324306762,1.895150926348486,13.187208486538996,1.4280593242613482,-0.05802461104175753,0.8236356131357486,0.139597998005302,2022,0.9154707771654997,0.3651338739971135,0.5125885470958484,-0.42315848503887105,0.6646879885135771,2022-2023,0.64832072268365,0.35167927731634996,29,1,0,30,3,B_high_drift_low_JS
620,2024,721023.583,53,0.3854689840290564,0.21652315603845979,1.9531536852670701,13.488428511386257,1.4948446716016472,-0.008187716630822144,0.8109872782354558,0.15098935707232974,2023,1.4280593242613482,-0.05802461104175753,0.06678534734029906,0.04983689441093539,0.08333065860708838,2023-2024,0.7299696540731738,0.2700303459268262,31,0,0,31,3,C_low_drift_high_JS
624,2020,5.92,1,1.0,1.0,-1.000088900581841e-12,1.9344157696295783,-4.056685612567592,-0.5537836751698653,0.829907087217483,0.135658343738884,2019,-1.17306959000457,-1.20391232813009,-2.883616022563022,0.6501286529602248,2.9559953705955055,2019-2020,1.1102230246251565e-16,0.9999999999999999,0,1,10,11,2,B_high_drift_low_JS
624,2021,377.3,3,0.9541478929234031,0.9116070783179183,0.21436801295064717,5.935687531638983,-3.2611215198964922,-0.07078415387296512,0.8221884761128052,0.14222676506674978,2020,-4.056685612567592,-0.5537836751698653,0.7955640926710998,0.48299952129690016,0.9307044445583276,2020-2021,0.02707858539249064,0.9729214146075094,1,2,0,3,2,B_high_drift_low_JS
624,2022,26653.2,3,0.9514054597571774,0.9075148928778211,0.19562718636179702,10.190702015675713,-2.909808911176808,0.6390772009044758,0.8376904997283527,0.12527962862764733,2021,-3.2611215198964922,-0.07078415387296512,0.35131260871968406,0.709861354777441,0.7920376834797027,2021-2022,0.07303095183200148,0.9269690481679985,2,1,1,4,2,B_high_drift_low_JS
624,2023,251.0,2,0.9960159362549801,0.9920636180378088,0.025989873529936855,5.529429087511423,-3.7550539693565206,0.050722814402057496,0.8236356131357486,0.139597998005302,2022,-2.909808911176808,0.6390772009044758,-0.8452450581797124,-0.5883543865024183,1.0298544035415211,2022-2023,0.07335746995368864,0.9266425300463114,1,1,2,4,2,B_high_drift_low_JS
624,2024,100.0,1,1.0,1.0,-1.000088900581841e-12,4.61512051684126,-3.9733746068439224,-0.05727392334408405,0.8109872782354558,0.15098935707232974,2023,-3.7550539693565206,0.050722814402057496,-0.21832063748740183,-0.10799673774614155,0.2435717473696701,2023-2024,0.9553356962149657,0.044664303785034276,1,0,1,2,2,C_low_drift_high_JS
626,2019,56087.288,15,0.47477603124615336,0.29623032397361176,1.5020073621133545,10.93468229966181,-0.09210376023194616,-0.8640518990532601,0.8257894310170636,0.1389884275239703,2018,-1.0318511401527317,-0.38673828153460477,0.9397473799207856,-0.4773136175186553,1.0540177548489051,2018-2019,0.2561537930813781,0.7438462069186219,8,7,3,18,3,B_high_drift_low_JS
626,2020,33106.03,11,0.5195192537432003,0.33317612388069556,1.387406919988959,10.407500925521239,-0.3010030514359461,-0.8866501354657873,0.829907087217483,0.135658343738884,2019,-0.09210376023194616,-0.8640518990532601,-0.20889929120399992,-0.02259823641252723,0.21011804814077734,2019-2020,0.5037933014189331,0.4962066985810669,5,6,9,20,3,D_low_drift_low_JS
626,2021,65194.0,2,0.9970549437064761,0.9941272341260963,0.020103405944630132,11.085138057857572,-3.108462557506066,0.9573999751396741,0.8221884761128052,0.14222676506674978,2020,-0.3010030514359461,-0.8866501354657873,-2.8074595060701197,1.8440501106054614,3.358920911341542,2020-2021,0.4635074391263888,0.5364925608736112,2,0,9,11,3,B_high_drift_low_JS
626,2022,169588.9,14,0.9050474411945594,0.822039098683146,0.4514704810033761,12.041138448679863,-2.13110827168718,0.9250762339671889,0.8376904997283527,0.12527962862764733,2021,-3.108462557506066,0.9573999751396741,0.977354285818886,-0.032323741172485265,0.9778886563673446,2021-2022,0.7846088620162673,0.21539113798373266,2,9,0,11,3,A_high_drift_high_JS
626,2023,47373.29,19,0.6865324320941188,0.5032434815991815,1.0913997226330696,10.765834955465037,-0.9030161130505353,-0.12403968092786595,0.8236356131357486,0.139597998005302,2022,-2.13110827168718,0.9250762339671889,1.228092158636645,-1.0491159148950548,1.6151948962867924,2022-2023,0.6657192170940978,0.33428078290590224,10,8,3,21,3,B_high_drift_low_JS
626,2024,51024.3,17,0.4272082125575461,0.28155727519067936,1.5484163204277341,10.840076867131609,0.0990679973350762,-0.9497879731494263,0.8109872782354558,0.15098935707232974,2023,-0.9030161130505353,-0.12403968092786595,1.0020841103856115,-0.8257482922215603,1.298473259791724,2023-2024,0.705382480256187,0.294617519743813,12,5,6,23,3,B_high_drift_low_JS
634,2019,4088141.703,53,0.7117663112960837,0.5228408660777502,1.217807446535955,15.22360131803528,0.21071042609973475,1.5151385771347359,0.8257894310170636,0.1389884275239703,2018,-1.1090028915922843,2.766179323586407,1.319713317692019,-1.2510407464516713,1.818446092183112,2018-2019,0.707477299796506,0.292522700203494,27,1,0,28,3,B_high_drift_low_JS
634,2020,2875558.9299999997,56,0.5815004768481653,0.3645327849371228,1.612908444146756,14.87175797151153,1.038521231747995,0.9095054483362044,0.829907087217483,0.135658343738884,2019,0.21071042609973475,1.5151385771347359,0.8278108056482603,-0.6056331287985315,1.0257008416913385,2019-2020,0.806700193381903,0.19329980661809698,31,2,0,33,3,A_high_drift_high_JS
634,2021,10110848.575,64,0.8666148400902147,0.7541077605826911,0.6823276855537572,16.12911962060158,-0.40142089727723695,2.4061252630264183,0.8221884761128052,0.14222676506674978,2020,1.038521231747995,0.9095054483362044,-1.439942129025232,1.4966198146902139,2.0768495864325582,2020-2021,0.685063877986894,0.31493612201310595,31,0,1,32,3,B_high_drift_low_JS
634,2022,4651595.321,61,0.5516840453456119,0.3524415585522708,1.5361289047927418,15.352721013490058,1.1754192061616746,0.9680376910260501,0.8376904997283527,0.12527962862764733,2021,-0.40142089727723695,2.4061252630264183,1.5768401034389115,-1.4380875720003683,2.1341322771925717,2021-2022,0.6895221045369566,0.3104778954630434,28,0,0,28,3,B_high_drift_low_JS
634,2023,6163363.335000001,62,0.760926404965869,0.5918121339670541,1.0082679542793935,15.634133344698773,0.10661174228786306,1.8308494927987713,0.8236356131357486,0.139597998005302,2022,1.1754192061616746,0.9680376910260501,-1.0688074638738116,0.8628118017727212,1.3736060571032216,2022-2023,0.799427209297767,0.200572790702233,28,0,0,28,3,A_high_drift_high_JS
634,2024,4455913.892,59,0.7252615908494311,0.5374340487594403,1.2023588251981074,15.309742960765924,0.18965606208373084,1.5692545364798574,0.8109872782354558,0.15098935707232974,2023,0.10661174228786306,1.8308494927987713,0.08304431979586778,-0.26159495631891394,0.2744599792717562,2023-2024,0.871979800369873,0.128020199630127,31,0,0,31,3,C_low_drift_high_JS
642,2019,589965.54,49,0.35103328238459486,0.17147996138732857,2.253074002604782,13.287821102409318,1.7419362560881786,-0.21741371822869854,0.8257894310170636,0.1389884275239703,2018,1.2423435035226136,-0.18791998872792537,0.499592752565565,-0.02949372950077317,0.5004625845114724,2018-2019,0.7763041299151945,0.22369587008480551,28,3,0,31,2,A_high_drift_high_JS
642,2020,1477503.425,46,0.6274009144851898,0.4134122350356404,1.5131279984092507,14.205865023181763,0.5519892638286689,0.7429466358489314,0.829907087217483,0.135658343738884,2019,1.7419362560881786,-0.21741371822869854,-1.1899469922595096,0.96036035407763,1.5291389256936612,2019-2020,0.3102076472433176,0.6897923527566824,28,0,4,32,2,B_high_drift_low_JS
642,2021,666794.539,52,0.2458542645622957,0.11714799406688524,2.4748212926259594,13.41023873967443,2.225622332246798,-0.5001665733616569,0.8221884761128052,0.14222676506674978,2020,0.5519892638286689,0.7429466358489314,1.673633068418129,-1.2431132092105883,2.084796896250695,2020-2021,0.3285205933955472,0.6714794066044528,26,1,2,29,2,B_high_drift_low_JS
642,2022,806528.789,55,0.24071723867503508,0.1400682325315677,2.4384536472349163,13.60049611200911,2.3029004057701,-0.4483497114703682,0.8376904997283527,0.12527962862764733,2021,2.225622332246798,-0.5001665733616569,0.07727807352330185,0.05181686189128876,0.09304239799002248,2021-2022,0.6477304621487283,0.3522695378512717,30,6,0,36,2,D_low_drift_low_JS
642,2023,870739.402,56,0.3639724632560041,0.1762389081332153,2.2918625082779105,13.6770991654859,1.9551763894407141,-0.12178922098064494,0.8236356131357486,0.139597998005302,2022,2.3029004057701,-0.4483497114703682,-0.34772401632938577,0.32656049048972324,0.47702593795424536,2022-2023,0.6674114565561888,0.33258854344381117,38,0,2,40,2,D_low_drift_low_JS
642,2024,986935.907,55,0.41937525533762954,0.21506821322247205,2.159873108743613,13.802361392360234,1.6340569322436478,0.08379069432801019,0.8109872782354558,0.15098935707232974,2023,1.9551763894407141,-0.12178922098064494,-0.32111945719706636,0.20557991530865513,0.3812883519973464,2023-2024,0.7715229598145188,0.2284770401854812,35,0,0,35,2,C_low_drift_high_JS
643,2019,70798949.078,65,0.1436079286826501,0.10170324439472553,2.5446917939404936,18.07535472914721,3.244562283960399,0.4780468886980466,0.8257894310170636,0.1389884275239703,2018,3.317464389427235,0.45038273118837974,-0.07290210546683618,0.027664157509666887,0.07797449962787427,2018-2019,0.8710830374313632,0.12891696256863683,39,0,0,39,1,C_low_drift_high_JS
643,2020,69205167.634,64,0.1632722527276813,0.10499423623205982,2.5079519179450616,18.05258610904142,3.1817194742011385,0.39849973946879347,0.829907087217483,0.135658343738884,2019,3.244562283960399,0.4780468886980466,-0.06284280975926038,-0.07954714922925316,0.10137538009270132,2019-2020,0.8971718009176355,0.10282819908236451,39,0,0,39,1,C_low_drift_high_JS
643,2021,76169860.206,65,0.16939688172072578,0.10768586382747697,2.497074324676428,18.148476420186356,3.096737418002094,0.40263866434574475,0.8221884761128052,0.14222676506674978,2020,3.1817194742011385,0.39849973946879347,-0.08498205619904464,0.004138924876951278,0.08508278659608315,2020-2021,0.8969469749171789,0.1030530250828211,39,0,0,39,1,C_low_drift_high_JS
643,2022,78040298.187,64,0.1520586391349381,0.10803515062243281,2.4734028564565915,18.17273590747657,3.1688460165519494,0.3260131992720256,0.8376904997283527,0.12527962862764733,2021,3.096737418002094,0.40263866434574475,0.07210859854985552,-0.07662546507371915,0.10521935127431635,2021-2022,0.8937951013955794,0.10620489860442062,43,0,0,43,1,C_low_drift_high_JS
643,2023,80001120.626,66,0.18466713296511816,0.11706845274217949,2.396157012608488,18.197551212864873,3.077514892859391,0.4416088236954098,0.8236356131357486,0.139597998005302,2022,3.1688460165519494,0.3260131992720256,-0.09133112369255825,0.11559562442338422,0.14732183321143366,2022-2023,0.8721091375661302,0.12789086243386982,45,0,0,45,1,C_low_drift_high_JS
643,2024,83176469.64,67,0.17649828952273863,0.1216968812668913,2.3443951312391036,18.236475060986923,2.9954990864378375,0.5068284275273495,0.8109872782354558,0.15098935707232974,2023,3.077514892859391,0.4416088236954098,-0.0820158064215537,0.06521960383193964,0.10478639810096026,2023-2024,0.8566180667453173,0.14338193325468274,46,0,0,46,1,C_low_drift_high_JS
646,2019,67687.23,19,0.8227696716204815,0.685100121318355,0.7794000901965757,11.12266758854207,-1.663541768279322,0.5229043173180852,0.8257894310170636,0.1389884275239703,2018,-1.2166312009237528,0.0912564554797352,-0.44691056735556933,0.43164786183834997,0.621328360726996,2018-2019,0.5726773514974474,0.42732264850255264,9,7,4,20,3,B_high_drift_low_JS
646,2020,53645.966,26,0.8366239504383237,0.7032362008179078,0.8062356447753563,10.890180194735597,-1.4250897553067243,0.6368826281990462,0.829907087217483,0.135658343738884,2019,-1.663541768279322,0.5229043173180852,0.23845201297259777,0.113978310880961,0.26429229622136347,2019-2020,0.7630052517059268,0.2369947482940732,15,5,2,22,3,C_low_drift_high_JS
646,2021,34792.669,17,0.3558105875694676,0.31416615419219296,1.2650751335867478,10.457190723924796,0.04302706750921132,-0.9933683952826812,0.8221884761128052,0.14222676506674978,2020,-1.4250897553067243,0.6368826281990462,1.4681168228159356,-1.6302510234817273,2.1938745189728555,2020-2021,0.3712203097876424,0.6287796902123576,14,2,4,20,3,B_high_drift_low_JS
646,2022,104823.801,15,0.8313283736009535,0.7005664633880976,0.6845950792497584,11.560045673635063,-1.6931721239944486,0.5271273822922592,0.8376904997283527,0.12527962862764733,2021,0.04302706750921132,-0.9933683952826812,-1.7361991915036599,1.5204957775749404,2.3078767389531842,2021-2022,0.3872389569839505,0.6127610430160495,12,2,4,18,3,B_high_drift_low_JS
646,2023,55159.600000000006,12,0.7842877758359378,0.6320768065266347,0.7909392545950565,10.918004209295505,-1.5936588939712353,0.15928396814986645,0.8236356131357486,0.139597998005302,2022,-1.6931721239944486,0.5271273822922592,0.09951323002321333,-0.36784341414239274,0.3810664775043652,2022-2023,0.7420385404240135,0.2579614595759865,8,2,5,15,3,C_low_drift_high_JS
646,2024,135341.6,24,0.5544474130644237,0.4251473871438824,1.1455276356011526,11.815564620478002,-0.38154822099741187,-0.14796411976394522,0.8109872782354558,0.15098935707232974,2023,-1.5936588939712353,0.15928396814986645,1.2121106729738234,-0.30724808791381164,1.2504453890769274,2023-2024,0.5419073949504016,0.45809260504959837,9,9,2,20,3,B_high_drift_low_JS
652,2021,9.19,1,1.0,1.0,-1.000088900581841e-12,2.321406847234633,-3.9890207691179382,-0.4577572122650037,0.8221884761128052,0.14222676506674978,2018,-4.0918674487790705,-0.5586284881414065,0.10284667966113226,0.10087127587640282,0.14405711997070092,2018-2021,0.0,1.0,0,1,1,2,3,D_low_drift_low_JS
652,2022,0.4,1,1.0,1.0,-1.000088900581841e-12,0.33647223662121295,-4.285761842913744,-0.8591279128357784,0.8376904997283527,0.12527962862764733,2021,-3.9890207691179382,-0.4577572122650037,-0.29674107379580583,-0.4013707005707747,0.4991529867226704,2021-2022,0.0,1.0,0,1,1,2,3,B_high_drift_low_JS
652,2024,1.55,3,0.6451612903225806,0.5046826222684704,0.818633622926479,0.9360933591703348,-2.3314755783993584,-2.0361618469435343,0.8109872782354558,0.15098935707232974,2022,-4.285761842913744,-0.8591279128357784,1.9542862645143857,-1.1770339341077558,2.281368818431332,2022-2024,1.1102230246251565e-16,0.9999999999999999,0,3,1,4,3,B_high_drift_low_JS
659,2022,3.4,1,1.0,1.0,-1.000088900581841e-12,1.4816045409242156,-4.17147613747715,-0.6608786625486779,0.8376904997283527,0.12527962862764733,2019,-2.305456982082093,-1.860000921456424,-1.866019155395057,1.199122258907746,2.2180896465448137,2019-2022,0.3576667141528602,0.6423332858471398,1,0,2,3,0,B_high_drift_low_JS
659,2023,0.4,1,1.0,1.0,-1.000088900581841e-12,0.33647223662121295,-4.324454347885753,-0.8185429088943305,0.8236356131357486,0.139597998005302,2022,-4.17147613747715,-0.6608786625486779,-0.1529782104086035,-0.15766424634565257,0.21968237852764064,2022-2023,0.0,1.0,0,1,1,2,0,D_low_drift_low_JS
659,2024,0.4,1,1.0,1.0,-1.000088900581841e-12,0.33647223662121295,-4.382645164507847,-0.7549575461245837,0.8109872782354558,0.15098935707232974,2023,-4.324454347885753,-0.8185429088943305,-0.058190816622093244,0.0635853627697468,0.08619321027613709,2023-2024,1.0,0.0,1,0,0,1,0,C_low_drift_high_JS
660,2019,122.7,2,0.8655256723716381,0.7672180343254762,0.3948045632849532,4.8178592793984425,-3.133179182903911,-0.6859479792114308,0.8257894310170636,0.1389884275239703,2018,-2.534990459419795,-0.585160464919927,-0.5981887234841157,-0.10078751429150379,0.6066200391848392,2018-2019,0.16045811344734406,0.8395418865526559,1,1,2,4,2,B_high_drift_low_JS
660,2020,78.9,6,0.38022813688212925,0.2596426465934482,1.5039467890083946,4.380775852772229,-0.5776277338316327,-2.3393721408874733,0.829907087217483,0.135658343738884,2019,-3.133179182903911,-0.6859479792114308,2.5555514490722784,-1.6534241616760426,3.0437895241408444,2019-2020,0.20622240242535872,0.7937775975746413,1,5,1,7,2,B_high_drift_low_JS
660,2021,45.0,3,0.7777777777777778,0.6385185185185185,0.6409067376186963,3.828641396489095,-2.475654866532714,-1.137786413797933,0.8221884761128052,0.14222676506674978,2020,-0.5776277338316327,-2.3393721408874733,-1.8980271327010814,1.2015857270895403,2.2464005110431193,2020-2021,0.31353240713868447,0.6864675928613155,1,2,5,8,2,B_high_drift_low_JS
660,2022,367.965,5,0.8723655782479313,0.7701377158342776,0.4868742146203179,5.910701788593382,-2.7611758907792705,-0.44060048885484604,0.8376904997283527,0.12527962862764733,2021,-2.475654866532714,-1.137786413797933,-0.28552102424655645,0.697185924943087,0.7533860028070274,2021-2022,0.0,1.0,0,5,3,8,2,B_high_drift_low_JS
660,2023,67.67,2,0.6975025860795036,0.5780145430161834,0.6129655287609812,4.229312422632585,-2.32029350947696,-1.3419512363326769,0.8236356131357486,0.139597998005302,2022,-2.7611758907792705,-0.44060048885484604,0.4408823813023104,-0.9013507474778308,1.0033994439512313,2022-2023,0.024947832040820517,0.9750521679591795,1,1,4,6,2,B_high_drift_low_JS
660,2024,1.7,1,1.0,1.0,-1.000088900581841e-12,0.9932517730102834,-4.319821461899979,-0.6478619644582031,0.8109872782354558,0.15098935707232974,2023,-2.32029350947696,-1.3419512363326769,-1.9995279524230187,0.6940892718744738,2.116570799631382,2023-2024,0.2994382660347451,0.7005617339652549,1,0,1,2,2,B_high_drift_low_JS
662,2020,7.904,3,0.7717611336032388,0.6218769976560835,0.6943982592000354,2.186500613973244,-2.5870478914358412,-1.4864559272802742,0.829907087217483,0.135658343738884,2018,-3.473005489652844,-0.34226428718364205,0.8859575982170029,-1.144191640096632,1.4470989513870367,2018-2020,0.06674518496472115,0.9332548150352789,1,2,1,4,2,B_high_drift_low_JS
662,2021,0.216,1,1.0,1.0,-1.000088900581841e-12,0.19556678354397528,-4.191461217070231,-0.800048663531762,0.8221884761128052,0.14222676506674978,2020,-2.5870478914358412,-1.4864559272802742,-1.6044133256343893,0.6864072637485122,1.7450779498921876,2020-2021,0.13291041618180666,0.8670895838181933,1,0,2,3,2,B_high_drift_low_JS
662,2022,16.362,2,0.9685246302408019,0.9390306582845604,0.13983387838722186,2.8542839099696162,-3.7767452372728996,-0.568171719413662,0.8376904997283527,0.12527962862764733,2021,-4.191461217070231,-0.800048663531762,0.414715979797331,0.2318769441181,0.4751381495026565,2021-2022,0.8738286529816541,0.12617134701834587,1,1,0,2,2,C_low_drift_high_JS
662,2023,54.43,2,0.9553555024802499,0.9146972672780818,0.18243358522013853,4.0151209634317135,-3.6109761101483735,-0.40863756768256265,0.8236356131357486,0.139597998005302,2022,-3.7767452372728996,-0.568171719413662,0.16576912712452607,0.1595341517310993,0.23006640145007853,2022-2023,0.06835037538745847,0.9316496246125415,1,1,1,3,2,D_low_drift_low_JS
662,2024,42.55,5,0.9165687426556992,0.8431072036630715,0.3692557650652749,3.7739097032985116,-3.339479960607936,-0.5421835066872814,0.8109872782354558,0.15098935707232974,2023,-3.6109761101483735,-0.40863756768256265,0.2714961495404373,-0.13354593900471878,0.30256350910170177,2023-2024,0.001652916809831595,0.9983470831901684,1,4,1,6,2,D_low_drift_low_JS
674,2019,190.05,2,0.995264404104183,0.990573659945343,0.030072341749974266,5.252535173892909,-3.895120457289998,-0.012360785911041729,0.8257894310170636,0.1389884275239703,2018,-3.266043246452454,-0.3331812930938889,-0.629077210837544,0.32082050718284716,0.7061614086200144,2018-2019,0.806082585701364,0.19391741429863596,1,1,1,3,3,A_high_drift_high_JS
674,2020,224.0,1,1.0,1.0,-1.000088900581841e-12,5.41610040220442,-3.7093098178104826,0.025044671552984833,0.829907087217483,0.135658343738884,2019,-3.895120457289998,-0.012360785911041729,0.18581063947951515,0.03740545746402656,0.18953828634837727,2019-2020,0.9512983392328996,0.04870166076710036,1,0,1,2,3,C_low_drift_high_JS
674,2021,428.98,5,0.642640682549303,0.5305531728268399,0.7224860232274583,6.063738695978002,-1.7698539386459664,-1.1019443364633132,0.8221884761128052,0.14222676506674978,2020,-3.7093098178104826,0.025044671552984833,1.9394558791645162,-1.126989008016298,2.243121336757191,2020-2021,0.5450874690829275,0.4549125309170725,1,4,0,5,3,B_high_drift_low_JS
674,2022,1289.78,4,0.36362790553427715,0.2798148583441843,1.3261553422732206,7.163001965790648,-0.46737525019288007,-1.905461548072269,0.8376904997283527,0.12527962862764733,2021,-1.7698539386459664,-1.1019443364633132,1.3024786884530863,-0.8035172116089557,1.5303890496296368,2021-2022,0.42559191576772926,0.5744080842322707,3,1,2,6,3,B_high_drift_low_JS
674,2023,1347.3700000000001,4,0.3856179074790147,0.31575584257147465,1.2481863629560181,7.20665173452148,-0.6199157131911978,-1.8103760735712866,0.8236356131357486,0.139597998005302,2022,-0.46737525019288007,-1.905461548072269,-0.1525404629983177,0.09508547450098237,0.17974938195392523,2022-2023,0.9064391568672081,0.0935608431327919,4,0,0,4,3,C_low_drift_high_JS
674,2024,893.55,5,0.44765262156566504,0.33083082091555865,1.2157254173168714,6.796320798535832,-0.8478263260864892,-1.681372350300581,0.8109872782354558,0.15098935707232974,2023,-0.6199157131911978,-1.8103760735712866,-0.22791061289529146,0.12900372327070553,0.2618877776606082,2023-2024,0.6660546281571809,0.33394537184281914,3,2,1,6,3,D_low_drift_low_JS
678,2019,4818.0,2,0.979244499792445,0.9593505811626215,0.10096499987558925,8.480321716640333,-3.4284791967201875,0.45856432721109996,0.8257894310170636,0.1389884275239703,2018,-3.310412609604699,0.508063498389874,-0.11806658711548845,-0.049499171178774004,0.12802299379597712,2018-2019,0.8773428235567926,0.1226571764432074,1,1,3,5,1,C_low_drift_high_JS
678,2020,2061.0,1,1.0,1.0,-1.000088900581841e-12,7.631431664576906,-3.488281051816879,0.3933423973278207,0.829907087217483,0.135658343738884,2019,-3.4284791967201875,0.45856432721109996,-0.05980185509669145,-0.06522192988327924,0.08848820266399965,2019-2020,0.8977441752999188,0.10225582470008121,1,0,1,2,1,C_low_drift_high_JS
678,2021,270.0,1,1.0,1.0,-1.000088900581841e-12,5.602118820879701,-3.6766036626333927,0.07048556659091744,0.8221884761128052,0.14222676506674978,2020,-3.488281051816879,0.3933423973278207,-0.1883226108165137,-0.3228568307369033,0.37376722555385394,2020-2021,0.0,1.0,0,1,1,2,1,D_low_drift_low_JS
678,2022,787.8,2,0.8377760853008378,0.7281853676023178,0.4433393061658262,6.6705128032884256,-2.6420460392434557,-0.4673350217263103,0.8376904997283527,0.12527962862764733,2021,-3.6766036626333927,0.07048556659091744,1.034557623389937,-0.5378205883172278,1.166001913091108,2021-2022,0.7062595292304326,0.29374047076956744,1,1,0,2,1,B_high_drift_low_JS
678,2023,1460.0,1,1.0,1.0,-1.000088900581841e-12,7.2868764117507,-3.6369499038792297,0.34838693166763995,0.8236356131357486,0.139597998005302,2022,-2.6420460392434557,-0.4673350217263103,-0.994903864635774,0.8157219533939503,1.2865597557502102,2022-2023,0.7062595292304326,0.29374047076956744,1,0,1,2,1,B_high_drift_low_JS
678,2024,12419.0,4,0.8503100088573959,0.7376727581717207,0.5158024735301283,9.42706335548747,-2.436096318766102,0.07768984999378975,0.8109872782354558,0.15098935707232974,2023,-3.6369499038792297,0.34838693166763995,1.2008535851131277,-0.2706970816738502,1.2309858824965423,2023-2024,0.14703731919092267,0.8529626808090773,1,3,0,4,1,B_high_drift_low_JS
682,2019,13042545.118999999,62,0.33736316568996183,0.15229394497854964,2.4271764641517817,16.383727349927636,2.5054537979761338,0.5281002342852118,0.8257894310170636,0.1389884275239703,2018,1.384003265300998,1.4554722304575702,1.1214505326751358,-0.9273719961723584,1.4552216726403062,2018-2019,0.7171603173375107,0.28283968266248927,37,0,0,37,1,A_high_drift_high_JS
682,2020,11163104.22,62,0.19560285140829758,0.0953213696201858,2.6476564646214804,16.228124721734048,2.9998850822469847,0.05650601774435908,0.829907087217483,0.135658343738884,2019,2.5054537979761338,0.5281002342852118,0.4944312842708509,-0.4715942165408527,0.6832740299034522,2019-2020,0.7713275610084634,0.22867243899153655,40,0,0,40,1,A_high_drift_high_JS
682,2021,10110132.649,65,0.24438493873217232,0.11712657691051881,2.536223005786389,16.129048810394934,2.7818936727136023,0.1947421438737192,0.8221884761128052,0.14222676506674978,2020,2.9998850822469847,0.05650601774435908,-0.21799140953338236,0.1382361261293601,0.25812687035177717,2020-2021,0.775099386273295,0.224900613726705,40,0,0,40,1,C_low_drift_high_JS
682,2022,10013854.03,63,0.24134985518657498,0.115098392974674,2.532419057388058,16.119480195034665,2.81094379163258,0.08897122113923296,0.8376904997283527,0.12527962862764733,2021,2.7818936727136023,0.1947421438737192,0.029050118918977574,-0.10577092273448623,0.10968772723195332,2021-2022,0.8043973577156922,0.1956026422843078,42,0,0,42,1,C_low_drift_high_JS
682,2023,10469870.169,64,0.24040530010129105,0.12868261102429498,2.4615421644571986,16.164012277995464,2.7589967824609833,0.15211166149751532,0.8236356131357486,0.139597998005302,2022,2.81094379163258,0.08897122113923296,-0.05194700917159656,0.06314044035828235,0.08176311497559122,2022-2023,0.7879119439050472,0.21208805609495285,43,0,0,43,1,C_low_drift_high_JS
682,2024,9989012.294,63,0.29477544359101976,0.1356910134557106,2.4561570138059494,16.11699637637735,2.5491487870063163,0.2531475931113005,0.8109872782354558,0.15098935707232974,2023,2.7589967824609833,0.15211166149751532,-0.20984799545466704,0.10103593161378516,0.23290435949850194,2023-2024,0.7818829843361748,0.21811701566382524,40,0,0,40,1,C_low_drift_high_JS
686,2019,1066896.05,37,0.8472135968635369,0.7227645275966521,0.7425947826849462,13.880265040155578,-1.115789862118816,1.5150130462418165,0.8257894310170636,0.1389884275239703,2018,-0.22243402266058473,0.7227230905258264,-0.8933558394582313,0.7922899557159901,1.194072037116089,2018-2019,0.74104352868248,0.25895647131752,23,5,3,31,1,A_high_drift_high_JS
686,2020,1485277.899,31,0.7824333754527912,0.6308964585157817,0.8326665032649431,14.211113123359112,-0.7670993597945769,1.111410041016551,0.829907087217483,0.135658343738884,2019,-1.115789862118816,1.5150130462418165,0.34869050232423915,-0.4036030052252655,0.5333670895715219,2019-2020,0.7438917109237628,0.25610828907623717,21,1,6,28,1,A_high_drift_high_JS
686,2021,1697520.348,34,0.9529253077324527,0.9085410219785336,0.29507785593434743,14.344679714477294,-1.7884567092761072,1.9122145402285282,0.8221884761128052,0.14222676506674978,2020,-0.7670993597945769,1.111410041016551,-1.0213573494815305,0.8008044992119772,1.2978669736525708,2020-2021,0.7111764914952093,0.28882350850479066,19,7,1,27,1,B_high_drift_low_JS
686,2022,1766546.675,31,0.8063528805430515,0.666622925002874,0.7558011980232884,14.384537733812289,-0.9471757506846538,1.225926728875251,0.8376904997283527,0.12527962862764733,2021,-1.7884567092761072,1.9122145402285282,0.8412809585914535,-0.6862878113532773,1.0857000558628642,2021-2022,0.7159890559503903,0.2840109440496097,22,0,4,26,1,B_high_drift_low_JS
686,2023,2206700.478,31,0.876382644260251,0.7731460868039165,0.5535232995754192,14.60700941464935,-1.3892544083981806,1.5596700491306361,0.8236356131357486,0.139597998005302,2022,-0.9471757506846538,1.225926728875251,-0.44207865771352683,0.3337433202553852,0.55391167474687,2022-2023,0.8534696165441248,0.1465303834558752,22,0,1,23,1,A_high_drift_high_JS
686,2024,4937727.586,32,0.7913126923158696,0.6578283885378513,0.6613470258256035,15.412415983018626,-0.9839948924122762,1.4138679939610508,0.8109872782354558,0.15098935707232974,2023,-1.3892544083981806,1.5596700491306361,0.4052595159859044,-0.14580205516958533,0.43068958031139354,2023-2024,0.3256959209409509,0.6743040790590491,18,2,2,22,1,D_low_drift_low_JS
688,2019,1759723.99,25,0.44817171015552276,0.3627048111484224,1.230011625016413,14.380668099123325,0.2652843164996252,0.07273055934337212,0.8257894310170636,0.1389884275239703,2018,0.4419308846428377,-0.0012069961615441807,-0.1766465681432125,0.0739375555049163,0.1914961413470705,2018-2019,0.9177344749116163,0.0822655250883837,15,0,2,17,1,C_low_drift_high_JS
688,2020,1945836.3649999998,31,0.5123688106219559,0.35089876192439007,1.3308869751962837,14.481202964237642,0.46524867466702163,0.2473708471902432,0.829907087217483,0.135658343738884,2019,0.2652843164996252,0.07273055934337212,0.19996435816739644,0.17464028784687108,0.2654900651183332,2019-2020,0.8072404071315752,0.1927595928684248,15,3,1,19,1,C_low_drift_high_JS
688,2021,2032996.431,36,0.4283829394484559,0.3128725014308924,1.4348958651739074,14.525021828959906,0.7835943894409503,0.13035310666752806,0.8221884761128052,0.14222676506674978,2020,0.46524867466702163,0.2473708471902432,0.31834571477392865,-0.11701774052271513,0.3391712630986962,2020-2021,0.8758773488909465,0.12412265110905352,18,3,0,21,1,C_low_drift_high_JS
688,2022,3334692.604,35,0.6270276452144014,0.4511434951664271,1.1288310713429623,15.019891360247723,0.0841104784199687,0.7532062172061446,0.8376904997283527,0.12527962862764733,2021,0.7835943894409503,0.13035310666752806,-0.6994839110209816,0.6228531105386165,0.9366022309843376,2021-2022,0.8134197799207896,0.18658022007921038,20,0,0,20,1,A_high_drift_high_JS
688,2023,3878299.081,39,0.6358011544494394,0.46863706406671374,1.0610570105083594,15.170907492141726,0.05843585845225093,0.9015396850139215,0.8236356131357486,0.139597998005302,2022,0.0841104784199687,0.7532062172061446,-0.02567461996771777,0.1483334678077769,0.15053904404627896,2022-2023,0.9260852801311446,0.07391471986885545,15,0,0,15,1,C_low_drift_high_JS
688,2024,3719149.857,43,0.6290083301152659,0.4734627285577411,1.0339312086844685,15.129005935945768,0.029275215573383504,1.0069305286477985,0.8109872782354558,0.15098935707232974,2023,0.05843585845225093,0.9015396850139215,-0.029160642878867427,0.10539084363387707,0.10935068822357347,2023-2024,0.9150762572864966,0.08492374271350345,17,0,0,17,1,C_low_drift_high_JS
690,2019,28299.36,14,0.38594229692826976,0.23665136478805535,1.64099303494769,10.250629804398477,0.15000522611413575,-1.2628443516400387,0.8257894310170636,0.1389884275239703,2018,-0.30026393379508115,-0.8585976364515453,0.4502691599092169,-0.4042467151884934,0.6051096785757429,2018-2019,0.42214187320517027,0.5778581267948297,8,4,5,17,2,B_high_drift_low_JS
690,2020,24313.35,17,0.48968982061295546,0.35032370081899084,1.2536439845104455,10.098821990010899,-0.26300625514749076,-0.8008484989674106,0.829907087217483,0.135658343738884,2019,0.15000522611413575,-1.2628443516400387,-0.4130114812616265,0.4619958526726281,0.6196923846075821,2019-2020,0.6975840650486558,0.3024159349513442,10,5,2,17,2,B_high_drift_low_JS
690,2021,35476.4,17,0.4758374581411868,0.37477067867241126,1.12484421597516,10.47665115301682,-0.3408008777197716,-0.6936816117741077,0.8221884761128052,0.14222676506674978,2020,-0.26300625514749076,-0.8008484989674106,-0.07779462257228081,0.10716688719330292,0.13242637581639746,2020-2021,0.6581155562147032,0.3418844437852968,11,3,5,19,2,D_low_drift_low_JS
690,2022,54792.151,18,0.9573670506200788,0.9178241528424183,0.20410237922338578,10.911320483373412,-2.557703011867676,1.0770302965423282,0.8376904997283527,0.12527962862764733,2021,-0.3408008777197716,-0.6936816117741077,-2.216902134147904,1.7707119083164358,2.837265538267993,2021-2022,0.4456816311392128,0.5543183688607872,9,3,5,17,2,B_high_drift_low_JS
690,2023,53761.218,18,0.9483230086044553,0.9004149652878237,0.26813016959896585,10.892326231786443,-2.5245901802862987,1.0226929475283881,0.8236356131357486,0.139597998005302,2022,-2.557703011867676,1.0770302965423282,0.03311283158137712,-0.05433734901394005,0.06363180897318084,2022-2023,0.9318697130154421,0.06813028698455792,9,4,1,14,2,C_low_drift_high_JS
690,2024,53300.279,17,0.9813550882163299,0.9633042333766064,0.10526480492600526,10.883715606113686,-2.8990522074849085,1.200541311079638,0.8109872782354558,0.15098935707232974,2023,-2.5245901802862987,1.0226929475283881,-0.3744620271986099,0.17784836355124978,0.41455017818299145,2023-2024,0.8621866316865021,0.13781336831349789,10,1,4,15,2,C_low_drift_high_JS
694,2019,40245.28,15,0.5174644082486195,0.3305676924705756,1.3902307611932918,10.602772856215251,-0.32520892154505004,-0.7789500075738245,0.8257894310170636,0.1389884275239703,2018,0.4017414601080962,-1.4328508821829042,-0.7269503816531462,0.6539008746090798,0.977774621883885,2018-2019,0.19772330543373284,0.8022766945662672,7,5,2,14,2,B_high_drift_low_JS
694,2020,22474.449999999997,12,0.7553510764445849,0.603360094861267,0.8108291250689317,10.02017888138632,-1.4954869456546496,-0.0681181071108332,0.829907087217483,0.135658343738884,2019,-0.32520892154505004,-0.7789500075738245,-1.1702780241095996,0.7108319004629913,1.3692452827852637,2019-2020,0.5723069237146821,0.42769307628531794,8,4,5,17,2,B_high_drift_low_JS
694,2021,24520.9,16,0.28476116292632,0.20267329579018561,1.815697156935478,10.107321874813216,0.6085758885869031,-1.4595518741143012,0.8221884761128052,0.14222676506674978,2020,-1.4954869456546496,-0.0681181071108332,2.1040628342415526,-1.391433767003468,2.5225321283175077,2020-2021,0.20184781510206962,0.7981521848979304,8,5,4,17,2,B_high_drift_low_JS
694,2022,19809.19,10,0.7849987808688796,0.6283343246318647,0.8394278260037291,9.8939517307622,-1.669448451838636,-0.0653370585709142,0.8376904997283527,0.12527962862764733,2021,0.6085758885869031,-1.4595518741143012,-2.278024340425539,1.394214815543387,2.670810709775572,2021-2022,0.18458858712869897,0.815411412871301,6,3,7,16,2,B_high_drift_low_JS
694,2023,550285.999,14,0.9154585086944944,0.8413519000293602,0.37758423933708013,13.218195237473475,-2.1525862642328755,1.174146872820113,0.8236356131357486,0.139597998005302,2022,-1.669448451838636,-0.0653370585709142,-0.48313781239423936,1.239483931391027,1.3303167148997441,2022-2023,0.07732337747631524,0.9226766225236848,5,5,3,13,2,B_high_drift_low_JS
694,2024,10548.92,13,0.6531474312062278,0.4518225920947219,1.2585030470805307,9.263873555937073,-0.9928057025865781,-0.6359407118759192,0.8109872782354558,0.15098935707232974,2023,-2.1525862642328755,1.174146872820113,1.1597805616462975,-1.8100875846960323,2.149769293539034,2023-2024,0.5847852089428696,0.41521479105713044,6,7,4,17,2,B_high_drift_low_JS
699,2019,25353535.31,59,0.3202530519204345,0.19551627535804506,2.099711243460701,17.048428777680613,2.279594305278237,0.6813292984066687,0.8257894310170636,0.1389884275239703,2018,2.5185813125908023,0.5698692184709346,-0.2389870073125655,0.11146007993573404,0.26370085150316913,2018-2019,0.8615129568746476,0.13848704312535243,36,1,0,37,1,C_low_drift_high_JS
699,2020,23972040.206,59,0.33249831547525144,0.20034531025952057,2.099140889571378,16.99239875948081,2.2891800776532554,0.6037904362781741,0.829907087217483,0.135658343738884,2019,2.279594305278237,0.6813292984066687,0.009585772375018564,-0.07753886212849459,0.07812913779255062,2019-2020,0.8750736787468675,0.12492632125313252,36,0,0,36,1,C_low_drift_high_JS
699,2021,25616099.545,61,0.32071122754531756,0.18892412985493642,2.1231397736666753,17.058731639296813,2.3052195810962814,0.5715209404497801,0.8221884761128052,0.14222676506674978,2020,2.2891800776532554,0.6037904362781741,0.01603950344302607,-0.032269495828394,0.036035899207839714,2020-2021,0.8721238920282719,0.1278761079717281,35,0,0,35,1,C_low_drift_high_JS
699,2022,28563075.501,62,0.3095678121107943,0.16468145342302615,2.215988819798775,17.167625410257457,2.5084821872234393,0.5022385943619523,0.8376904997283527,0.12527962862764733,2021,2.3052195810962814,0.5715209404497801,0.20326260612715785,-0.0692823460878278,0.21474573460033533,2021-2022,0.8671506992171389,0.13284930078286106,37,0,0,37,1,C_low_drift_high_JS
699,2023,33259678.732,64,0.28858952340886973,0.16978420073890177,2.1977071460823856,17.319856402458402,2.5608491794698645,0.5412145419087304,0.8236356131357486,0.139597998005302,2022,2.5084821872234393,0.5022385943619523,0.05236699224642516,0.038975947546778134,0.06527960143954889,2022-2023,0.8811584306577406,0.11884156934225942,35,0,1,36,1,C_low_drift_high_JS
699,2024,30541612.908,62,0.2433647942690375,0.14484836169191975,2.2752344069540142,17.23460070206902,2.600996546407308,0.391405879206768,0.8109872782354558,0.15098935707232974,2023,2.5608491794698645,0.5412145419087304,0.040147366937443696,-0.14980866270196241,0.15509495959753203,2023-2024,0.8701228421783105,0.12987715782168952,33,0,0,33,1,C_low_drift_high_JS
702,2019,39260121.223,67,0.4293382425962868,0.2169255715644029,2.1768584498184413,17.485719859976363,2.3125288543589035,1.130161836713891,0.8257894310170636,0.1389884275239703,2018,2.2209768266167513,1.192730059081272,0.09155202774215221,-0.06256822236738091,0.1108898382806731,2018-2019,0.931440574434854,0.06855942556514605,41,0,0,41,1,C_low_drift_high_JS
702,2020,37458520.16,67,0.3064992067748573,0.13840907667386496,2.481675695246966,17.438744776357915,2.864711713708877,0.6364361731228031,0.829907087217483,0.135658343738884,2019,2.3125288543589035,1.130161836713891,0.5521828593499736,-0.49372566359108794,0.7407232553716487,2019-2020,0.8336764976769719,0.16632350232302806,41,0,0,41,1,A_high_drift_high_JS
702,2021,34123815.149,66,0.24693311671649157,0.11542350614683766,2.533704174551763,17.345506119263234,2.9144943826491394,0.4140573636305771,0.8221884761128052,0.14222676506674978,2020,2.864711713708877,0.6364361731228031,0.04978266894026229,-0.222378809492226,0.22788297224232332,2020-2021,0.8670042163101181,0.13299578368988185,42,0,0,42,1,C_low_drift_high_JS
702,2022,31686475.697,67,0.23563179242136087,0.10969448015380179,2.5752581112381323,17.27140054520843,3.0506767365047027,0.3396423384144271,0.8376904997283527,0.12527962862764733,2021,2.9144943826491394,0.4140573636305771,0.13618235385556332,-0.07441502521615001,0.15518772335324113,2021-2022,0.9393540333328968,0.0606459666671032,38,0,0,38,1,C_low_drift_high_JS
702,2023,37108605.103,67,0.34070813704549285,0.15683811170409673,2.3965764092547537,17.42935947110795,2.681530526335337,0.6446122893771954,0.8236356131357486,0.139597998005302,2022,3.0506767365047027,0.3396423384144271,-0.36914621016936566,0.3049699509627683,0.4788273127888997,2022-2023,0.8798357326008169,0.12016426739918307,42,0,0,42,1,C_low_drift_high_JS
702,2024,32979793.362999998,67,0.2721011501566212,0.12440605837274459,2.5138994118130564,17.311405639873133,2.8370266778586553,0.46729846745420006,0.8109872782354558,0.15098935707232974,2023,2.681530526335337,0.6446122893771954,0.1554961515233182,-0.17731382192299533,0.2358373265272112,2023-2024,0.9104175309408301,0.08958246905916989,43,0,0,43,1,C_low_drift_high_JS
703,2019,4503057.6450000005,42,0.4929343070845809,0.3298867708950388,1.4496348747258436,15.320267422738766,0.8277390819052257,0.6054902190269515,0.8257894310170636,0.1389884275239703,2018,0.8039639596657546,0.7347818216665224,0.02377512223947109,-0.12929160263957085,0.13145940419236074,2018-2019,0.8826931635310287,0.11730683646897133,27,0,0,27,1,C_low_drift_high_JS
703,2020,4885305.307,43,0.42348718247672046,0.2584818013246747,1.6867845857806456,15.401742545075628,1.311801145630366,0.31308251570135953,0.829907087217483,0.135658343738884,2019,0.8277390819052257,0.6054902190269515,0.48406206372514027,-0.292407703325592,0.5655248416311959,2019-2020,0.7975686420535125,0.20243135794648748,29,0,1,30,1,A_high_drift_high_JS
703,2021,6274205.528,46,0.4248730836284456,0.27729527919009267,1.5681623902222626,15.651957585265567,1.2299558522043286,0.43880931270939433,0.8221884761128052,0.14222676506674978,2020,1.311801145630366,0.31308251570135953,-0.08184529342603741,0.1257267970080348,0.15001959719281263,2020-2021,0.8680650645778518,0.13193493542214818,28,1,0,29,1,C_low_drift_high_JS
703,2022,6584268.617,46,0.3940635965703038,0.2631317796512239,1.5992708851262323,15.700193970834745,1.366863916494335,0.3510540669677885,0.8376904997283527,0.12527962862764733,2021,1.2299558522043286,0.43880931270939433,0.13690806429000646,-0.08775524574160581,0.16261857588481757,2021-2022,0.8973462137103057,0.10265378628969435,27,0,0,27,1,C_low_drift_high_JS
703,2023,5904424.332,48,0.43147004411470874,0.2750888970975863,1.579527945259023,15.591212683995508,1.271850041480375,0.4427191834065065,0.8236356131357486,0.139597998005302,2022,1.366863916494335,0.3510540669677885,-0.09501387501395997,0.091665116438718,0.13202321771905173,2022-2023,0.8940102722948304,0.10598972770516957,26,0,0,26,1,C_low_drift_high_JS
703,2024,5995245.697000001,52,0.4062157716436287,0.2637517065545694,1.6145658611554632,15.60647749605581,1.3537808997945375,0.4983673195985192,0.8109872782354558,0.15098935707232974,2023,1.271850041480375,0.4427191834065065,0.08193085831416247,0.0556481361920127,0.09904231724742793,2023-2024,0.8973367131420094,0.10266328685799064,25,1,0,26,1,C_low_drift_high_JS
704,2019,130505543.139,67,0.15570873474973002,0.08496652421745662,2.753186573743909,18.686926267648364,3.4814009771575076,0.5772896690796974,0.8257894310170636,0.1389884275239703,2018,3.4679904662733665,0.5945734876630848,0.013410510884141136,-0.017283818583387456,0.021876292807446088,2018-2019,0.9196684526658814,0.08033154733411862,49,0,0,49,1,C_low_drift_high_JS
704,2020,136646694.714,67,0.14254738777815704,0.07695543274543919,2.837056232412611,18.732909289394694,3.584122109021465,0.4273681203393385,0.829907087217483,0.135658343738884,2019,3.4814009771575076,0.5772896690796974,0.10272113186395737,-0.14992154874035885,0.18173635219218062,2019-2020,0.8496131799578844,0.15038682004211557,48,0,0,48,1,C_low_drift_high_JS
704,2021,147642057.215,67,0.1454543280897754,0.07877839983865283,2.7985267371165494,18.810301376796986,3.461509984882293,0.40297721441590684,0.8221884761128052,0.14222676506674978,2020,3.584122109021465,0.4273681203393385,-0.122612124139172,-0.024390905923431683,0.1250145962585386,2020-2021,0.9047706310841774,0.09522936891582257,49,0,0,49,1,C_low_drift_high_JS
704,2022,151293513.878,67,0.15049198010140755,0.07998819487357647,2.805450025258981,18.834732315169763,3.539693610160844,0.37896289448505505,0.8376904997283527,0.12527962862764733,2021,3.461509984882293,0.40297721441590684,0.07818362527855083,-0.02401431993085179,0.08178854946407937,2021-2022,0.8783579622128282,0.12164203778717175,48,0,0,48,1,C_low_drift_high_JS
704,2023,149907774.342,67,0.18026570422791502,0.09639455268506533,2.6894298323292563,18.825530831921075,3.379141603739049,0.4651871449547817,0.8236356131357486,0.139597998005302,2022,3.539693610160844,0.37896289448505505,-0.16055200642179468,0.08622425046972665,0.1822404130129488,2022-2023,0.8487081783306033,0.1512918216693967,47,0,0,47,1,C_low_drift_high_JS
704,2024,167996919.761,66,0.18687519321582305,0.10215124188770003,2.6143572227076284,18.93945620839599,3.223460495713427,0.5210483237565813,0.8109872782354558,0.15098935707232974,2023,3.379141603739049,0.4651871449547817,-0.15568110802562218,0.05586117880179958,0.16539975421146208,2023-2024,0.9226616022660195,0.07733839773398055,48,0,0,48,1,C_low_drift_high_JS
705,2019,2209703.0530000003,38,0.4175825338826646,0.2532841883497008,1.7386658451505133,14.60836915185715,1.0964068098583868,0.09549779901397801,0.8257894310170636,0.1389884275239703,2018,0.9648874962466005,-0.12060446564041721,0.13151931361178626,0.21610226465439522,0.2529773085509324,2018-2019,0.751932498530798,0.24806750146920198,22,4,0,26,1,C_low_drift_high_JS
705,2020,762447.632,34,0.3815434120201976,0.2626065978183089,1.6894882277113115,13.544290417325534,1.0104046802610995,-0.2512322595865115,0.829907087217483,0.135658343738884,2019,1.0964068098583868,0.09549779901397801,-0.08600212959728726,-0.34673005860048955,0.3572367559929514,2019-2020,0.28573513642846815,0.7142648635715318,24,1,2,27,1,D_low_drift_low_JS
705,2021,608302.912,47,0.42657485585076405,0.24218614690126544,1.8539564730519624,13.318429891325435,1.2457815735893105,-0.029156619651366966,0.8221884761128052,0.14222676506674978,2020,1.0104046802610995,-0.2512322595865115,0.235376893328211,0.22207563993514456,0.3236044989882619,2020-2021,0.2733441240709743,0.7266558759290257,23,1,1,25,1,D_low_drift_low_JS
705,2022,1000497.455,40,0.3128872686637669,0.21197312603380314,1.8410490240924904,13.816008888776846,1.42598069735657,-0.34796110679502307,0.8376904997283527,0.12527962862764733,2021,1.2457815735893105,-0.029156619651366966,0.18019912376725955,-0.3188044871436561,0.366207625848258,2021-2022,0.55647341167596,0.44352658832404,27,1,0,28,1,D_low_drift_low_JS
705,2023,2692160.86,48,0.3160765887518326,0.21683417650992443,1.7705602684278308,14.80585509423939,1.6090476733778,-0.001583164435231517,0.8236356131357486,0.139597998005302,2022,1.42598069735657,-0.34796110679502307,0.18306697602123,0.3463779423597915,0.39177952557906937,2022-2023,0.7810327612529704,0.2189672387470296,29,0,0,29,1,C_low_drift_high_JS
705,2024,2020298.256,47,0.3765934850166004,0.2533513451908829,1.6610842563863186,14.518756204939427,1.2496048797981807,0.1419402457941933,0.8109872782354558,0.15098935707232974,2023,1.6090476733778,-0.001583164435231517,-0.3594427935796194,0.1435234102294248,0.38703758362748786,2023-2024,0.8086107279132748,0.19138927208672518,26,0,0,26,1,C_low_drift_high_JS
706,2019,115505.90000000001,4,0.9502943139701089,0.9044851011203356,0.23130283456209483,11.657085547419348,-2.8287129763005616,0.9001056792043703,0.8257894310170636,0.1389884275239703,2018,-1.7832100935856208,0.18713124388393598,-1.0455028827149409,0.7129744353204344,1.2654678277956115,2018-2019,0.6263543280845749,0.3736456719154251,2,2,4,8,2,B_high_drift_low_JS
706,2020,162243.223,4,0.9991788686298472,0.9983589765448636,0.006942600289980849,11.996858028385448,-2.983335461395098,1.1786915579999802,0.829907087217483,0.135658343738884,2019,-2.8287129763005616,0.9001056792043703,-0.15462248509453635,0.2785858787956098,0.31861921593201553,2019-2020,0.00043882618084067904,0.9995611738191593,1,1,3,5,2,D_low_drift_low_JS
706,2021,223730.25,8,0.9850254938704087,0.9703812411721782,0.09138513056583034,12.318200833743099,-2.771597035272941,1.2160056829715373,0.8221884761128052,0.14222676506674978,2020,-2.983335461395098,1.1786915579999802,0.2117384261221571,0.03731412497155717,0.21500117445977165,2020-2021,0.9164447153917147,0.08355528460828532,2,2,0,4,2,C_low_drift_high_JS
706,2022,303228.0,9,0.9928832429722849,0.9858417798345754,0.05004158264810823,12.622243574614519,-2.8330841059112792,1.38151337936236,0.8376904997283527,0.12527962862764733,2021,-2.771597035272941,1.2160056829715373,-0.06148707063833836,0.16550769639082263,0.17656006745660452,2021-2022,0.9422891163552195,0.0577108836447805,4,2,1,7,2,C_low_drift_high_JS
706,2023,33165.635,12,0.6256286062365457,0.4738997243132068,0.9432949264071682,10.40929967970425,-1.0117888867690834,-0.4323574801010632,0.8236356131357486,0.139597998005302,2022,-2.8330841059112792,1.38151337936236,1.8212952191421958,-1.8138708594634232,2.5704559459521565,2022-2023,0.009348288607930577,0.9906517113920694,7,4,2,13,2,B_high_drift_low_JS
706,2024,38256.725,8,0.9611821450999791,0.9244755256754907,0.21056186148499723,10.552100779647661,-2.9435210343509293,0.8449998725426457,0.8109872782354558,0.15098935707232974,2023,-1.0117888867690834,-0.4323574801010632,-1.9317321475818459,1.277357352643709,2.3158650427764815,2023-2024,0.5338459480411928,0.4661540519588072,7,0,4,11,2,B_high_drift_low_JS
710,2019,3886416.983,53,0.6211645354988404,0.4011035594170079,1.6452568270318164,15.172998464380724,0.8166437729019768,1.0933422653511546,0.8257894310170636,0.1389884275239703,2018,1.1522486191043793,0.783250185134834,-0.3356048462024025,0.3100920802163206,0.45693293928915135,2018-2019,0.8034763902632294,0.19652360973677063,36,0,0,36,1,C_low_drift_high_JS
710,2020,4113108.006,47,0.5862202904671305,0.3658968545123369,1.6637820028510921,15.22968974965738,0.9097652383558711,0.7717331797762479,0.829907087217483,0.135658343738884,2019,0.8166437729019768,1.0933422653511546,0.09312146545389433,-0.32160908557490675,0.334819371083288,2019-2020,0.7872070658735678,0.2127929341264322,34,1,2,37,1,C_low_drift_high_JS
710,2021,4307130.552999999,50,0.522653593221603,0.31573557703707394,1.7486961490073978,15.27578270756793,1.1476226745905174,0.6173357816793484,0.8221884761128052,0.14222676506674978,2020,0.9097652383558711,0.7717331797762479,0.23785743623464628,-0.15439739809689945,0.28357488695441857,2020-2021,0.780187823737972,0.21981217626202798,34,1,0,35,1,C_low_drift_high_JS
710,2022,4432199.255,51,0.6343437869649659,0.42453841737149073,1.4656917306527297,15.304406690278388,0.6644647531961193,1.0089800724113762,0.8376904997283527,0.12527962862764733,2021,1.1476226745905174,0.6173357816793484,-0.48315792139439806,0.3916442907320278,0.6219540396758818,2021-2022,0.852557201054891,0.14744279894510903,34,0,0,34,1,A_high_drift_high_JS
710,2023,2793936.748,51,0.362359577654977,0.1986078936855242,2.0955534961216635,14.84296253794954,1.8180072161058505,0.043835891722246355,0.8236356131357486,0.139597998005302,2022,0.6644647531961193,1.0089800724113762,1.1535424629097313,-0.9651441806891299,1.5040490361866332,2022-2023,0.6056478995559518,0.3943521004440482,31,2,1,34,1,B_high_drift_low_JS
710,2024,2228533.8740000003,52,0.5075422604951617,0.28462815674622466,1.9648692639620524,14.61685492033762,1.260607385333369,0.4340877210521765,0.8109872782354558,0.15098935707232974,2023,1.8180072161058505,0.043835891722246355,-0.5573998307724815,0.3902518293299302,0.6804344653532388,2023-2024,0.6108619629803548,0.3891380370196452,38,1,2,41,1,B_high_drift_low_JS
716,2019,1867.3,11,0.82472018422321,0.6859573527177336,0.7805337016899111,7.532784205465791,-2.2203967072744613,-0.2770643020301585,0.8257894310170636,0.1389884275239703,2018,-2.0231087532980383,0.15065106729333871,-0.19728795397642296,-0.42771536932349724,0.47102332632231586,2018-2019,0.21521314907028744,0.7847868509297126,6,5,1,12,3,D_low_drift_low_JS
716,2020,15391.599999999999,10,0.9696197926141533,0.9406993821403231,0.1639906606470999,9.641642153434718,-2.860833839629312,0.7571824592353348,0.829907087217483,0.135658343738884,2019,-2.2203967072744613,-0.2770643020301585,-0.6404371323548506,1.0342467612654933,1.216481024795318,2019-2020,0.7237306444857605,0.2762693555142395,6,3,5,14,3,A_high_drift_high_JS
716,2021,11028.99,9,0.882401743042654,0.7834609170033174,0.5079675677523914,9.308373205628824,-2.32261188189048,0.25126958686071105,0.8221884761128052,0.14222676506674978,2020,-2.860833839629312,0.7571824592353348,0.5382219577388319,-0.5059128723746238,0.738668200362357,2020-2021,0.7604206401137422,0.23957935988625778,6,2,3,11,3,A_high_drift_high_JS
716,2022,2281.48,11,0.4713519294493049,0.31720820345945755,1.3817630026463723,7.733017850108719,-0.48619867878435535,-1.4623818356252964,0.8376904997283527,0.12527962862764733,2021,-2.32261188189048,0.25126958686071105,1.8364132031061247,-1.7136514224860075,2.511775199003847,2021-2022,0.13295708381014237,0.8670429161898576,6,4,3,13,3,B_high_drift_low_JS
716,2023,937.26,10,0.6224526812197255,0.4274723623146763,1.225738342494078,6.844027096098487,-1.1509111474143883,-1.2032546986943278,0.8236356131357486,0.139597998005302,2022,-0.48619867878435535,-1.4623818356252964,-0.664712468630033,0.25912713693096867,0.7134350279081295,2022-2023,0.29783636903478083,0.7021636309652192,5,5,5,15,3,B_high_drift_low_JS
716,2024,547.6899999999999,16,0.4017601197757856,0.20784874398940256,2.0457597422708016,6.307533619003648,0.11976058086218477,-1.9758227650540459,0.8109872782354558,0.15098935707232974,2023,-1.1509111474143883,-1.2032546986943278,1.270671728276573,-0.7725680663597181,1.487100554165779,2023-2024,0.1263146284795268,0.8736853715204732,7,9,3,19,3,B_high_drift_low_JS
724,2019,3270263.424,62,0.19286689426032,0.0892040525092591,2.769278333075619,15.000381403212714,2.9183516169919783,-0.11145925356608014,0.8257894310170636,0.1389884275239703,2018,3.1224287077523516,-0.17898361425061185,-0.20407709076037328,0.06752436068453171,0.21495813140951978,2018-2019,0.8525543564238435,0.14744564357615653,39,0,0,39,1,C_low_drift_high_JS
724,2020,2621257.588,62,0.25795505489252973,0.12227729461912931,2.5156286464208653,14.779165137492376,2.6269612487393776,-0.019168804106819707,0.829907087217483,0.135658343738884,2019,2.9183516169919783,-0.11145925356608014,-0.2913903682526007,0.09229044945926043,0.30565646365123467,2019-2020,0.7977692252376907,0.20223077476230933,40,0,2,42,1,C_low_drift_high_JS
724,2021,3078632.356,63,0.21562175772832032,0.10830792649336167,2.552208619414525,14.939996340894451,2.7019615237149894,-0.09830753659409548,0.8221884761128052,0.14222676506674978,2020,2.6269612487393776,-0.019168804106819707,0.07500027497561179,-0.07913873248727578,0.10903201468426592,2020-2021,0.8540691333631927,0.14593086663680732,40,0,0,40,1,C_low_drift_high_JS
724,2022,3207488.695,64,0.21706160401603536,0.10845431576865372,2.5595138184197443,14.980999162684226,2.786779884204527,-0.14285306083157956,0.8376904997283527,0.12527962862764733,2021,2.7019615237149894,-0.09830753659409548,0.08481836048953761,-0.04454552423748408,0.0958042692458193,2021-2022,0.8998667423075575,0.10013325769244252,39,1,0,40,1,C_low_drift_high_JS
724,2023,3837963.691,65,0.22362017389913863,0.10875321362686022,2.556684977458558,15.160452755663794,2.799678827813745,-0.07198380899733697,0.8236356131357486,0.139597998005302,2022,2.786779884204527,-0.14285306083157956,0.012898943609218172,0.07086925183424259,0.07203355885820918,2022-2023,0.8747208423602997,0.12527915763970032,40,0,0,40,1,C_low_drift_high_JS
724,2024,4450319.543,67,0.19804586782679934,0.10811568780325498,2.5496131963178814,15.308486683683064,2.8261899514145212,-0.007413097581514534,0.8109872782354558,0.15098935707232974,2023,2.799678827813745,-0.07198380899733697,0.02651112360077601,0.06457071141582243,0.06980126393784745,2023-2024,0.8973499359892069,0.10265006401079313,42,0,0,42,1,C_low_drift_high_JS
728,2019,9868.9,2,0.9626199475118808,0.9280344316717908,0.15952650296015825,9.197245000663942,-3.2367428379137078,0.49887185486919094,0.8257894310170636,0.1389884275239703,2018,-3.3219034836731685,0.7070291352192382,0.0851606457594607,-0.2081572803500472,0.22490395494276327,2018-2019,0.8623525518861652,0.13764744811383478,1,1,0,2,2,C_low_drift_high_JS
728,2020,21753.5,5,0.6849472498678374,0.5188211650089959,0.8436206895254238,9.987575911668415,-1.366031584301394,-0.45280819228982816,0.829907087217483,0.135658343738884,2019,-3.2367428379137078,0.49887185486919094,1.8707112536123138,-0.9516800471590191,2.098870054708568,2019-2020,0.5605162405842178,0.4394837594157822,1,3,1,5,2,B_high_drift_low_JS
728,2021,44752.3,5,0.6033209466329105,0.5149348250615178,0.7189328131133942,10.70892046400088,-1.2365108116195624,-0.43344927254817633,0.8221884761128052,0.14222676506674978,2020,-1.366031584301394,-0.45280819228982816,0.1295207726818315,0.019358919741651825,0.13095952935797525,2020-2021,0.6420262762745312,0.35797372372546876,4,1,1,6,2,D_low_drift_low_JS
728,2022,22204.2,2,0.9984597508579458,0.9969242464507309,0.01151342483018166,10.00808177466605,-3.2858257472123027,0.8254305406602443,0.8376904997283527,0.12527962862764733,2021,-1.2365108116195624,-0.43344927254817633,-2.04931493559274,1.2588798132084207,2.4050925323877133,2021-2022,0.5165799687973682,0.4834200312026318,2,0,3,5,2,B_high_drift_low_JS
728,2023,986.2,2,0.9987832082741837,0.9975693777125754,0.009382594572186969,6.894872653151124,-3.6439996816301097,0.2956268927754418,0.8236356131357486,0.139597998005302,2022,-3.2858257472123027,0.8254305406602443,-0.358173934417807,-0.5298036478848025,0.639515811069887,2022-2023,0.0006826339679543159,0.9993173660320457,1,1,1,3,2,B_high_drift_low_JS
728,2024,15951.9,2,0.9998808919313688,0.9997618122362015,0.0011952994659961127,9.677395909867887,-3.4680552963080835,0.7886552606398447,0.8109872782354558,0.15098935707232974,2023,-3.6439996816301097,0.2956268927754418,0.17594438532202616,0.4930283678644029,0.5234819941940531,2023-2024,0.0001448413558317041,0.9998551586441683,1,1,1,3,2,B_high_drift_low_JS
729,2019,294788.61899999995,24,0.47433846148585546,0.2677313149650731,1.8159315297002308,12.594017224973095,0.5079735526794944,-0.48315852940410986,0.8257894310170636,0.1389884275239703,2018,0.5043181830530992,-0.3139051696670687,0.003655369626395233,-0.16925335973704114,0.1692928276962194,2018-2019,0.6108385758870818,0.3891614241129182,19,2,3,24,3,D_low_drift_low_JS
729,2020,257751.933,21,0.5550093895901064,0.35986147339899555,1.4787665138952075,12.459756781057916,0.057574767494778585,-0.2615438384274896,0.829907087217483,0.135658343738884,2019,0.5079735526794944,-0.48315852940410986,-0.4503987851847158,0.22161469097662023,0.5019682628937119,2019-2020,0.5640096556131367,0.43599034438686335,15,2,6,23,3,B_high_drift_low_JS
729,2021,236213.698,22,0.7393989064935599,0.5622538811395518,1.055869571198399,12.372496407735717,-0.8554310745860619,0.37950096640393266,0.8221884761128052,0.14222676506674978,2020,0.057574767494778585,-0.2615438384274896,-0.9130058420808406,0.6410448048314223,1.115579719013886,2020-2021,0.6575312403795561,0.3424687596204439,15,4,3,22,3,B_high_drift_low_JS
729,2022,153006.926,28,0.21360444820648183,0.1318866488111712,2.298187672086194,11.938245002954364,1.5706449384529357,-1.282086675225011,0.8376904997283527,0.12527962862764733,2021,-0.8554310745860619,0.37950096640393266,2.4260760130389976,-1.6615876416289437,2.9405302773236723,2021-2022,0.19668945380690683,0.8033105461930932,18,9,3,30,3,B_high_drift_low_JS
729,2023,36356.133,16,0.32645768459478347,0.22863339636729513,1.777318313250992,10.501145694797522,0.5131175524943918,-1.3470198005529148,0.8236356131357486,0.139597998005302,2022,1.5706449384529357,-1.282086675225011,-1.057527385958544,-0.06493312532790374,1.059518986529812,2022-2023,0.23261355912672665,0.7673864408732733,13,3,13,29,3,B_high_drift_low_JS
729,2024,78709.59,22,0.28571359601796936,0.1782264839147552,2.082215656025124,11.27353298697932,0.9912216447689289,-1.2707630448866207,0.8109872782354558,0.15098935707232974,2023,0.5131175524943918,-1.3470198005529148,0.4781040922745371,0.07625675566629408,0.4841473079904586,2023-2024,0.3403006975209274,0.6596993024790726,9,13,7,29,3,D_low_drift_low_JS
740,2019,64920.58,4,0.565460136061631,0.4175523591994049,1.043864504488207,11.080935358978707,-0.9369175800715173,-0.6742941702622388,0.8257894310170636,0.1389884275239703,2018,-0.47936823038001924,-0.706113349141653,-0.457549349691498,0.03181917887941421,0.4586544097113565,2018-2019,0.8320982945002708,0.16790170549972916,4,0,1,5,1,C_low_drift_high_JS
740,2020,60607.46,9,0.5817930663980969,0.4255335101546978,1.0653956532345434,11.012189766274076,-0.7249365383263495,-0.5333477987002241,0.829907087217483,0.135658343738884,2019,-0.9369175800715173,-0.6742941702622388,0.21198104174516774,0.14094637156201473,0.2545620586730553,2019-2020,0.9319091311986895,0.06809086880131054,4,4,0,8,1,C_low_drift_high_JS
740,2021,52933.364,10,0.5356923848633538,0.412097231270384,1.0597878202382542,10.87680800997025,-0.6430625964448778,-0.6212637198020801,0.8221884761128052,0.14222676506674978,2020,-0.7249365383263495,-0.5333477987002241,0.08187394188147168,-0.08791592110185598,0.12013555486365544,2020-2021,0.9038223847519655,0.09617761524803448,7,2,1,10,1,C_low_drift_high_JS
740,2022,66746.55,9,0.8033523830070618,0.662229391921334,0.6761728198204017,11.108672871469032,-1.7522714415750742,0.23906184448491544,0.8376904997283527,0.12527962862764733,2021,-0.6430625964448778,-0.6212637198020801,-1.1092088451301962,0.8603255642869955,1.4037465364804291,2021-2022,0.5417874085798166,0.45821259142018345,5,0,4,9,1,B_high_drift_low_JS
740,2023,89577.16,8,0.8112737666610551,0.6732488729330032,0.685579670839938,11.402866819251162,-1.8044642085537537,0.2821309892316028,0.8236356131357486,0.139597998005302,2022,-1.7522714415750742,0.23906184448491544,-0.05219276697867947,0.043069144746687354,0.0676685758243946,2022-2023,0.9084014037529661,0.09159859624703393,5,3,0,8,1,C_low_drift_high_JS
740,2024,99129.081,11,0.885638191279106,0.7898124630235984,0.48860451246362324,11.504188216135457,-2.264874885391146,0.6964203354384841,0.8109872782354558,0.15098935707232974,2023,-1.8044642085537537,0.2821309892316028,-0.46041067683739234,0.41428934620688135,0.6193655251355139,2023-2024,0.8700990595088602,0.12990094049113976,7,2,1,10,1,A_high_drift_high_JS
748,2019,17717.89,16,0.6036836214695994,0.47404999375931656,0.9772642062779607,9.782386581113515,-1.022313234916275,-0.4652073809127035,0.8257894310170636,0.1389884275239703,2018,-1.0147812151849218,-1.0557077916495934,-0.00753201973135309,0.5905004107368899,0.5905484454315912,2018-2019,0.09420927317606731,0.9057907268239327,9,7,3,19,2,B_high_drift_low_JS
748,2020,13505.449999999999,20,0.5204195343361384,0.3882560474411182,1.207281698514324,9.510922628104838,-0.40112476197587704,-0.7251095360500157,0.829907087217483,0.135658343738884,2019,-1.022313234916275,-0.4652073809127035,0.6211884729403978,-0.2599021551373122,0.6733678409005309,2019-2020,0.7017300346435562,0.2982699653564438,12,7,4,23,2,B_high_drift_low_JS
748,2021,112719.587,20,0.9056048085059076,0.8238619449718242,0.4284367325058472,11.63266735415304,-2.032289207064681,0.9651688855521676,0.8221884761128052,0.14222676506674978,2020,-0.40112476197587704,-0.7251095360500157,-1.6311644450888039,1.6902784216021833,2.3489867154702755,2020-2021,0.1035106627492911,0.8964893372507089,13,3,6,22,2,B_high_drift_low_JS
748,2022,63043.954,11,0.9458253522613763,0.8969383660131928,0.23721052494012387,11.0516033064695,-2.6109019179390245,0.9110233030122021,0.8376904997283527,0.12527962862764733,2021,-2.032289207064681,0.9651688855521676,-0.5786127108743435,-0.05414558253996549,0.5811406140461608,2021-2022,0.8070355327360991,0.19296446726390093,8,0,4,12,2,A_high_drift_high_JS
748,2023,2106.8,20,0.524966774254794,0.4219110451212271,1.1028798376555202,7.653400028499837,-0.7656966540830671,-1.0040489135958965,0.8236356131357486,0.139597998005302,2022,-2.6109019179390245,0.9110233030122021,1.8452052638559575,-1.9150722166080987,2.659376630074422,2022-2023,0.060830803844656334,0.9391691961553437,6,14,4,24,2,B_high_drift_low_JS
748,2024,68218.131,21,0.852764494530054,0.7345003467449018,0.648954039457327,11.130480317691564,-1.8543523276557865,0.6823104598305514,0.8109872782354558,0.15098935707232974,2023,-0.7656966540830671,-1.0040489135958965,-1.0886556735727195,1.686359373426448,2.0072317036020815,2023-2024,0.04384371414360089,0.9561562858563991,13,6,7,26,2,B_high_drift_low_JS
752,2019,4486025.233,56,0.5572994288148713,0.3345449278479675,1.7874172266584094,15.316477841793743,1.2005172278613312,0.9603612305841478,0.8257894310170636,0.1389884275239703,2018,1.5710322559836292,0.6173084843800841,-0.370515028122298,0.3430527462040637,0.5049421479165876,2018-2019,0.8015543664948104,0.19844563350518962,35,2,0,37,1,A_high_drift_high_JS
752,2020,5074828.291,60,0.6988704497233599,0.49635267768965946,1.413725308214128,15.439803445085001,0.6471127515655621,1.4941376513203752,0.829907087217483,0.135658343738884,2019,1.2005172278613312,0.9603612305841478,-0.553404476295769,0.5337764207362274,0.7688782619623035,2019-2020,0.8242687863260141,0.17573121367398592,36,0,0,36,1,A_high_drift_high_JS
752,2021,6132608.890000001,62,0.5020236729950668,0.2985996556263365,1.7886111507268718,15.629130974236745,1.5066684329685187,0.8641541469693146,0.8221884761128052,0.14222676506674978,2020,0.6471127515655621,1.4941376513203752,0.8595556814029566,-0.6299835043510607,1.0656993878137229,2020-2021,0.7476959399455925,0.25230406005440753,32,0,0,32,1,A_high_drift_high_JS
752,2022,5510729.001,60,0.5847575229003718,0.3633382817242053,1.6948824713639106,15.5222076589234,1.1898921840854464,1.0065352347723688,0.8376904997283527,0.12527962862764733,2021,1.5066684329685187,0.8641541469693146,-0.3167762488830723,0.14238108780305425,0.34730327671994576,2021-2022,0.8259399744304567,0.17406002556954325,30,0,0,30,1,C_low_drift_high_JS
752,2023,6242518.572000001,61,0.7337902462230752,0.5469812275951583,1.2359981492491576,15.64689443641349,0.34767063145110744,1.6560120761856745,0.8236356131357486,0.139597998005302,2022,1.1898921840854464,1.0065352347723688,-0.842221552634339,0.6494768414133056,1.0635587953912096,2022-2023,0.7405233013569098,0.2594766986430902,32,1,0,33,1,A_high_drift_high_JS
752,2024,5898179.275,62,0.6796421290534611,0.4760423286493185,1.3854827712664934,15.590154433336158,0.5712892720489638,1.4787938926365645,0.8109872782354558,0.15098935707232974,2023,0.34767063145110744,1.6560120761856745,0.2236186405978564,-0.17721818354911,0.2853271473296562,2023-2024,0.8890360572634749,0.1109639427365251,32,1,1,34,1,C_low_drift_high_JS
757,2019,1686596.183,62,0.3276896304940825,0.18561900885075566,2.1364618377795157,14.338223555897164,2.0772326884476233,0.2742022439122183,0.8257894310170636,0.1389884275239703,2018,1.9249258333529047,0.21713740107963758,0.15230685509471864,0.05706484283258073,0.16264616317746558,2018-2019,0.8336759054825208,0.1663240945174792,40,0,0,40,1,C_low_drift_high_JS
757,2020,1531960.826,60,0.27979067266306196,0.15169824463961487,2.29325545704112,14.242059711217651,2.3176499578539094,-0.025066069817265522,0.829907087217483,0.135658343738884,2019,2.0772326884476233,0.2742022439122183,0.24041726940628605,-0.2992683137294838,0.38387756776251397,2019-2020,0.8070656921238617,0.1929343078761383,38,0,0,38,1,C_low_drift_high_JS
757,2021,2752525.524,64,0.43273479377915475,0.2527958326179569,1.8524879925457252,14.828029783863151,1.7001809244514585,0.5964798791667262,0.8221884761128052,0.14222676506674978,2020,2.3176499578539094,-0.025066069817265522,-0.6174690334024509,0.6215459489839917,0.8761206389016114,2020-2021,0.6576351227655748,0.3423648772344252,39,0,0,39,1,B_high_drift_low_JS
757,2022,2093672.596,65,0.29987196383975595,0.21621545357921199,1.9021329737921422,14.554430782426998,2.055654240818881,0.23671530953642977,0.8376904997283527,0.12527962862764733,2021,1.7001809244514585,0.5964798791667262,0.3554733163674224,-0.3597645696302964,0.5057586620222396,2021-2022,0.8171125287940693,0.18288747120593074,40,0,1,41,1,A_high_drift_high_JS
757,2023,1745657.521,65,0.37751253729453615,0.22443166168822284,1.9223295563228884,14.37264241836151,1.8757229072620136,0.35004696729568996,0.8236356131357486,0.139597998005302,2022,2.055654240818881,0.23671530953642977,-0.1799313335568673,0.11333165775926018,0.21264841745476198,2022-2023,0.8518782911348426,0.1481217088651574,43,0,0,43,1,C_low_drift_high_JS
757,2024,1837318.185,65,0.4697848239062631,0.26347306053239306,1.9090565411682041,14.423818102506175,1.5665245654844069,0.6061788708467867,0.8109872782354558,0.15098935707232974,2023,1.8757229072620136,0.35004696729568996,-0.30919834177760674,0.2561319035510967,0.40150612271138536,2023-2024,0.8120368910395037,0.18796310896049628,48,0,0,48,1,C_low_drift_high_JS
760,2019,433498.06,16,0.2918698182870761,0.1963999393232349,1.840489694891228,12.979644906803612,0.8344041700499132,-1.001020856016831,0.8257894310170636,0.1389884275239703,2018,1.2029039807668034,-1.141609004550792,-0.3684998107168902,0.14058814853396107,0.39440732499104403,2018-2019,0.7684519112337345,0.23154808876626554,16,0,1,17,2,C_low_drift_high_JS
760,2020,316768.253,15,0.5311517123529421,0.35364541920573306,1.3429434673832905,12.665928879288032,-0.07269579189957673,-0.3692906276956008,0.829907087217483,0.135658343738884,2019,0.8344041700499132,-1.001020856016831,-0.9070999619494899,0.6317302283212303,1.1054019279626572,2019-2020,0.6565891882301936,0.34341081176980637,12,0,1,13,2,B_high_drift_low_JS
760,2021,209161.357,13,0.6024057302324731,0.43607940614448115,1.0928554419340548,12.250866057123638,-0.58712989625903,-0.21178726551392799,0.8221884761128052,0.14222676506674978,2020,-0.07269579189957673,-0.3692906276956008,-0.5144341043594532,0.1575033621816728,0.5380053501840331,2020-2021,0.7541845242463387,0.24581547575366125,9,1,1,11,2,A_high_drift_high_JS
760,2022,27519.316,13,0.3985679367902894,0.2838430731807838,1.510767374822235,10.222679774539495,0.060516625167251446,-1.1841257592637329,0.8376904997283527,0.12527962862764733,2021,-0.58712989625903,-0.21178726551392799,0.6476465214262814,-0.9723384937498049,1.1682842818180865,2021-2022,0.33745695391118624,0.6625430460888138,11,2,1,14,2,B_high_drift_low_JS
760,2023,61535.04,11,0.364023294695185,0.29974779023633713,1.360395302880381,11.027378298414297,0.02966285925722852,-1.1087284662202,0.8236356131357486,0.139597998005302,2022,0.060516625167251446,-1.1841257592637329,-0.030853765910022927,0.07539729304353293,0.08146598473671618,2022-2023,0.7048958702345302,0.29510412976546985,9,2,4,15,2,D_low_drift_low_JS
760,2024,56632.468,9,0.6981419209913295,0.5244970658412779,0.9637581326189978,10.944355396858422,-1.293043763961572,-0.20429854337837994,0.8109872782354558,0.15098935707232974,2023,0.02966285925722852,-1.1087284662202,-1.3227066232188005,0.90442992284182,1.6023564823217529,2023-2024,0.37411933573592604,0.625880664264074,7,1,4,12,2,B_high_drift_low_JS
762,2019,242052.63999999998,19,0.6051241581170113,0.3981559046763535,1.4068050068804097,12.396914633470013,-0.30409732578198573,-0.14745745766553078,0.8257894310170636,0.1389884275239703,2018,-0.030460119788280778,-0.5388120704509015,-0.27363720599370495,0.39135461278537076,0.4775308926681381,2018-2019,0.5783502620737706,0.4216497379262294,11,7,1,19,2,D_low_drift_low_JS
762,2020,421664.996,29,0.7524930999963773,0.5868584511960306,0.9646551729754976,12.951968800960548,-0.7343624066119905,0.7226964733398885,0.829907087217483,0.135658343738884,2019,-0.30409732578198573,-0.14745745766553078,-0.43026508083000475,0.8701539310054193,0.9707192711725849,2019-2020,0.7127571417051695,0.28724285829483054,14,12,4,30,2,B_high_drift_low_JS
762,2021,334865.199,25,0.625326252549761,0.4331679669750569,1.2794492135844773,12.721486325053245,-0.23021584201675124,0.10265099615272938,0.8221884761128052,0.14222676506674978,2020,-0.7343624066119905,0.7226964733398885,0.5041465645952392,-0.6200454771871591,0.7991371298928823,2020-2021,0.6796162783459463,0.3203837216540537,18,4,8,30,2,B_high_drift_low_JS
762,2022,387634.752,19,0.8531226839021905,0.7339833712900199,0.6414682251023804,12.86782139416704,-1.6003873787703866,0.9206861357258985,0.8376904997283527,0.12527962862764733,2021,-0.23021584201675124,0.10265099615272938,-1.3701715367536353,0.8180351395731691,1.5957918190372806,2021-2022,0.598233283100743,0.401766716899257,16,2,7,25,2,B_high_drift_low_JS
762,2023,489082.023,31,0.6152591709550527,0.4118799498521797,1.3953608857915283,13.100287535231908,0.026835932652643384,0.20457056705714874,0.8236356131357486,0.139597998005302,2022,-1.6003873787703866,0.9206861357258985,1.62722331142303,-0.7161155686687498,1.7778293542768095,2022-2023,0.6751980145297771,0.3248019854702229,15,10,2,27,2,B_high_drift_low_JS
762,2024,521281.62399999995,26,0.6834050609081129,0.49346323492756733,1.1514800640558283,13.164047638146192,-0.5516515438586199,0.40672783320499106,0.8109872782354558,0.15098935707232974,2023,0.026835932652643384,0.20457056705714874,-0.5784874765112633,0.20215726614784232,0.612793048864573,2023-2024,0.7098036641309907,0.2901963358690093,20,1,4,25,2,B_high_drift_low_JS
764,2019,35586747.103,67,0.17463265136352127,0.09330324508639261,2.708474916166058,17.387483882224398,3.2687410518487963,0.4061224681800905,0.8257894310170636,0.1389884275239703,2018,3.2988799741269026,0.3360623986599767,-0.030138922278106328,0.07006006952011379,0.0762677387710486,2018-2019,0.7815736468537782,0.21842635314622183,48,0,0,48,1,C_low_drift_high_JS
764,2020,45227293.787,66,0.18287852328625112,0.097634975259673,2.672926877950663,17.627211329517195,3.2544097474529163,0.35217957982587206,0.829907087217483,0.135658343738884,2019,3.2687410518487963,0.4061224681800905,-0.014331304395879929,-0.053942888354218455,0.05581416925551293,2019-2020,0.9012249090182111,0.09877509098178894,50,0,0,50,1,C_low_drift_high_JS
764,2021,47435217.386,66,0.19382065281129057,0.09177401203579254,2.7325579992051585,17.67487551469859,3.1906692241424355,0.3061302271985931,0.8221884761128052,0.14222676506674978,2020,3.2544097474529163,0.35217957982587206,-0.06374052331048086,-0.04604935262727894,0.07863458011133165,2020-2021,0.9007824629903451,0.09921753700965485,49,0,0,49,1,C_low_drift_high_JS
764,2022,46889844.821,67,0.19932158051873627,0.0937120515545529,2.725542894424144,17.663311702960556,3.2679202655437387,0.29180823920695165,0.8376904997283527,0.12527962862764733,2021,3.1906692241424355,0.3061302271985931,0.07725104140130323,-0.014321987991641472,0.07856744069663074,2021-2022,0.9268460709824365,0.07315392901756346,49,0,0,49,1,C_low_drift_high_JS
764,2023,41104546.386,66,0.2601648625331214,0.11501315653926625,2.607869301333641,17.531629315341224,3.01052011304574,0.40369218287857106,0.8236356131357486,0.139597998005302,2022,3.2679202655437387,0.29180823920695165,-0.25740015249799875,0.11188394367161941,0.28066502339534066,2022-2023,0.7975683138306957,0.2024316861693043,50,0,0,50,1,C_low_drift_high_JS
764,2024,45289890.416999996,66,0.26927649432824197,0.12059928974606317,2.5820382232594428,17.628594418024555,2.9010001880963054,0.470592564065598,0.8109872782354558,0.15098935707232974,2023,3.01052011304574,0.40369218287857106,-0.10951992494943452,0.06690038118702696,0.1283365690826246,2023-2024,0.8987352400522012,0.10126475994779882,47,0,0,47,1,C_low_drift_high_JS
768,2019,245020.43000000002,20,0.45417845360895004,0.39704596908676665,1.114672665498021,12.409100955089395,-0.18573832105866173,-0.29941473090835286,0.8257894310170636,0.1389884275239703,2018,-1.0036535503425446,0.16554581982282277,0.8179152292838828,-0.4649605507311756,0.9408366680942791,2018-2019,0.5750338120945133,0.4249661879054867,14,3,3,20,3,B_high_drift_low_JS
768,2020,356124.89999999997,22,0.8720766225557383,0.7642504552609319,0.6169085125366519,12.783039598999544,-1.5873158345029408,1.0461346752879508,0.829907087217483,0.135658343738884,2019,-0.18573832105866173,-0.29941473090835286,-1.4015775134442792,1.3455494061963036,1.9429160379974926,2019-2020,0.17484623229827856,0.8251537677017214,13,7,4,24,3,B_high_drift_low_JS
768,2021,431242.90099999995,22,0.7356378487955678,0.5722828261712454,0.8927474311094398,12.974429104619004,-0.9018793247620621,0.523935602857644,0.8221884761128052,0.14222676506674978,2020,-1.5873158345029408,1.0461346752879508,0.6854365097408787,-0.5221990724303068,0.8616931473168569,2020-2021,0.6804795715118939,0.31952042848810613,15,5,6,26,3,B_high_drift_low_JS
768,2022,202162.86000000002,16,0.5299192937812612,0.38766353043256196,1.1260951469867506,12.216833835666892,-0.30648709720184625,-0.34030169572300983,0.8376904997283527,0.12527962862764733,2021,-0.9018793247620621,0.523935602857644,0.5953922275602159,-0.8642372985806538,1.049475113043231,2021-2022,0.7486319378810099,0.2513680621189901,13,0,5,18,3,A_high_drift_high_JS
768,2023,366386.21,23,0.49229472910566147,0.38562561388862215,1.0942106257646413,12.811446003967601,-0.0837896059912759,-0.17657923004354464,0.8236356131357486,0.139597998005302,2022,-0.30648709720184625,-0.34030169572300983,0.22269749121057036,0.1637224656794652,0.2764040852803115,2022-2023,0.9244438596724694,0.07555614032753055,12,3,0,15,3,C_low_drift_high_JS
768,2024,298180.179,13,0.5662341493194958,0.38903117570328494,1.2007469621643774,12.605456563962097,-0.45052317557951516,-0.29588021354286637,0.8109872782354558,0.15098935707232974,2023,-0.0837896059912759,-0.17657923004354464,-0.36673356958823927,-0.11930098349932172,0.38565040610225915,2023-2024,0.8133181205708127,0.18668187942918735,10,1,2,13,3,C_low_drift_high_JS
772,2024,3523.5,1,1.0,1.0,-1.000088900581841e-12,8.16749386121393,-3.6335752766668956,0.5219820804336658,0.8109872782354558,0.15098935707232974,2021,-3.568126908409253,0.253900817879229,-0.06544836825764255,0.26808126255443676,0.2759548010822947,2021-2024,0.0,1.0,0,1,1,2,0,D_low_drift_low_JS
776,2019,40574.6,3,0.4783780986134183,0.36650309708713036,1.050674616430991,10.610922179704144,-0.7671572968999306,-0.9904156836389304,0.8257894310170636,0.1389884275239703,2018,-2.8280550264356497,0.5978518958258369,2.060897729535719,-1.5882675794647674,2.6019018727815912,2018-2019,0.5063472622694944,0.49365273773050555,2,1,0,3,3,B_high_drift_low_JS
776,2020,21175.6,4,0.7895880163962297,0.667433037380338,0.5195643584262896,9.960652077468515,-1.9966766346717388,-0.042898546616353526,0.829907087217483,0.135658343738884,2019,-0.7671572968999306,-0.9904156836389304,-1.229519337771808,0.9475171370225769,1.5522585245075275,2019-2020,0.5838246095192074,0.41617539048079255,2,2,1,5,3,B_high_drift_low_JS
776,2021,3994.3,2,0.9999248929724858,0.9998497972271028,0.0007883653341312266,8.292873949248307,-3.399600547464636,0.5243558482312546,0.8221884761128052,0.14222676506674978,2020,-1.9966766346717388,-0.042898546616353526,-1.402923912792897,0.5672543948476081,1.5132656916615992,2020-2021,0.22698006516631553,0.7730199348336845,1,0,3,4,3,B_high_drift_low_JS
776,2022,27345.0,4,0.7716218687145731,0.6255843997924304,0.7028447951331054,10.216325544869028,-1.8107877237519476,-0.11819939076723754,0.8376904997283527,0.12527962862764733,2021,-3.399600547464636,0.5243558482312546,1.5888128237126882,-0.6425552389984921,1.7138271277927348,2021-2022,0.19021199123181665,0.8097880087681834,1,3,0,4,3,B_high_drift_low_JS
776,2023,5932.0,4,0.6490222521915037,0.4959052675660179,0.8999531616792391,8.688285266258644,-1.4448555442578572,-0.8070145735299251,0.8236356131357486,0.139597998005302,2022,-1.8107877237519476,-0.11819939076723754,0.3659321794940904,-0.6888151827626876,0.7799825100562768,2022-2023,0.23694388358963459,0.7630561164103654,3,1,1,5,3,B_high_drift_low_JS
776,2024,17261.8,6,0.515589335990453,0.42000787583063304,0.9783398745689054,9.756309176277618,-0.9595802749182193,-0.8916821750972558,0.8109872782354558,0.15098935707232974,2023,-1.4448555442578572,-0.8070145735299251,0.48527526933963794,-0.08466760156733066,0.4926060188302843,2023-2024,0.39897004995596996,0.60102995004403,2,4,2,8,3,B_high_drift_low_JS
780,2019,32052.93,16,0.23024416176617862,0.17195361804106807,1.8736196387307293,10.375175075736324,0.7240095935748315,-1.5905780344667408,0.8257894310170636,0.1389884275239703,2018,-0.3541660401039007,-0.9092943565551871,1.0781756336787323,-0.6812836779115538,1.2753862735842931,2018-2019,0.39099070627703236,0.6090092937229676,12,2,2,16,2,B_high_drift_low_JS
780,2020,27826.531,16,0.31431729668351405,0.21459771970048355,1.713373836225735,10.23378113337269,0.5192696728645132,-1.363676762502578,0.829907087217483,0.135658343738884,2019,0.7240095935748315,-1.5905780344667408,-0.20473992071031832,0.22690127196416277,0.30561842606659434,2019-2020,0.5058879388897761,0.4941120611102239,13,2,1,16,2,D_low_drift_low_JS
780,2021,285428.13,17,0.9253502799461286,0.8585277911924146,0.36383047535343943,12.561749046090364,-2.1302818692964443,1.1423167440123632,0.8221884761128052,0.14222676506674978,2020,0.5192696728645132,-1.363676762502578,-2.6495515421609577,2.5059935065149412,3.6469338942819567,2020-2021,0.34207452874934063,0.6579254712506594,12,2,2,16,2,B_high_drift_low_JS
780,2022,227629.892,19,0.853365075620209,0.7328098539088599,0.673600451213294,12.335480701373655,-1.6331011711868935,0.8195559452096662,0.8376904997283527,0.12527962862764733,2021,-2.1302818692964443,1.1423167440123632,0.4971806981095508,-0.3227607988026969,0.5927589559141686,2021-2022,0.8209258227885361,0.1790741772114639,11,3,4,18,2,A_high_drift_high_JS
780,2023,404550.221,24,0.83866640626554,0.7078597156582597,0.7557670238480486,12.910533635399766,-1.3997466989429257,0.936796473883916,0.8236356131357486,0.139597998005302,2022,-1.6331011711868935,0.8195559452096662,0.23335447224396777,0.11724052867424972,0.2611506294843616,2022-2023,0.7444473766990858,0.2555526233009142,12,5,1,18,2,C_low_drift_high_JS
780,2024,467226.98300000007,26,0.9007311549042106,0.8148721532555866,0.4517942021318163,13.054572603822377,-1.9112871126711728,1.3345510265644924,0.8109872782354558,0.15098935707232974,2023,-1.3997466989429257,0.936796473883916,-0.5115404137282471,0.39775455268057647,0.6479832397951291,2023-2024,0.7849082550429264,0.21509174495707362,15,2,4,21,2,A_high_drift_high_JS
784,2019,14429373.751,65,0.3794176347827003,0.2064479847248982,2.1801070978293624,16.48477660001226,2.2706170380833584,0.8153080835183858,0.8257894310170636,0.1389884275239703,2018,2.1235166277310915,0.8745677571533416,0.14710041035226684,-0.05925967363495577,0.1585882708308744,2018-2019,0.8949088514572159,0.10509114854278412,43,0,0,43,1,C_low_drift_high_JS
784,2020,23660053.575999998,65,0.6035641815065685,0.38534668997010335,1.691330611395291,16.979298723189792,1.407239746080406,1.4966282589330175,0.829907087217483,0.135658343738884,2019,2.2706170380833584,0.8153080835183858,-0.8633772920029523,0.6813201754146317,1.0998261361566999,2019-2020,0.7824491614632528,0.21755083853674717,43,0,0,43,1,A_high_drift_high_JS
784,2021,13694696.129999999,66,0.3592556922254251,0.19292761116319335,2.2954593601379636,16.432519245064192,2.371734020613871,0.5978546701103735,0.8221884761128052,0.14222676506674978,2020,1.407239746080406,1.4966282589330175,0.964494274533465,-0.898773588822644,1.3183486525092556,2020-2021,0.6405113045639264,0.35948869543607365,42,1,0,43,1,B_high_drift_low_JS
784,2022,14167844.579,62,0.32736729811920107,0.1615198468863456,2.446736752904714,16.46648555910534,2.5484024499949776,0.3490684800057141,0.8376904997283527,0.12527962862764733,2021,2.371734020613871,0.5978546701103735,0.1766684293811065,-0.2487861901046594,0.3051332533939537,2021-2022,0.793592675723363,0.206407324276637,48,0,1,49,1,C_low_drift_high_JS
784,2023,12647812.861000001,65,0.31325005861027183,0.1461544081338032,2.498337934215174,16.35299494089092,2.6629035019730876,0.3398057293584067,0.8236356131357486,0.139597998005302,2022,2.5484024499949776,0.3490684800057141,0.11450105197811,-0.009262750647307416,0.11487510371550505,2022-2023,0.8542841014040978,0.14571589859590217,54,0,0,54,1,C_low_drift_high_JS
784,2024,17968414.726,65,0.2923567131606065,0.16433337321280195,2.29839872303361,16.704126092714077,2.5044470578231905,0.4659045426511923,0.8109872782354558,0.15098935707232974,2023,2.6629035019730876,0.3398057293584067,-0.158456444149897,0.1260988132927856,0.2025076675251538,2023-2024,0.8429005168992498,0.15709948310075017,51,0,0,51,1,C_low_drift_high_JS
788,2019,255064.68000000002,27,0.673462315519342,0.5210033876876172,0.909280847468507,12.44927635960291,-0.7454019359248265,0.44237623067782317,0.8257894310170636,0.1389884275239703,2018,0.041472990348746984,-0.016557701771090453,-0.7868749262735735,0.4589339324489136,0.9109294725449746,2018-2019,0.7982791775640107,0.20172082243598932,18,0,1,19,1,A_high_drift_high_JS
788,2020,295893.205,29,0.6666194987478674,0.49378405545682097,1.1002919672219797,12.597757253877498,-0.3933332117434957,0.3750965193361617,0.829907087217483,0.135658343738884,2019,-0.7454019359248265,0.44237623067782317,0.3520687241813308,-0.06727971134166144,0.3584395989631827,2019-2020,0.8287769741805918,0.17122302581940818,22,3,0,25,1,C_low_drift_high_JS
788,2021,374608.055,34,0.6839530265840119,0.5291151040063875,0.928749134019917,12.83363824115059,-0.49694997700247656,0.6110434174268944,0.8221884761128052,0.14222676506674978,2020,-0.3933332117434957,0.3750965193361617,-0.10361676525898084,0.23594689809073266,0.2576962800689473,2020-2021,0.8344878220881633,0.1655121779118367,23,3,2,28,1,C_low_drift_high_JS
788,2022,651251.694,23,0.48772218318406396,0.4483148886470328,0.9823850488541602,13.386653008701426,-0.15921479968123148,0.04553251095523595,0.8376904997283527,0.12527962862764733,2021,-0.49694997700247656,0.6110434174268944,0.3377351773212451,-0.5655109064716585,0.6586862950894072,2021-2022,0.7624482832244374,0.23755171677556264,19,0,4,23,1,A_high_drift_high_JS
788,2023,858918.362,32,0.5805077526099041,0.4765095452975553,0.9049808064217004,13.663430322287518,-0.2402000305350877,0.4598689641597002,0.8236356131357486,0.139597998005302,2022,-0.15921479968123148,0.04553251095523595,-0.08098523085385623,0.4143364532044642,0.4221768634950375,2022-2023,0.8626997641874372,0.1373002358125628,19,1,0,20,1,C_low_drift_high_JS
788,2024,936087.6030000001,30,0.5294220716220723,0.436030919520845,1.012042230344009,13.749465412304415,-0.13390338785497236,0.3041587871981359,0.8109872782354558,0.15098935707232974,2023,-0.2402000305350877,0.4598689641597002,0.10629664268011535,-0.1557101769615643,0.1885328498020061,2023-2024,0.9067990619416679,0.09320093805833207,18,0,0,18,1,C_low_drift_high_JS
792,2019,6438252.598,52,0.26080124093323126,0.13916151522655637,2.349869787763344,15.677767880869691,2.3305450434679678,0.05061088097351678,0.8257894310170636,0.1389884275239703,2018,2.239210354201879,0.01554083134706279,0.0913346892660889,0.03507004962645399,0.09783626037484752,2018-2019,0.8862862880579033,0.11371371194209667,36,0,0,36,1,C_low_drift_high_JS
792,2020,5966457.332,56,0.2619783856689449,0.14011157788481743,2.362384846015596,15.6016640651087,2.4613734310304443,0.054833036667500314,0.829907087217483,0.135658343738884,2019,2.3305450434679678,0.05061088097351678,0.1308283875624765,0.004222155693983536,0.13089649953647267,2019-2020,0.8383211415737272,0.16167885842627283,34,1,0,35,1,C_low_drift_high_JS
792,2021,8334498.434,53,0.33699755771050155,0.1693577557056614,2.2403933593578786,15.935914016454785,2.1093562866242164,0.19243537077548337,0.8221884761128052,0.14222676506674978,2020,2.4613734310304443,0.054833036667500314,-0.3520171444062279,0.13760233410798306,0.3779556485989859,2020-2021,0.8589957997837449,0.14100420021625515,33,0,1,34,1,C_low_drift_high_JS
792,2022,9364882.272,55,0.43932095102796825,0.2385137279486418,1.97921587353843,16.052477429500744,1.768610641808818,0.5350915149190232,0.8376904997283527,0.12527962862764733,2021,2.1093562866242164,0.19243537077548337,-0.34074564481539826,0.34265614414353984,0.48323992755150097,2021-2022,0.8710628391303986,0.12893716086960139,31,0,1,32,1,C_low_drift_high_JS
792,2023,8580484.844,58,0.2585733461846786,0.14095937532124564,2.3649999822321046,15.965001095035825,2.5092304602065787,0.06474902267411221,0.8236356131357486,0.139597998005302,2022,1.768610641808818,0.5350915149190232,0.7406198183977606,-0.470342492244911,0.8773481494906603,2022-2023,0.7930588305514845,0.20694116944851548,44,2,0,46,1,A_high_drift_high_JS
792,2024,9781782.063000001,51,0.24701793154231716,0.1354909608270459,2.351296387250856,16.09603234267339,2.330755106478037,-0.054441217830204926,0.8109872782354558,0.15098935707232974,2023,2.5092304602065787,0.06474902267411221,-0.17847535372854173,-0.11919024050431715,0.2146153892897829,2023-2024,0.8690468105721931,0.13095318942780687,41,0,5,46,1,C_low_drift_high_JS
795,2019,406064.60599999997,15,0.7463516778411365,0.5895698849515209,0.809277540671539,12.914270016662433,-1.24777196698278,0.4785338949769431,0.8257894310170636,0.1389884275239703,2018,-0.4324627857687546,0.2227248455235012,-0.8153091812140254,0.2558090494534419,0.8544982918380575,2018-2019,0.694931634588146,0.305068365411854,10,2,1,13,1,B_high_drift_low_JS
795,2020,33257.478,13,0.5490163746030291,0.43911013243656133,1.0019187646364263,10.412064991026385,-0.7049396233870919,-0.565485506033941,0.829907087217483,0.135658343738884,2019,-1.24777196698278,0.4785338949769431,0.5428323435956881,-1.044019401010884,1.1767087417626814,2019-2020,0.15284278239010518,0.8471572176098948,8,2,3,13,1,B_high_drift_low_JS
795,2021,19581.68,11,0.5320330022755964,0.3745050452445074,1.3223312981627204,9.882400781079655,-0.4999225934545033,-0.8792716002955405,0.8221884761128052,0.14222676506674978,2020,-0.7049396233870919,-0.565485506033941,0.20501702993258863,-0.31378609426159954,0.3748248864661062,2020-2021,0.6771536235635354,0.32284637643646463,7,3,3,13,1,D_low_drift_low_JS
795,2022,18906.68,8,0.7699024894904869,0.6113422998352838,0.8345820651834331,9.847323467716603,-1.662975868728175,-0.15765665706295862,0.8376904997283527,0.12527962862764733,2021,-0.4999225934545033,-0.8792716002955405,-1.1630532752736717,0.7216149432325819,1.3687297203689914,2021-2022,0.6221781535098507,0.37782184649014927,5,3,5,13,1,B_high_drift_low_JS
795,2023,19994.170000000002,13,0.6072945263544323,0.431718082317104,1.179085814271026,9.903246023370308,-0.7972351932327981,-0.637191089653817,0.8236356131357486,0.139597998005302,2022,-1.662975868728175,-0.15765665706295862,0.8657406754953769,-0.4795344325908584,0.9896768105030187,2022-2023,0.6477317040330475,0.3522682959669525,6,7,2,15,1,B_high_drift_low_JS
795,2024,52101.367,23,0.7726611088726328,0.6162266695509503,0.8722568339304544,10.860965658571267,-1.365030113874859,0.3415929866436695,0.8109872782354558,0.15098935707232974,2023,-0.7972351932327981,-0.637191089653817,-0.5677949206420609,0.9787840762974864,1.1315517398336004,2023-2024,0.6630746468029596,0.3369253531970404,10,5,3,18,1,B_high_drift_low_JS
796,2020,562.0,2,0.8896797153024911,0.8037005610364611,0.3471844458278271,6.333279628139691,-2.8906567924461464,-0.3131427768660838,0.829907087217483,0.135658343738884,2018,-4.281667568549612,-0.87061967135127,1.391010776103466,0.5574768944851862,1.4985631341791423,2018-2020,1.1102230246251565e-16,0.9999999999999999,0,2,1,3,3,B_high_drift_low_JS
796,2021,291.72,1,1.0,1.0,-1.000088900581841e-12,5.679216520710951,-3.66926176840696,0.08289942782879069,0.8221884761128052,0.14222676506674978,2020,-2.8906567924461464,-0.3131427768660838,-0.7786049759608136,0.3960422046948745,0.8735417199484613,2020-2021,1.1102230246251565e-16,0.9999999999999999,0,1,2,3,3,B_high_drift_low_JS
796,2022,64.3,2,0.9860031104199067,0.9723980466756481,0.07365007678736554,4.178992036282385,-3.768906258646154,-0.25096477529479,0.8376904997283527,0.12527962862764733,2021,-3.66926176840696,0.08289942782879069,-0.0996444902391942,-0.33386420312358067,0.3484168919016017,2021-2022,0.9161309090968323,0.08386909090316774,1,1,0,2,3,C_low_drift_high_JS
796,2023,3.92,5,0.5739795918367347,0.39081372344856313,1.1912655881784713,1.5933085305042167,-1.6449445498891249,-2.3076151648133605,0.8236356131357486,0.139597998005302,2022,-3.768906258646154,-0.25096477529479,2.1239617087570295,-2.0566503895185706,2.9565223092297086,2022-2023,0.13173279383435255,0.8682672061656475,2,3,0,5,3,B_high_drift_low_JS
796,2024,4.93,4,0.40162271805273836,0.3329740093561381,1.208679698255727,1.780024213009634,-1.2733555704769028,-2.5890928751126805,0.8109872782354558,0.15098935707232974,2023,-1.6449445498891249,-2.3076151648133605,0.371588979412222,-0.28147771029932,0.4661631377704212,2023-2024,0.269883989442559,0.730116010557441,3,1,2,6,3,D_low_drift_low_JS
798,2021,7091.0,3,0.7321957410802425,0.591992733981181,0.6826813285855309,8.866722667194098,-1.8187848750580822,-0.4666995111960218,0.8221884761128052,0.14222676506674978,2018,-4.142808563509338,-0.6423648876649669,2.3240236884512564,0.1756653764689451,2.330653219372749,2018-2021,0.2465257912990606,0.7534742087009394,1,2,0,3,3,B_high_drift_low_JS
798,2022,4174.0,2,0.9123143267848587,0.8400062081441024,0.29715036083711954,8.336869637284956,-2.8759148109125436,0.12278720302763699,0.8376904997283527,0.12527962862764733,2021,-1.8187848750580822,-0.4666995111960218,-1.0571299358544615,0.5894867142236588,1.2103793981747473,2021-2022,0.5700295460462235,0.42997045395377653,1,1,2,4,3,B_high_drift_low_JS
798,2023,7627.1,5,0.7411729228671448,0.6008089430416622,0.692394821690561,8.939594076230604,-1.8609500100616867,-0.40573627177955973,0.8236356131357486,0.139597998005302,2022,-2.8759148109125436,0.12278720302763699,1.014964800850857,-0.5285234748071967,1.1443297647044288,2022-2023,0.5761407084395814,0.42385929156041857,1,4,1,6,3,B_high_drift_low_JS
798,2024,24193.3,5,0.5085622879061559,0.3753619906876929,1.0905957524599408,10.093872347211455,-0.7915572849746251,-0.956407052980225,0.8109872782354558,0.15098935707232974,2023,-1.8609500100616867,-0.40573627177955973,1.0693927250870616,-0.5506707812006653,1.2028462535741145,2023-2024,0.24847783346326402,0.751522166536736,2,3,3,8,3,B_high_drift_low_JS
800,2019,155654.23,24,0.7120416836728433,0.5638688778176671,0.8301509303502883,11.9553987763332,-1.0462007324698348,0.4269751531885803,0.8257894310170636,0.1389884275239703,2018,-0.918374580877568,0.5015242493186003,-0.12782615159226685,-0.07454909613001998,0.14797666290564923,2018-2019,0.5837283600529231,0.41627163994707694,18,2,2,22,1,D_low_drift_low_JS
800,2020,250454.68399999998,21,0.6682928477392741,0.5416681084693278,0.7707786799153775,12.431037273676964,-0.8453707130849158,0.31953942516280043,0.829907087217483,0.135658343738884,2019,-1.0462007324698348,0.4269751531885803,0.20083001938491896,-0.10743572802577989,0.22776113000812115,2019-2020,0.8486451172406366,0.15135488275936337,14,4,6,24,1,C_low_drift_high_JS
800,2021,342109.073,23,0.560119140716271,0.45964750291640516,0.9576171719816238,12.742887815139053,-0.3830534902703295,0.07779699434949366,0.8221884761128052,0.14222676506674978,2020,-0.8453707130849158,0.31953942516280043,0.46231722281458637,-0.24174243081330676,0.521705489109055,2020-2021,0.8005346644483324,0.19946533555166757,15,5,4,24,1,A_high_drift_high_JS
800,2022,325990.329,16,0.7326225005895803,0.5999500759103218,0.650934023140824,12.694626061835597,-1.2416555960748137,0.46114737066701617,0.8376904997283527,0.12527962862764733,2021,-0.3830534902703295,0.07779699434949366,-0.8586021058044842,0.3833503763175225,0.9402952127468696,2021-2022,0.7699114888508176,0.23008851114918238,10,1,5,16,1,A_high_drift_high_JS
800,2023,197380.78,20,0.5728910383270347,0.5051954804889958,0.7264935333654312,12.192895101822938,-0.7664227632727678,0.03398117746062574,0.8236356131357486,0.139597998005302,2022,-1.2416555960748137,0.46114737066701617,0.47523283280204587,-0.42716619320639043,0.6389970281554497,2022-2023,0.8273644379782397,0.17263556202176034,10,2,0,12,1,A_high_drift_high_JS
800,2024,268980.257,21,0.44594351027034673,0.3508718015254555,1.1266447817948768,12.502396979576524,-0.07106675767574802,-0.3639710201932631,0.8109872782354558,0.15098935707232974,2023,-0.7664227632727678,0.03398117746062574,0.6953560055970198,-0.39795219765388884,0.8011778367737106,2023-2024,0.6242175384857854,0.37578246151421457,10,2,2,14,1,B_high_drift_low_JS
804,2019,2032547.3159999999,48,0.5556763087920163,0.3411329227185977,1.7042984708241338,14.524800891831276,0.890351181124515,0.6642983867345963,0.8257894310170636,0.1389884275239703,2018,1.5471046510604516,0.010150734280683018,-0.6567534699359366,0.6541476524539133,0.9269489044623004,2018-2019,0.7755217709035547,0.22447822909644533,34,0,0,34,1,A_high_drift_high_JS
804,2020,2513881.9889999996,52,0.4910639148542784,0.2854231987032916,1.8773356017535185,14.737339123294163,1.3808836637132773,0.4917485851119081,0.829907087217483,0.135658343738884,2019,0.890351181124515,0.6642983867345963,0.49053248258876236,-0.17254980162268818,0.5199957216311721,2019-2020,0.7524785239504442,0.24752147604955577,29,1,1,31,1,A_high_drift_high_JS
804,2021,3181104.403,56,0.5284102509854028,0.32539148534549206,1.6753335145901467,14.97273930535994,1.1706534303007183,0.7346855217622897,0.8221884761128052,0.14222676506674978,2020,1.3808836637132773,0.4917485851119081,-0.21023023341255898,0.24293693665038163,0.3212710790434934,2020-2021,0.8495342314553619,0.1504657685446381,32,1,0,33,1,C_low_drift_high_JS
804,2022,1585955.288,46,0.5590691923718344,0.3652563416501761,1.5207412918212422,14.276698119636963,0.7224203713213839,0.5219481776778813,0.8376904997283527,0.12527962862764733,2021,1.1706534303007183,0.7346855217622897,-0.4482330589793344,-0.21273734408440848,0.4961552707873408,2021-2022,0.8418155292388743,0.15818447076112574,30,0,0,30,1,A_high_drift_high_JS
804,2023,2835937.136,56,0.5894265503211069,0.41223805215210974,1.325780621703045,14.857883352573946,0.7006552662497267,0.9840841908788174,0.8236356131357486,0.139597998005302,2022,0.7224203713213839,0.5219481776778813,-0.021765105071657187,0.4621360132009361,0.46264826217768945,2022-2023,0.8706115921189793,0.12938840788102068,32,3,0,35,1,C_low_drift_high_JS
804,2024,2721315.977,55,0.4930100404874814,0.32375999470672245,1.513406766138281,14.816626503814136,1.0215079443336004,0.6757043181498831,0.8109872782354558,0.15098935707232974,2023,0.7006552662497267,0.9840841908788174,0.32085267808387363,-0.3083798727289343,0.445022007251223,2023-2024,0.8515568115867234,0.14844318841327664,35,0,1,36,1,C_low_drift_high_JS
807,2019,3001.5400000000004,17,0.36527915669956085,0.19568496269535965,2.0045914615950506,8.007213876096872,0.29147894646229866,-1.754924549133363,0.8257894310170636,0.1389884275239703,2018,0.022000666089046585,-1.5388492744587912,0.26947828037325205,-0.21607527467457177,0.34540855217932387,2018-2019,0.4485814108392078,0.5514185891607922,13,4,1,18,2,D_low_drift_low_JS
807,2020,11407.835,17,0.4821598489108582,0.3223400111720104,1.445319663774121,9.342143334225158,-0.16873059128784745,-1.0213175673895694,0.829907087217483,0.135658343738884,2019,0.29147894646229866,-1.754924549133363,-0.4602095377501461,0.7336069817437936,0.8660092507008467,2019-2020,0.33288286866028194,0.6671171313397181,15,2,2,19,2,B_high_drift_low_JS
807,2021,24775.058999999997,17,0.3633008502623546,0.2674635843843499,1.5661111617374595,10.11763310298698,0.2459438787532646,-1.1712679241919384,0.8221884761128052,0.14222676506674978,2020,-0.16873059128784745,-1.0213175673895694,0.414674470041112,-0.149950356802369,0.44095354132724107,2020-2021,0.820205247718249,0.179794752281751,13,2,4,19,2,C_low_drift_high_JS
807,2022,22158.024999999998,19,0.36672356854909227,0.2846333191450766,1.4530967570788231,10.006000141698324,0.18029238828666064,-1.1406921688607534,0.8376904997283527,0.12527962862764733,2021,0.2459438787532646,-1.1712679241919384,-0.06565149046660396,0.03057575533118495,0.07242233781478664,2021-2022,0.8181988629131205,0.1818011370868795,14,3,1,18,2,C_low_drift_high_JS
807,2023,45289.646,19,0.26198157963080565,0.22530538531507605,1.5911543828396837,10.72085580008289,0.6006091873807109,-1.317345820890188,0.8236356131357486,0.139597998005302,2022,0.18029238828666064,-1.1406921688607534,0.4203167990940503,-0.17665365202943462,0.45593061355430475,2022-2023,0.634406790721199,0.365593209278801,13,1,4,18,2,D_low_drift_low_JS
807,2024,52367.923,26,0.669752875247697,0.49453571880278774,1.0867777757796886,10.866068621852978,-0.7888816998995206,0.028544182853832742,0.8109872782354558,0.15098935707232974,2023,0.6006091873807109,-1.317345820890188,-1.3894908872802314,1.3458900037440207,1.9344520743644398,2023-2024,0.4841901857279435,0.5158098142720565,17,1,0,18,2,B_high_drift_low_JS
818,2019,2550822.7399999998,50,0.1843415430740593,0.12283492407234647,2.328705280338862,14.75192690026406,2.33870139443664,-0.2965116788265421,0.8257894310170636,0.1389884275239703,2018,2.2991096068174666,-0.5254672156031914,0.03959178761917359,0.22895553677664932,0.23235349678359773,2018-2019,0.7593777857204793,0.24062221427952069,29,4,0,33,1,C_low_drift_high_JS
818,2020,2020970.091,50,0.19619077578917024,0.12994235716130517,2.33745581705523,14.51908869197865,2.3465052093246688,-0.365301046736009,0.829907087217483,0.135658343738884,2019,2.33870139443664,-0.2965116788265421,0.007803814888028615,-0.06878936790946688,0.06923060496767748,2019-2020,0.7283934020685344,0.2716065979314656,31,0,1,32,1,C_low_drift_high_JS
818,2021,2173555.4129999997,46,0.22892693925535545,0.13719320308133426,2.385523603886336,14.591875283985594,2.1644328119130405,-0.41460540785527156,0.8221884761128052,0.14222676506674978,2020,2.3465052093246688,-0.365301046736009,-0.18207239741162828,-0.04930436111926256,0.1886300027158897,2020-2021,0.7704812952916604,0.22951870470833957,30,0,0,30,1,C_low_drift_high_JS
818,2022,2112137.303,38,0.22770165335222056,0.14787118055593101,2.198481359887867,14.563211406039281,1.9247501520330434,-0.5650458501524684,0.8376904997283527,0.12527962862764733,2021,2.1644328119130405,-0.41460540785527156,-0.23968265987999704,-0.15044044229719689,0.2829842824711764,2021-2022,0.6967562153936635,0.3032437846063365,30,0,2,32,1,D_low_drift_low_JS
818,2023,2156715.551,46,0.45140564853283244,0.24496713386910943,1.971634131040828,14.584097507835136,1.3847222538139434,0.13571501678628065,0.8236356131357486,0.139597998005302,2022,1.9247501520330434,-0.5650458501524684,-0.5400278982191,0.7007608669387491,0.8847010362194032,2022-2023,0.6848957524393493,0.3151042475606507,29,1,0,30,1,B_high_drift_low_JS
818,2024,2096080.088,44,0.43627149374456536,0.24012171598636753,1.927086406746031,14.555580010697646,1.2737244993075034,0.09253715454662105,0.8109872782354558,0.15098935707232974,2023,1.3847222538139434,0.13571501678628065,-0.11099775450644,-0.043177862239659595,0.11910008099518213,2023-2024,0.8353984820553388,0.16460151794466116,31,0,1,32,1,C_low_drift_high_JS
826,2019,16798782.288,67,0.31907350831190207,0.1459613239889299,2.4723891313691526,16.636817018417457,2.707218724164898,0.6387549985749545,0.8257894310170636,0.1389884275239703,2018,2.8047132460484887,0.5812958964590047,-0.09749452188359076,0.057459102115949845,0.11316682470265352,2018-2019,0.9111878895653956,0.08881211043460435,50,0,0,50,1,C_low_drift_high_JS
826,2020,17225288.702,67,0.36797420407032433,0.17106729208992966,2.390754111370292,16.66188919341632,2.5753741118269233,0.6685029684913196,0.829907087217483,0.135658343738884,2019,2.707218724164898,0.6387549985749545,-0.13184461233797462,0.02974796991636508,0.135158956479753,2019-2020,0.8625539049327382,0.1374460950672618,51,0,0,51,1,C_low_drift_high_JS
826,2021,18288722.884,66,0.3682500797194539,0.1735519516858782,2.3642591631934575,16.72179524669181,2.454197504196125,0.6161863026704457,0.8221884761128052,0.14222676506674978,2020,2.5753741118269233,0.6685029684913196,-0.1211766076307983,-0.05231666582087391,0.1319878924732168,2020-2021,0.8904173355214052,0.10958266447859477,54,0,0,54,1,C_low_drift_high_JS
826,2022,23931581.003,67,0.33111877560478115,0.19162469986178488,2.2041988914435575,16.990709567310777,2.502780426593471,0.6417344688880139,0.8376904997283527,0.12527962862764733,2021,2.454197504196125,0.6161863026704457,0.048582922397346184,0.02554816621756817,0.05489088399494995,2021-2022,0.7305150944180714,0.2694849055819286,52,0,0,52,1,C_low_drift_high_JS
826,2023,26490851.012000002,66,0.368524650098168,0.19441519860938522,2.210303166521157,17.092310024264425,2.404500379164749,0.7061773435000792,0.8236356131357486,0.139597998005302,2022,2.502780426593471,0.6417344688880139,-0.0982800474287222,0.06444287461206533,0.117523835075521,2022-2023,0.8775127059646969,0.12248729403530312,50,0,0,50,1,C_low_drift_high_JS
826,2024,32763463.472999997,67,0.38670394875807335,0.20699505631488907,2.131378198628649,17.30482456450175,2.2599459999595015,0.8552217163204466,0.8109872782354558,0.15098935707232974,2023,2.404500379164749,0.7061773435000792,-0.1445543792052475,0.14904437282036742,0.20762994393109865,2023-2024,0.9159410207605372,0.08405897923946282,49,0,0,49,1,C_low_drift_high_JS
834,2019,439681.04099999997,28,0.5319310549940224,0.32514663135917155,1.6014998221301147,12.993807110577665,0.3126906402104994,-0.09940202000366209,0.8257894310170636,0.1389884275239703,2018,0.5235386352218846,-0.3454341361616706,-0.21084799501138518,0.24603211615800852,0.32401956604734367,2018-2019,0.5580784779397827,0.4419215220602173,19,6,5,30,2,D_low_drift_low_JS
834,2020,656598.828,33,0.3503809178288695,0.23222516420508887,1.704263132471611,13.394830022094066,1.0860767802105924,-0.3896524402394523,0.829907087217483,0.135658343738884,2019,0.3126906402104994,-0.09940202000366209,0.773386140000093,-0.2902504202357902,0.8260577631081837,2019-2020,0.7076577696805171,0.2923422303194829,22,4,2,28,2,B_high_drift_low_JS
834,2021,1894976.13,31,0.8458365119353773,0.7225006851830625,0.6730508939369937,14.454717327824255,-1.1381238233353412,1.3691790633012169,0.8221884761128052,0.14222676506674978,2020,1.0860767802105924,-0.3896524402394523,-2.224200603545934,1.7588315035406692,2.835587519838037,2020-2021,0.3928950846279442,0.6071049153720558,22,0,3,25,2,B_high_drift_low_JS
834,2022,2000280.185,31,0.7986176196611176,0.6490984811351868,0.8283365008181505,14.50879832114202,-0.8497510433454815,1.1944124670551475,0.8376904997283527,0.12527962862764733,2021,-1.1381238233353412,1.3691790633012169,0.2883727799898598,-0.17476659624606938,0.3371976029014985,2021-2022,0.8572362028381384,0.1427637971618616,18,3,1,22,2,C_low_drift_high_JS
834,2023,1076501.009,43,0.5548578171374478,0.36811578729162514,1.3827468108624963,13.889227462017976,0.5143209358249111,0.42738404172493233,0.8236356131357486,0.139597998005302,2022,-0.8497510433454815,1.1944124670551475,1.3640719791703926,-0.7670284253302151,1.564936091226214,2022-2023,0.701250876747979,0.29874912325202096,24,8,1,33,2,B_high_drift_low_JS
834,2024,314509.01399999997,22,0.5852455472071144,0.39361836896704355,1.3011531780825167,12.658771195633205,-0.24709977212255899,-0.08562419611922577,0.8109872782354558,0.15098935707232974,2023,0.5143209358249111,0.42738404172493233,-0.7614207079474701,-0.513008237844158,0.9181170658402962,2023-2024,0.3381053238621229,0.6618946761378771,21,0,12,33,2,B_high_drift_low_JS
842,2019,297424276.222,67,0.1736075546888416,0.08567452931424427,2.835484341071318,19.510670220205395,3.5855097092901262,0.7296158339717546,0.8257894310170636,0.1389884275239703,2018,3.656549259336046,0.6759555564387519,-0.07103955004591977,0.05366027753300262,0.08902832726523399,2018-2019,0.9126485675333493,0.08735143246665067,56,0,0,56,1,C_low_drift_high_JS
842,2020,376578306.983,67,0.1571512131517219,0.08552427619290809,2.8321013995677617,19.746636572908116,3.643399853369936,0.6312014031679795,0.829907087217483,0.135658343738884,2019,3.5855097092901262,0.7296158339717546,0.05789014407980986,-0.0984144308037751,0.11417823335475191,2019-2020,0.8601141219360392,0.1398858780639608,56,0,0,56,1,C_low_drift_high_JS
842,2021,405132234.85899997,67,0.1677065318726036,0.08737014005621246,2.8105333096963214,19.819724080072408,3.5123183990364204,0.6076805043207306,0.8221884761128052,0.14222676506674978,2020,3.643399853369936,0.6312014031679795,-0.1310814543335157,-0.02352089884724884,0.13317499897793156,2020-2021,0.9170337106453739,0.08296628935462613,57,0,0,57,1,C_low_drift_high_JS
842,2022,423870925.95500004,66,0.1896812923624199,0.09170421525132633,2.785919021901317,19.86493954929284,3.523136868187877,0.6207194905352713,0.8376904997283527,0.12527962862764733,2021,3.5123183990364204,0.6076805043207306,0.010818469151456789,0.013038986214540693,0.016942680906043305,2021-2022,0.9197376490056982,0.08026235099430179,54,0,1,55,1,C_low_drift_high_JS
842,2023,481068554.462,67,0.21709551643174305,0.09949833608631914,2.7166598042278363,19.99152034486206,3.441053632078725,0.7199778152600769,0.8236356131357486,0.139597998005302,2022,3.523136868187877,0.6207194905352713,-0.08208323610915214,0.09925832472480556,0.12880167963705194,2022-2023,0.9018673272042356,0.09813267279576443,53,1,0,54,1,C_low_drift_high_JS
842,2024,543501081.259,67,0.17938459625536493,0.09151915528436465,2.728209348811715,20.113542255800464,3.4566894190541353,0.6784411320587841,0.8109872782354558,0.15098935707232974,2023,3.441053632078725,0.7199778152600769,0.015635786975410237,-0.04153668320129278,0.044382134758312,2023-2024,0.9271098201026204,0.07289017989737956,51,0,0,51,1,C_low_drift_high_JS
854,2019,36537.67,7,0.9488837137124508,0.9019442740950514,0.23773167299392375,10.506126430802125,-2.8783794693491176,0.7642816137592553,0.8257894310170636,0.1389884275239703,2018,-2.799605286944094,0.907093177866493,-0.07877418240502365,-0.14281156410723772,0.16309664207559763,2018-2019,0.9481833773474084,0.05181662265259157,4,3,1,8,3,C_low_drift_high_JS
854,2020,32011.239999999998,6,0.9913330442682008,0.9827732199766286,0.05894348421808072,10.373873608647386,-3.0355650478379554,0.9068359064667649,0.829907087217483,0.135658343738884,2019,-2.8783794693491176,0.7642816137592553,-0.15718557848883785,0.14255429270750963,0.2122004534731463,2019-2020,0.8527953146275693,0.1472046853724307,5,0,2,7,3,C_low_drift_high_JS
854,2021,42558.172,9,0.9938631762661235,0.9877745760457579,0.045966738757596076,10.658650668939059,-2.9789007572651975,1.017113506779376,0.8221884761128052,0.14222676506674978,2020,-3.0355650478379554,0.9068359064667649,0.0566642905727579,0.11027760031261102,0.12398383344945392,2020-2021,0.9337974758114096,0.0662025241885904,4,2,2,8,3,C_low_drift_high_JS
854,2022,99919.24,6,0.4723814952956007,0.3627710312339396,1.0652903444041049,11.512127546718112,-0.4728815052934062,-0.7671010198314744,0.8376904997283527,0.12527962862764733,2021,-2.9789007572651975,1.017113506779376,2.506019251971791,-1.7842145266108504,3.076288992962533,2021-2022,0.4229433615574034,0.5770566384425966,3,2,3,8,3,B_high_drift_low_JS
854,2023,62513.981,15,0.6173019120314862,0.5155117754218864,0.7581616683915167,11.043161503001997,-1.055561139294346,-0.18116444111111327,0.8236356131357486,0.139597998005302,2022,-0.4728815052934062,-0.7671010198314744,-0.5826796340009398,0.5859365787203611,0.8263396578659354,2022-2023,0.6413301840956719,0.3586698159043281,5,3,0,8,3,B_high_drift_low_JS
854,2024,73526.87,12,0.6707751873566766,0.5557492293968214,0.6597040776328187,11.205419797002437,-1.3994152177436174,-0.021639919574378698,0.8109872782354558,0.15098935707232974,2023,-1.055561139294346,-0.18116444111111327,-0.3438540784492714,0.15952452153673458,0.3790563285815471,2023-2024,0.9045369040067844,0.09546309599321556,7,1,2,10,3,C_low_drift_high_JS
858,2019,2226791.5,29,0.8671071988553934,0.7545770609003956,0.6989994543903479,14.616072767224026,-1.3180570399408147,1.5415878052937706,0.8257894310170636,0.1389884275239703,2018,-1.713935131475613,1.7643574205419494,0.39587809153479836,-0.22276961524817884,0.454252974492249,2018-2019,0.8112899252498916,0.18871007475010837,21,2,0,23,1,C_low_drift_high_JS
858,2020,1444736.798,26,0.9020468619641264,0.8150739355383153,0.5417034968972131,14.1834384083925,-1.5426811694095053,1.4964924545202163,0.829907087217483,0.135658343738884,2019,-1.3180570399408147,1.5415878052937706,-0.2246241294686906,-0.04509535077355431,0.22910606757778584,2019-2020,0.8356465319927628,0.16435346800723716,18,1,5,24,1,C_low_drift_high_JS
858,2021,2439508.6539999996,27,0.897689972285706,0.8083856537860697,0.5119002342242533,14.707307615598511,-1.5133190210146596,1.5553740723983371,0.8221884761128052,0.14222676506674978,2020,-1.5426811694095053,1.4964924545202163,0.029362148394845633,0.05888161787812085,0.06579650965139394,2020-2021,0.799817921367552,0.20018207863244797,16,1,2,19,1,C_low_drift_high_JS
858,2022,2380298.997,34,0.8878368690922906,0.7908681593598714,0.5854339496701252,14.682737086863794,-1.3038727958490823,1.6709320015559967,0.8376904997283527,0.12527962862764733,2021,-1.5133190210146596,1.5553740723983371,0.20944622516557732,0.11555792915765961,0.23920985813155024,2021-2022,0.8565418593802336,0.14345814061976636,17,3,0,20,1,C_low_drift_high_JS
858,2023,2274889.497,41,0.9231994278269773,0.853322356472487,0.43790429548955395,14.637442476021935,-1.4719112990700007,1.9786907038154644,0.8236356131357486,0.139597998005302,2022,-1.3038727958490823,1.6709320015559967,-0.1680385032209184,0.30775870225946766,0.35064562934843246,2022-2023,0.8711476514437988,0.1288523485562012,24,2,0,26,1,C_low_drift_high_JS
858,2024,2908375.369,47,0.8296101203847048,0.6945671946995166,0.7839023233891428,14.883105534639073,-0.7915112491620939,1.7235355488298392,0.8109872782354558,0.15098935707232974,2023,-1.4719112990700007,1.9786907038154644,0.6804000499079068,-0.25515515498562524,0.7266693753216936,2023-2024,0.8110317854534299,0.1889682145465701,27,0,3,30,1,A_high_drift_high_JS
860,2019,11024813.689,45,0.42774792055717253,0.24844741678392662,1.872342619864776,16.215659170901954,1.4848382268943936,0.5130241078239036,0.8257894310170636,0.1389884275239703,2018,0.8916025143264252,0.8679282153821061,0.5932357125679684,-0.35490410755820245,0.6912926559914472,2018-2019,0.7816936397055838,0.2183063602944162,33,0,2,35,1,A_high_drift_high_JS
860,2020,6541234.945,43,0.2852192895817167,0.14629425130952822,2.299981860121267,15.693636687994356,2.118222858303116,-0.15047485729484084,0.829907087217483,0.135658343738884,2019,1.4848382268943936,0.5130241078239036,0.6333846314087224,-0.6634989651187444,0.9172823818314664,2019-2020,0.7005087269692395,0.2994912730307605,35,0,1,36,1,B_high_drift_low_JS
860,2021,6257784.831,44,0.26188045598527226,0.13644819495074662,2.3578951664124754,15.649336979391077,2.1532152948393826,-0.23028421697593582,0.8221884761128052,0.14222676506674978,2020,2.118222858303116,-0.15047485729484084,0.0349924365362666,-0.07980935968109498,0.08714358557834899,2020-2021,0.8401606751770546,0.15983932482294538,33,2,1,36,1,C_low_drift_high_JS
860,2022,6645409.258,50,0.3258051945248607,0.1551326546847699,2.3279997351764736,15.709436987576584,2.174161131331322,0.002265068904964249,0.8376904997283527,0.12527962862764733,2021,2.1532152948393826,-0.23028421697593582,0.020945836491939485,0.23254928588090007,0.23349068167715742,2021-2022,0.8563558686297429,0.1436441313702571,35,3,0,38,1,C_low_drift_high_JS
860,2023,19262021.629,48,0.6039852526426628,0.3829456202770702,1.619471985501965,16.77364597590238,0.9317264965289404,1.0601455192752671,0.8236356131357486,0.139597998005302,2022,2.174161131331322,0.002265068904964249,-1.2424346348023816,1.057880450370303,1.6317949837624217,2022-2023,0.3565744743042858,0.6434255256957142,37,1,2,40,1,B_high_drift_low_JS
860,2024,17038810.333,57,0.5875770346835751,0.36536940813590946,1.6566268150390937,16.651004319479227,1.0879188934494364,1.1845490455720071,0.8109872782354558,0.15098935707232974,2023,0.9317264965289404,1.0601455192752671,0.15619239692049602,0.12440352629674001,0.199680500326981,2023-2024,0.8570039853992644,0.14299601460073563,33,0,1,34,1,C_low_drift_high_JS
862,2019,97722.84,22,0.46729669338304125,0.29070864951133835,1.6260242367924467,11.489900820547216,0.21032395097226791,-0.6550233346109735,0.8257894310170636,0.1389884275239703,2018,0.6963997952146361,-1.0702451242291557,-0.4860758442423682,0.41522178961818224,0.639279955050725,2018-2019,0.1361939416806066,0.8638060583193934,12,7,5,24,1,B_high_drift_low_JS
862,2020,152659.559,19,0.6550523311809121,0.48453661745384496,1.0538912463641714,11.935972167077711,-0.6560875603288837,0.03048297828396859,0.829907087217483,0.135658343738884,2019,0.21032395097226791,-0.6550233346109735,-0.8664115113011517,0.6855063128949421,1.1048021596349114,2019-2020,0.32252798076133904,0.677472019238661,15,0,3,18,1,B_high_drift_low_JS
862,2021,135742.461,18,0.6630202468481841,0.48500232496973594,1.1200265970537948,11.8185220672069,-0.6957002053676508,-0.02661631218529407,0.8221884761128052,0.14222676506674978,2020,-0.6560875603288837,0.03048297828396859,-0.03961264503876705,-0.05709929046926266,0.06949453661303588,2020-2021,0.1744368211115659,0.8255631788884341,14,3,1,18,1,D_low_drift_low_JS
862,2022,96176.606,15,0.7763924420456259,0.6186472060628104,0.8491603361906257,11.473951823692177,-1.3742096871468088,0.2767345464700176,0.8376904997283527,0.12527962862764733,2021,-0.6957002053676508,-0.02661631218529407,-0.678509481779158,0.3033508586553117,0.7432340548650449,2021-2022,0.2908646509555033,0.7091353490444967,12,2,5,19,1,B_high_drift_low_JS
862,2023,135054.472,24,0.7234118097177855,0.540500654902001,1.0967308126903363,11.813440876726462,-0.822987063162399,0.262887700916761,0.8236356131357486,0.139597998005302,2022,-1.3742096871468088,0.2767345464700176,0.5512226239844098,-0.013846845553256604,0.5513965146099798,2022-2023,0.11854082212307149,0.8814591778769285,12,6,2,20,1,B_high_drift_low_JS
862,2024,111042.373,24,0.5183606802062848,0.3238396454613358,1.5059354615748817,11.617676151720199,0.05344141755515381,-0.46317442526604297,0.8109872782354558,0.15098935707232974,2023,-0.822987063162399,0.262887700916761,0.8764284807175529,-0.726062126182804,1.1381094380111132,2023-2024,0.1346147999013949,0.8653852000986051,14,1,4,19,1,B_high_drift_low_JS
876,2022,300.0,1,1.0,1.0,-1.000088900581841e-12,5.707110264748875,-3.749765125868235,0.07065544812508416,0.8376904997283527,0.12527962862764733,2019,-4.1940670178538415,-0.3883032318367077,0.44430189198560655,0.45895867996179185,0.6387857552687443,2019-2022,0.0,1.0,0,1,1,2,0,B_high_drift_low_JS
882,2019,636041.848,16,0.4926779912129304,0.4206269591616245,1.0423247242015248,13.363021211122113,-0.31710453021594176,-0.11641649386739147,0.8257894310170636,0.1389884275239703,2018,-0.41350021779962953,0.12168938409729743,0.09639568758368777,-0.2381058779646889,0.25687844928305537,2018-2019,0.7431854738711798,0.25681452612882016,9,2,5,16,1,C_low_drift_high_JS
882,2020,752549.07,13,0.5814806999894373,0.4655684965216137,0.953629883169078,13.53122281159758,-0.5203989248206721,0.05019852893086171,0.829907087217483,0.135658343738884,2019,-0.31710453021594176,-0.11641649386739147,-0.2032943946047303,0.1666150227982532,0.2628482008684218,2019-2020,0.7513310397158441,0.24866896028415586,11,1,0,12,1,C_low_drift_high_JS
882,2021,557776.855,13,0.60033749517986,0.4813389591123666,0.8788333820228065,13.231716052777898,-0.6857499836570006,0.054292345190998216,0.8221884761128052,0.14222676506674978,2020,-0.5203989248206721,0.05019852893086171,-0.1653510588363285,0.004093816260136503,0.1654017291018045,2020-2021,0.7508289383570983,0.2491710616429017,10,2,2,14,1,C_low_drift_high_JS
882,2022,385823.366,12,0.6959956385845227,0.5323391733017391,0.8951366696026782,12.863137534535646,-0.9866252727167503,0.205631588257197,0.8376904997283527,0.12527962862764733,2021,-0.6857499836570006,0.054292345190998216,-0.3008752890597497,0.15133924306619878,0.33679297210398845,2021-2022,0.856414321712871,0.14358567828712898,10,1,2,13,1,C_low_drift_high_JS
882,2023,560863.61,15,0.6960428757358674,0.5297853628752066,0.9353202727150283,13.237234818480003,-0.8932155609395291,0.29586030713255246,0.8236356131357486,0.139597998005302,2022,-0.9866252727167503,0.205631588257197,0.09340971177722113,0.09022871887535547,0.12987145939039668,2022-2023,0.876122050659582,0.12387794934041796,11,2,1,14,1,C_low_drift_high_JS
882,2024,687362.963,21,0.46567824749091113,0.39197832428865687,1.186545372987049,13.440619216943617,-0.04728544081495584,-0.14165501331676547,0.8109872782354558,0.15098935707232974,2023,-0.8932155609395291,0.29586030713255246,0.8459301201245732,-0.43751532044931796,0.9523746236444166,2023-2024,0.7443187513646344,0.25568124863536557,12,4,2,18,1,A_high_drift_high_JS
887,2019,198139.14,16,0.5361574699476337,0.32958995775588074,1.5383478206834984,12.196729837097884,-0.07726838414551677,-0.4874020126131663,0.8257894310170636,0.1389884275239703,2018,-0.8638478225986326,-0.00636798615734695,0.7865794384531158,-0.48103402645581933,0.9220091906296363,2018-2019,0.27901645160038746,0.7209835483996125,9,5,2,16,3,B_high_drift_low_JS
887,2020,678230.4299999999,13,0.7161179718816215,0.5668486210078649,0.8001256131543016,13.427243850861434,-1.015275699115489,0.41341396547038706,0.829907087217483,0.135658343738884,2019,-0.07726838414551677,-0.4874020126131663,-0.9380073149699723,0.9008159780835534,1.3005103418688395,2019-2020,0.23848769215636734,0.7615123078436327,11,1,2,14,3,B_high_drift_low_JS
887,2021,888443.57,19,0.7477852532603732,0.5990483189411079,0.7933977427810288,13.697227538586858,-1.013901054217111,0.6546369628675087,0.8221884761128052,0.14222676506674978,2020,-1.015275699115489,0.41341396547038706,0.001374644898378019,0.24122299739712166,0.24122691417387157,2020-2021,0.8139600488624015,0.18603995113759852,10,6,0,16,3,C_low_drift_high_JS
887,2022,227988.674,19,0.4593802321952186,0.31586675723032864,1.424290772023639,12.337055617437294,0.18279839091665812,-0.5407613856222567,0.8376904997283527,0.12527962862764733,2021,-1.013901054217111,0.6546369628675087,1.1966994451337691,-1.1953983484897654,1.6914688213371034,2021-2022,0.508916178878946,0.491083821121054,12,3,4,19,3,B_high_drift_low_JS
887,2023,144607.441,16,0.3832479132246037,0.22031828029425046,1.8093874889768204,11.881784961830167,0.5828774760145222,-1.0390476903728794,0.8236356131357486,0.139597998005302,2022,0.18279839091665812,-0.5407613856222567,0.4000790850978641,-0.49828630475062263,0.6390246598017751,2022-2023,0.45991290561206233,0.5400870943879377,14,2,3,19,3,B_high_drift_low_JS
887,2024,230744.363,22,0.527063753232403,0.3124898372298718,1.6977260551250806,12.349070056821907,0.20556186166296928,-0.4372656763016872,0.8109872782354558,0.15098935707232974,2023,0.5828774760145222,-1.0390476903728794,-0.3773156143515529,0.6017820140711921,0.7102877341564264,2023-2024,0.5126020559778441,0.48739794402215586,15,6,1,22,3,B_high_drift_low_JS
894,2019,67613.68000000001,23,0.7462247284868978,0.5765603035543497,1.0184633953466056,11.121580398218601,-1.1260763205748479,0.2879835749289842,0.8257894310170636,0.1389884275239703,2018,-1.4641893902297234,0.6621676257922298,0.33811306965487553,-0.3741840508632456,0.5043155280098668,2018-2019,0.7135728274350321,0.28642717256496786,15,5,3,23,3,B_high_drift_low_JS
894,2020,56596.845,24,0.46999086256486555,0.2693367603143101,1.7108608655098974,10.943726189261486,0.3949274101236757,-0.7563927723241736,0.829907087217483,0.135658343738884,2019,-1.1260763205748479,0.2879835749289842,1.5210037306985236,-1.0443763472531578,1.8450404612096385,2019-2020,0.5405993443752375,0.4594006556247625,16,4,5,25,3,B_high_drift_low_JS
894,2021,155153.498,21,0.7444827315462782,0.573003766380378,0.9705020725438245,11.952176660755029,-0.9906748246071387,0.33345730939923396,0.8221884761128052,0.14222676506674978,2020,0.3949274101236757,-0.7563927723241736,-1.3856022347308143,1.0898500817234076,1.7628575533841482,2020-2021,0.17590599622946834,0.8240940037705317,13,5,5,23,3,B_high_drift_low_JS
894,2022,52548.496999999996,27,0.47103821066471224,0.3266117697800363,1.4461076742914365,10.86951080442294,0.1725080635834422,-0.6115367317144232,0.8376904997283527,0.12527962862764733,2021,-0.9906748246071387,0.33345730939923396,1.163182888190581,-0.9449940411136573,1.4986687990078738,2021-2022,0.1848106226392333,0.8151893773607667,16,7,2,25,3,B_high_drift_low_JS
894,2023,67329.78,23,0.8591740534426223,0.7444199280782436,0.6185420170094871,11.117372766204141,-1.776532193087289,0.7290416028604905,0.8236356131357486,0.139597998005302,2022,0.1725080635834422,-0.6115367317144232,-1.9490402566707312,1.3405783345749138,2.365567203284396,2022-2023,0.5226134494011276,0.47738655059887236,16,1,8,25,3,B_high_drift_low_JS
894,2024,66739.821,20,0.5765073897935687,0.38474746450716246,1.3458936328589621,11.108572053698087,-0.37706417602795295,-0.41801425124483915,0.8109872782354558,0.15098935707232974,2023,-1.776532193087289,0.7290416028604905,1.399468017059336,-1.1470558541053295,1.8094882876684495,2023-2024,0.5907339814257215,0.40926601857427847,13,4,3,20,3,B_high_drift_low_JS
899,2019,42744.28,18,0.48305878587731504,0.29583346718225095,1.5308626517659276,10.66301405891262,-0.05498917107475541,-0.8351311353126851,0.8257894310170636,0.1389884275239703,2018,-0.3149441259618952,-1.2644732941499346,0.25995495488713977,0.42934215883724947,0.5019076288774706,2018-2019,0.25792329862876606,0.7420767013712339,7,10,2,19,2,B_high_drift_low_JS
899,2020,58694.22,24,0.7338371648860824,0.5534879789937963,1.0345260729249397,10.980113571495393,-0.9069416782967187,0.19747438133738363,0.829907087217483,0.135658343738884,2019,-0.05498917107475541,-0.8351311353126851,-0.8519525072219633,1.0326055166500687,1.3386923573315657,2019-2020,0.6682570516590027,0.33174294834099727,15,3,3,21,2,B_high_drift_low_JS
899,2021,151660.508,30,0.5712977039480839,0.3819616448883177,1.3815286534913174,11.929406395499702,0.02815429818885992,-0.09326439785064555,0.8221884761128052,0.14222676506674978,2020,-0.9069416782967187,0.19747438133738363,0.9350959764855786,-0.29073877918802915,0.9792515115961085,2020-2021,0.2961756298875532,0.7038243701124468,17,5,1,23,2,B_high_drift_low_JS
899,2022,49419.971,23,0.5051520568476254,0.36847982754763003,1.2762305244919707,10.808130127265407,-0.14272210338304073,-0.5491879794043923,0.8376904997283527,0.12527962862764733,2021,0.02815429818885992,-0.09326439785064555,-0.17087640157190065,-0.4559235815537468,0.4868932704720383,2021-2022,0.4368658418883502,0.5631341581116498,16,2,4,22,2,D_low_drift_low_JS
899,2023,87863.814,26,0.8417235336494725,0.7163307574820621,0.679774641017284,11.38355470774285,-1.576417201639446,0.7550603950375,0.8236356131357486,0.139597998005302,2022,-0.14272210338304073,-0.5491879794043923,-1.4336950982564052,1.3042483744418925,1.9381809660087888,2022-2023,0.5277309817881295,0.4722690182118705,14,4,2,20,2,B_high_drift_low_JS
899,2024,168887.57700000002,28,0.8080117106541235,0.6611992344930493,0.8169157121733915,12.036994468774008,-1.3250914782776655,0.7688487136386926,0.8109872782354558,0.15098935707232974,2023,-1.576417201639446,0.7550603950375,0.2513257233617805,0.013788318601192562,0.25170366893068963,2023-2024,0.7533165883184253,0.2466834116815747,16,2,1,19,2,C_low_drift_high_JS
